Label,ontology_id,id_label,mention_id,source_file
Striatal,UBERON:0002435,striatum,UBERON_Instance_30210,11319941.txt.knowtator.xml
striatal,UBERON:0002435,striatum,UBERON_Instance_30212,11319941.txt.knowtator.xml
granule cell layer of ... dentate gyrus,UBERON:0005381,dentate gyrus granule cell layer,UBERON_Instance_30000,11319941.txt.knowtator.xml
striatum,UBERON:0002435,striatum,UBERON_Instance_30196,11319941.txt.knowtator.xml
striata,UBERON:0002435,striatum,UBERON_Instance_30190,11319941.txt.knowtator.xml
Brain,UBERON:0000955,brain,UBERON_Instance_30002,11319941.txt.knowtator.xml
brain,UBERON:0000955,brain,UBERON_Instance_30004,11319941.txt.knowtator.xml
dentate cell layers of ... hippocampus,UBERON:0002304,layer of dentate gyrus,UBERON_Instance_30314,11319941.txt.knowtator.xml
spinal nucleus of ... bulbocavernosus,UBERON:0018545,nucleus of the bulbocavernosus,UBERON_Instance_30306,11319941.txt.knowtator.xml
CNS,UBERON:0001017,central nervous system,UBERON_Instance_30308,11319941.txt.knowtator.xml
dentate gyrus cell layers of ... hippocampus,UBERON:0002304,layer of dentate gyrus,UBERON_Instance_30322,11319941.txt.knowtator.xml
dorsal striatum,UBERON:0005382,dorsal striatum,UBERON_Instance_30290,11319941.txt.knowtator.xml
nervous system,UBERON:0001016,nervous system,UBERON_Instance_30302,11319941.txt.knowtator.xml
corpus callosum,UBERON:0002336,corpus callosum,UBERON_Instance_30348,11319941.txt.knowtator.xml
forebrain,UBERON:0001890,forebrain,UBERON_Instance_30350,11319941.txt.knowtator.xml
telencephalic,UBERON:0001893,telencephalon,UBERON_Instance_30356,11319941.txt.knowtator.xml
cerebellar,UBERON:0002037,cerebellum,UBERON_Instance_30400,11319941.txt.knowtator.xml
optic chiasm,UBERON:0000959,optic chiasma,UBERON_Instance_30364,11319941.txt.knowtator.xml
basal forebrain,UBERON:0002743,basal forebrain,UBERON_Instance_30366,11319941.txt.knowtator.xml
spleens,UBERON:0002106,spleen,UBERON_Instance_30428,11319941.txt.knowtator.xml
Brains,UBERON:0000955,brain,UBERON_Instance_30406,11319941.txt.knowtator.xml
brains,UBERON:0000955,brain,UBERON_Instance_30402,11319941.txt.knowtator.xml
anatomic,UBERON:0001062,anatomical entity,UBERON_Instance_30440,11319941.txt.knowtator.xml
nucleus,UBERON:0000125,neural nucleus,UBERON_Instance_50004,11319941.txt.knowtator.xml
pyramidal ... cell layers of ... hippocampus,UBERON:0002313,hippocampus pyramidal layer,UBERON_Instance_40002,11319941.txt.knowtator.xml
nucleus of ... solitary tract,UBERON:0009050,nucleus of solitary tract,UBERON_Instance_40006,11319941.txt.knowtator.xml
basal ganglia,UBERON:0010011,collection of basal ganglia,UBERON_Instance_40000,11319941.txt.knowtator.xml
neocortical,UBERON:0001950,neocortex,UBERON_Instance_60018,11319941.txt.knowtator.xml
cerebrum,UBERON:0001893,telencephalon,UBERON_Instance_30668,11319941.txt.knowtator.xml
cell layers,UBERON:0000119,cell layer,UBERON_Instance_60006,11319941.txt.knowtator.xml
cerebral,UBERON:0001893,telencephalon,UBERON_Instance_30670,11319941.txt.knowtator.xml
left ventricle,UBERON:0002084,heart left ventricle,UBERON_Instance_60030,11319941.txt.knowtator.xml
retinal ganglion,UBERON:0001792,ganglionic layer of retina,UBERON_Instance_30676,11319941.txt.knowtator.xml
head,UBERON:0000033,head,UBERON_Instance_60032,11319941.txt.knowtator.xml
iris epithelium,UBERON:0002506,iris epithelium,UBERON_Instance_30510,11532192.txt.knowtator.xml
corneal,UBERON:0000964,cornea,UBERON_Instance_30512,11532192.txt.knowtator.xml
aqueous humor drainage structures,UBERON:0003956,aqueous drainage system,UBERON_Instance_30502,11532192.txt.knowtator.xml
eyes,UBERON:0000970,eye,UBERON_Instance_30508,11532192.txt.knowtator.xml
blood,UBERON:0000178,blood,UBERON_Instance_30518,11532192.txt.knowtator.xml
cornea,UBERON:0000964,cornea,UBERON_Instance_30514,11532192.txt.knowtator.xml
C,UBERON:0000964,cornea,UBERON_Instance_30492,11532192.txt.knowtator.xml
Schlemm's canal,UBERON:0004029,canal of Schlemm,UBERON_Instance_30482,11532192.txt.knowtator.xml
trabecular meshwork,UBERON:0005969,eye trabecular meshwork,UBERON_Instance_30484,11532192.txt.knowtator.xml
Aqueous humor,UBERON:0001796,aqueous humor of eyeball,UBERON_Instance_30498,11532192.txt.knowtator.xml
TM,UBERON:0005969,eye trabecular meshwork,UBERON_Instance_30494,11532192.txt.knowtator.xml
iris,UBERON:0001769,iris,UBERON_Instance_30496,11532192.txt.knowtator.xml
hands,UBERON:0002398,manus,UBERON_Instance_60042,11532192.txt.knowtator.xml
peritoneal,UBERON:0001179,peritoneal cavity,UBERON_Instance_320285,11532192.txt.knowtator.xml
ocular,UBERON:0000970,eye,UBERON_Instance_60044,11532192.txt.knowtator.xml
ciliary processes,UBERON:0010427,ciliary processes,UBERON_Instance_30546,11532192.txt.knowtator.xml
aqueous humor,UBERON:0001796,aqueous humor of eyeball,UBERON_Instance_30686,11532192.txt.knowtator.xml
adult,UBERON:0007023,adult organism,UBERON_Instance_80685,11532192.txt.knowtator.xml
cardiovascular,UBERON:0004535,cardiovascular system,UBERON_Instance_30688,11532192.txt.knowtator.xml
optic,UBERON:0000970,eye,UBERON+extension_classes_Instance_20006,11532192.txt.knowtator.xml
Ocular,UBERON:0000970,eye,UBERON_Instance_60056,11532192.txt.knowtator.xml
retinal,UBERON:0000966,retina,UBERON_Instance_30554,11532192.txt.knowtator.xml
I,UBERON:0001769,iris,UBERON_Instance_60050,11532192.txt.knowtator.xml
arterial,UBERON:0001637,artery,UBERON_Instance_30530,11532192.txt.knowtator.xml
Blood,UBERON:0000178,blood,UBERON_Instance_30524,11532192.txt.knowtator.xml
SC,UBERON:0004029,canal of Schlemm,UBERON_Instance_30678,11532192.txt.knowtator.xml
tail,UBERON:0002415,tail,UBERON_Instance_60132,11532192.txt.knowtator.xml
pupil,UBERON:0001771,pupil,UBERON_Instance_30576,11532192.txt.knowtator.xml
peritoneally,UBERON:0001179,peritoneal cavity,UBERON_Instance_60096,11532192.txt.knowtator.xml
eye,UBERON:0000970,eye,UBERON_Instance_30560,11532192.txt.knowtator.xml
Eyes,UBERON:0000970,eye,UBERON_Instance_30572,11532192.txt.knowtator.xml
anterior chambers,UBERON:0001766,anterior chamber of eyeball,UBERON_Instance_30568,11532192.txt.knowtator.xml
iridocorneal angle,UBERON:0006206,iridocorneal angle,UBERON_Instance_30468,11532192.txt.knowtator.xml
anterior chamber,UBERON:0001766,anterior chamber of eyeball,UBERON_Instance_30460,11532192.txt.knowtator.xml
iridocorneal angles,UBERON:0006206,iridocorneal angle,UBERON_Instance_30476,11532192.txt.knowtator.xml
retinas,UBERON:0000966,retina,UBERON_Instance_30474,11532192.txt.knowtator.xml
retina,UBERON:0000966,retina,UBERON_Instance_30454,11532192.txt.knowtator.xml
breast,UBERON:0000310,breast,UBERON_Instance_30588,11597317.txt.knowtator.xml
embryonic,UBERON:0000922,embryo,UBERON_Instance_60142,11597317.txt.knowtator.xml
pancreatic,UBERON:0001264,pancreas,UBERON_Instance_30596,11597317.txt.knowtator.xml
Breast,UBERON:0000310,breast,UBERON_Instance_30592,11597317.txt.knowtator.xml
tissues,UBERON:0000479,tissue,UBERON_Instance_30652,11604102.txt.knowtator.xml
tissue,UBERON:0000479,tissue,UBERON_Instance_30654,11604102.txt.knowtator.xml
testis,UBERON:0000473,testis,UBERON_Instance_30650,11604102.txt.knowtator.xml
testicular,UBERON:0000473,testis,UBERON_Instance_30660,11604102.txt.knowtator.xml
testes,UBERON:0000473,testis,UBERON_Instance_30662,11604102.txt.knowtator.xml
heart,UBERON:0000948,heart,UBERON_Instance_30636,11604102.txt.knowtator.xml
liver,UBERON:0002107,liver,UBERON_Instance_30634,11604102.txt.knowtator.xml
Adult,UBERON:0007023,adult organism,UBERON_Instance_80695,11604102.txt.knowtator.xml
ovary,UBERON:0000992,female gonad,UBERON_Instance_30730,11604102.txt.knowtator.xml
mesoderm,UBERON:0000926,mesoderm,UBERON_Instance_30732,11604102.txt.knowtator.xml
Tissue,UBERON:0000479,tissue,UBERON_Instance_30720,11604102.txt.knowtator.xml
blastula stage,UBERON:0000108,blastula stage,UBERON_Instance_60170,11604102.txt.knowtator.xml
lung,UBERON:0002048,lung,UBERON_Instance_30604,11604102.txt.knowtator.xml
embryos,UBERON:0000922,embryo,UBERON_Instance_60166,11604102.txt.knowtator.xml
spleen,UBERON:0002106,spleen,UBERON_Instance_30612,11604102.txt.knowtator.xml
myelin,UBERON:0000345,myelin,UBERON_Instance_70030,11897010.txt.knowtator.xml
embryo,UBERON:0000922,embryo,UBERON_Instance_70036,11897010.txt.knowtator.xml
conjuctival,UBERON:0001811,conjunctiva,UBERON_Instance_71170,11897010.txt.knowtator.xml
skeletal,UBERON:0004288,skeleton,UBERON_Instance_70002,11897010.txt.knowtator.xml
kidney,UBERON:0002113,kidney,UBERON_Instance_70014,11897010.txt.knowtator.xml
ophthalmologic,UBERON:0000970,eye,UBERON_Instance_80002,11897010.txt.knowtator.xml
life,UBERON:0000104,life cycle,UBERON_Instance_80004,11897010.txt.knowtator.xml
neurologic,UBERON:0001016,nervous system,UBERON_Instance_70000,11897010.txt.knowtator.xml
fetal tissue,UBERON:0005291,embryonic tissue,UBERON_Instance_80006,11897010.txt.knowtator.xml
morulae,UBERON:0000085,morula,UBERON_Instance_71186,12079497.txt.knowtator.xml
morula,UBERON:0000085,morula,UBERON_Instance_71190,12079497.txt.knowtator.xml
organ,UBERON:0000062,organ,UBERON_Instance_71194,12079497.txt.knowtator.xml
Embryonic,UBERON:0000922,embryo,UBERON_Instance_70040,12079497.txt.knowtator.xml
liver lobe,UBERON:0001113,lobe of liver,UBERON_Instance_71192,12079497.txt.knowtator.xml
blastocyst,UBERON:0000358,blastocyst,UBERON_Instance_70062,12079497.txt.knowtator.xml
organs,UBERON:0000062,organ,UBERON_Instance_71196,12079497.txt.knowtator.xml
tails,UBERON:0002415,tail,UBERON_Instance_70070,12079497.txt.knowtator.xml
central nervous system,UBERON:0001017,central nervous system,UBERON_Instance_70050,12079497.txt.knowtator.xml
epiblast,UBERON:0002532,epiblast (generic),UBERON_Instance_70104,12079497.txt.knowtator.xml
parietal endoderm,UBERON:0008800,parietal endoderm,UBERON_Instance_70102,12079497.txt.knowtator.xml
visceral endoderm,UBERON:0004877,visceral endoderm,UBERON_Instance_70128,12079497.txt.knowtator.xml
endoderm,UBERON:0000925,endoderm,UBERON_Instance_70130,12079497.txt.knowtator.xml
ventral midline of ... embryo,UBERON:0009571,ventral midline,UBERON_Instance_70126,12079497.txt.knowtator.xml
placental,UBERON:0001987,placenta,UBERON_Instance_80016,12079497.txt.knowtator.xml
coat,UBERON:0010166,coat of hair,UBERON_Instance_80038,12079497.txt.knowtator.xml
trophoblast layer,UBERON:0000088,trophoblast,UBERON_Instance_70138,12079497.txt.knowtator.xml
placenta,UBERON:0001987,placenta,UBERON_Instance_70134,12079497.txt.knowtator.xml
trophoblast,UBERON:0000088,trophoblast,UBERON_Instance_70112,12079497.txt.knowtator.xml
extraembryonic membranes,UBERON:0005631,extraembryonic membrane,UBERON_Instance_70114,12079497.txt.knowtator.xml
extraembryonic ectoderm,UBERON:0004366,extraembryonic ectoderm,UBERON_Instance_70108,12079497.txt.knowtator.xml
yolk sac,UBERON:0001040,yolk sac,UBERON_Instance_70120,12079497.txt.knowtator.xml
vessel,UBERON:0000055,vessel,UBERON_Instance_70160,12079497.txt.knowtator.xml
pancreas,UBERON:0001264,pancreas,UBERON_Instance_70156,12079497.txt.knowtator.xml
adulthood,UBERON:0000113,post-juvenile adult stage,UBERON_Instance_80707,12079497.txt.knowtator.xml
ventricle,UBERON:0002082,cardiac ventricle,UBERON_Instance_70152,12079497.txt.knowtator.xml
ventricle of ... heart,UBERON:0002082,cardiac ventricle,UBERON_Instance_70150,12079497.txt.knowtator.xml
deciduum,UBERON:0002450,decidua,UBERON_Instance_71182,12079497.txt.knowtator.xml
epithelial,UBERON:0000483,epithelium,UBERON_Instance_80228,12546709.txt.knowtator.xml
capsular,UBERON:0003893,capsule,UBERON_Instance_80236,12546709.txt.knowtator.xml
epithelium,UBERON:0000483,epithelium,UBERON_Instance_70382,12546709.txt.knowtator.xml
capsule of ... lens,UBERON:0001804,capsule of lens,UBERON_Instance_70386,12546709.txt.knowtator.xml
posterior pole of ... lens,UBERON:0016459,posterior pole of lens,UBERON_Instance_70364,12546709.txt.knowtator.xml
nuclear,UBERON:0000390,lens nucleus,UBERON_Instance_80196,12546709.txt.knowtator.xml
capsule of ... lenses,UBERON:0001804,capsule of lens,UBERON_Instance_80190,12546709.txt.knowtator.xml
nucleus,UBERON:0000390,lens nucleus,UBERON_Instance_80192,12546709.txt.knowtator.xml
lens epithelial,UBERON:0001803,epithelium of lens,UBERON_Instance_70260,12546709.txt.knowtator.xml
thymus,UBERON:0002370,thymus,UBERON_Instance_70244,12546709.txt.knowtator.xml
lens epithelium,UBERON:0001803,epithelium of lens,UBERON_Instance_70254,12546709.txt.knowtator.xml
capsule,UBERON:0003893,capsule,UBERON_Instance_71246,12546709.txt.knowtator.xml
cortical,UBERON:0001851,cortex,UBERON_Instance_70438,12546709.txt.knowtator.xml
cortex,UBERON:0001851,cortex,UBERON_Instance_70410,12546709.txt.knowtator.xml
suture,UBERON:4200215,suture,UBERON_Instance_70420,12546709.txt.knowtator.xml
sutures,UBERON:4200215,suture,UBERON_Instance_70552,12546709.txt.knowtator.xml
lens,UBERON:0005614,lens anterior epithelium,UBERON_Instance_70570,12546709.txt.knowtator.xml
cuboidal epithelial,UBERON:0010077,cuboidal epithelium,UBERON_Instance_70566,12546709.txt.knowtator.xml
layer of ... cells,UBERON:0000119,cell layer,UBERON_Instance_250056,12546709.txt.knowtator.xml
posterior pole,UBERON:0016459,posterior pole of lens,UBERON_Instance_70612,12546709.txt.knowtator.xml
life spans,UBERON:0000104,life cycle,UBERON_Instance_80102,12546709.txt.knowtator.xml
Ophthalmic,UBERON:0000970,eye,UBERON_Instance_80108,12546709.txt.knowtator.xml
point,UBERON:0006983,anatomical point,UBERON_Instance_80128,12546709.txt.knowtator.xml
saccule,UBERON:0001854,saccule of membranous labyrinth,UBERON_Instance_71018,12585968.txt.knowtator.xml
sensory epithelium,UBERON:0006934,sensory epithelium,UBERON_Instance_71020,12585968.txt.knowtator.xml
cochlear apex,UBERON:0002819,apex of cochlea,UBERON_Instance_71128,12585968.txt.knowtator.xml
efferents,UBERON:0006798,efferent nerve,UBERON_Instance_80334,12585968.txt.knowtator.xml
horizontal canal,UBERON:0001843,lateral semicircular canal,UBERON_Instance_80338,12585968.txt.knowtator.xml
ear,UBERON:0001690,ear,UBERON_Instance_71076,12585968.txt.knowtator.xml
efferent,UBERON:0006798,efferent nerve,UBERON_Instance_80326,12585968.txt.knowtator.xml
canals,UBERON:0000025,tube,UBERON_Instance_80342,12585968.txt.knowtator.xml
sensory epithelia,UBERON:0006934,sensory epithelium,UBERON_Instance_80272,12585968.txt.knowtator.xml
ganglionic,UBERON:0000045,ganglion,UBERON_Instance_80298,12585968.txt.knowtator.xml
cochlear,UBERON:0001844,cochlea,UBERON_Instance_71130,12585968.txt.knowtator.xml
cochlear nerve,UBERON:0004727,cochlear nerve,UBERON_Instance_80406,12585968.txt.knowtator.xml
cochlear nuclei,UBERON:0001720,cochlear nucleus,UBERON_Instance_80408,12585968.txt.knowtator.xml
vestibular sensory epithelia,UBERON:0006932,vestibular epithelium,UBERON_Instance_80398,12585968.txt.knowtator.xml
tract,UBERON:0001018,axon tract,UBERON_Instance_80426,12585968.txt.knowtator.xml
root,UBERON:0002211,nerve root,UBERON_Instance_80418,12585968.txt.knowtator.xml
vestibular end organs,UBERON:0006585,vestibular organ,UBERON_Instance_80378,12585968.txt.knowtator.xml
Rosenthal's canal,UBERON:0006106,cochlear canal,UBERON_Instance_80380,12585968.txt.knowtator.xml
vestibular endorgans,UBERON:0006585,vestibular organ,UBERON_Instance_80376,12585968.txt.knowtator.xml
C,UBERON:0001982,capillary,UBERON_Instance_80392,12585968.txt.knowtator.xml
TM,UBERON:0002233,tectorial membrane of cochlea,UBERON_Instance_80394,12585968.txt.knowtator.xml
capillary,UBERON:0001982,capillary,UBERON_Instance_80382,12585968.txt.knowtator.xml
vestibular endorgan,UBERON:0006585,vestibular organ,UBERON_Instance_80486,12585968.txt.knowtator.xml
canal,UBERON:0000025,tube,UBERON_Instance_80488,12585968.txt.knowtator.xml
Ears,UBERON:0001690,ear,UBERON_Instance_71138,12585968.txt.knowtator.xml
apex of ... cochlea,UBERON:0002819,apex of cochlea,UBERON_Instance_71320,12585968.txt.knowtator.xml
facial,UBERON:0001456,face,UBERON_Instance_71330,12585968.txt.knowtator.xml
Canal,UBERON:0000025,tube,UBERON_Instance_80484,12585968.txt.knowtator.xml
organ of Corti,UBERON:0002227,spiral organ of cochlea,UBERON_Instance_80490,12585968.txt.knowtator.xml
nerve fibers,UBERON:0006134,nerve fiber,UBERON_Instance_71306,12585968.txt.knowtator.xml
nerve fiber,UBERON:0006134,nerve fiber,UBERON_Instance_71302,12585968.txt.knowtator.xml
Nerve fibers,UBERON:0006134,nerve fiber,UBERON_Instance_71304,12585968.txt.knowtator.xml
tracts,UBERON:0001018,axon tract,UBERON_Instance_80456,12585968.txt.knowtator.xml
cardially,UBERON:0000948,heart,UBERON_Instance_80554,12585968.txt.knowtator.xml
cochlea,UBERON:0001844,cochlea,UBERON_Instance_70698,12585968.txt.knowtator.xml
cochleae,UBERON:0001844,cochlea,UBERON_Instance_71086,12585968.txt.knowtator.xml
ears,UBERON:0001690,ear,UBERON_Instance_71142,12585968.txt.knowtator.xml
floor plate,UBERON:0003079,floor plate,UBERON_Instance_80562,12585968.txt.knowtator.xml
inner ear,UBERON:0001846,internal ear,UBERON_Instance_70692,12585968.txt.knowtator.xml
epithelia,UBERON:0000483,epithelium,UBERON_Instance_71084,12585968.txt.knowtator.xml
brainstem,UBERON:0002298,brainstem,UBERON_Instance_70674,12585968.txt.knowtator.xml
spiral ganglion,UBERON:0000395,cochlear ganglion,UBERON_Instance_70728,12585968.txt.knowtator.xml
adults,UBERON:0007023,adult organism,UBERON_Instance_80701,12585968.txt.knowtator.xml
vestibular epithelia,UBERON:0006932,vestibular epithelium,UBERON_Instance_70702,12585968.txt.knowtator.xml
Eye,UBERON:0000970,eye,UBERON_Instance_80574,12585968.txt.knowtator.xml
basal region of ... cochlea,UBERON:0014626,base of cochlear canal,UBERON_Instance_80668,12585968.txt.knowtator.xml
Efferent,UBERON:0006798,efferent nerve,UBERON_Instance_80640,12585968.txt.knowtator.xml
cristae,UBERON:0004721,crista ampullaris,UBERON_Instance_641498,12585968.txt.knowtator.xml
vestibular ganglia,UBERON:0002824,vestibular ganglion,UBERON_Instance_70768,12585968.txt.knowtator.xml
crista,UBERON:0004721,crista ampullaris,UBERON_Instance_641494,12585968.txt.knowtator.xml
Vestibular ganglia,UBERON:0002824,vestibular ganglion,UBERON_Instance_70766,12585968.txt.knowtator.xml
anterior crista,UBERON:2000468,anterior crista primordium,UBERON_Instance_70778,12585968.txt.knowtator.xml
AC,UBERON:2000468,anterior crista primordium,UBERON_Instance_70780,12585968.txt.knowtator.xml
vestibular ganglion,UBERON:0002824,vestibular ganglion,UBERON_Instance_70774,12585968.txt.knowtator.xml
vestibular sensory ganglion,UBERON:0002824,vestibular ganglion,UBERON_Instance_70776,12585968.txt.knowtator.xml
utricle,UBERON:0001853,utricle of membranous labyrinth,UBERON_Instance_70760,12585968.txt.knowtator.xml
semicircular canals,UBERON:0001840,semicircular canal,UBERON_Instance_70758,12585968.txt.knowtator.xml
tectorial membrane,UBERON:0002233,tectorial membrane of cochlea,UBERON_Instance_70806,12585968.txt.knowtator.xml
organs of Corti,UBERON:0002227,spiral organ of cochlea,UBERON_Instance_71154,12585968.txt.knowtator.xml
SG,UBERON:0000395,cochlear ganglion,UBERON_Instance_70804,12585968.txt.knowtator.xml
ventral cochlear nucleus,UBERON:0002828,ventral cochlear nucleus,UBERON_Instance_70814,12585968.txt.knowtator.xml
VCN,UBERON:0002828,ventral cochlear nucleus,UBERON_Instance_70816,12585968.txt.knowtator.xml
U,UBERON:0001853,utricle of membranous labyrinth,UBERON_Instance_70812,12585968.txt.knowtator.xml
c,UBERON:0001982,capillary,UBERON_Instance_70788,12585968.txt.knowtator.xml
ganglion,UBERON:0000045,ganglion,UBERON_Instance_70782,12585968.txt.knowtator.xml
ggl,UBERON:0000045,ganglion,UBERON_Instance_70784,12585968.txt.knowtator.xml
S,UBERON:0001854,saccule of membranous labyrinth,UBERON_Instance_70800,12585968.txt.knowtator.xml
Genic. ggl.,UBERON:0001700,geniculate ganglion,UBERON_Instance_70790,12585968.txt.knowtator.xml
geniculate ganglion,UBERON:0001700,geniculate ganglion,UBERON_Instance_70792,12585968.txt.knowtator.xml
sensory ganglia,UBERON:0001800,sensory ganglion,UBERON_Instance_71158,12585968.txt.knowtator.xml
VG,UBERON:0002824,vestibular ganglion,UBERON_Instance_70820,12585968.txt.knowtator.xml
tunnel of Corti,UBERON:0005972,tunnel of Corti,UBERON_Instance_71102,12585968.txt.knowtator.xml
lateral divisions,UBERON:2000532,lateral division,UBERON_Instance_70978,12585968.txt.knowtator.xml
medial ... divisions,UBERON:2000280,medial division,UBERON_Instance_70980,12585968.txt.knowtator.xml
cochlear nuclei,UBERON:0002610,cochlear nuclear complex,UBERON_Instance_71114,12585968.txt.knowtator.xml
adrenal,UBERON:0002369,adrenal gland,UBERON_Instance_90212,12925238.txt.knowtator.xml
haematological,UBERON:0000178,blood,UBERON_Instance_100006,12925238.txt.knowtator.xml
right cardiac ventricle,UBERON:0002080,heart right ventricle,UBERON_Instance_100010,12925238.txt.knowtator.xml
vein,UBERON:0001638,vein,UBERON_Instance_100016,12925238.txt.knowtator.xml
cervical,UBERON:0005434,cervical region,UBERON_Instance_100012,12925238.txt.knowtator.xml
plasma,UBERON:0001969,blood plasma,UBERON_Instance_100024,12925238.txt.knowtator.xml
respiratory,UBERON:0001004,respiratory system,UBERON_Instance_100037,14609438.txt.knowtator.xml
life cycles,UBERON:0000104,life cycle,UBERON_Instance_91418,14609438.txt.knowtator.xml
olfactory epithelia,UBERON:0001997,olfactory epithelium,UBERON_Instance_90950,14611657.txt.knowtator.xml
olfactory epithelium,UBERON:0001997,olfactory epithelium,UBERON_Instance_90952,14611657.txt.knowtator.xml
septum,UBERON:0003037,septum,UBERON_Instance_90946,14611657.txt.knowtator.xml
skull,UBERON:0003129,skull,UBERON_Instance_90942,14611657.txt.knowtator.xml
olfactory epithelial,UBERON:0001997,olfactory epithelium,UBERON_Instance_90852,14611657.txt.knowtator.xml
prostate,UBERON:0002367,prostate gland,UBERON_Instance_90884,14611657.txt.knowtator.xml
notochord,UBERON:0002328,notochord,UBERON_Instance_90886,14611657.txt.knowtator.xml
olfactory turbinates,UBERON:0001762,nasal concha,UBERON_Instance_100058,14611657.txt.knowtator.xml
glomerulus,UBERON:0001047,neural glomerulus,UBERON_Instance_100054,14611657.txt.knowtator.xml
olfactory bulb,UBERON:0002264,olfactory bulb,UBERON_Instance_100056,14611657.txt.knowtator.xml
Nervous System,UBERON:0001016,nervous system,UBERON_Instance_91474,14624252.txt.knowtator.xml
coronary arteries,UBERON:0001621,coronary artery,UBERON_Instance_91460,14624252.txt.knowtator.xml
mesenchymal,UBERON:0003104,mesenchyme,UBERON_Instance_91454,14624252.txt.knowtator.xml
mesangial,UBERON:0002319,mesangium,UBERON_Instance_91456,14624252.txt.knowtator.xml
Embryos,UBERON:0000922,embryo,UBERON_Instance_91462,14624252.txt.knowtator.xml
smooth muscle,UBERON:0001135,smooth muscle tissue,UBERON_Instance_90982,14624252.txt.knowtator.xml
blood vessels,UBERON:0001981,blood vessel,UBERON_Instance_90984,14624252.txt.knowtator.xml
endothelial,UBERON:0001986,endothelium,UBERON_Instance_91016,14624252.txt.knowtator.xml
limb,UBERON:0002101,limb,UBERON_Instance_90992,14624252.txt.knowtator.xml
perinatal,UBERON:0012101,perinatal stage,UBERON_Instance_90996,14624252.txt.knowtator.xml
arteries,UBERON:0001637,artery,UBERON_Instance_91056,14624252.txt.knowtator.xml
veins,UBERON:0001638,vein,UBERON_Instance_91058,14624252.txt.knowtator.xml
kidney glomeruli,UBERON:0000074,renal glomerulus,UBERON_Instance_91038,14624252.txt.knowtator.xml
spinal cord,UBERON:0002240,spinal cord,UBERON_Instance_91086,14624252.txt.knowtator.xml
vasculature,UBERON:0002049,vasculature,UBERON_Instance_91088,14624252.txt.knowtator.xml
kidney glomerulus,UBERON:0000074,renal glomerulus,UBERON_Instance_91070,14624252.txt.knowtator.xml
ventricles,UBERON:0002082,cardiac ventricle,UBERON_Instance_91190,14624252.txt.knowtator.xml
atria,UBERON:0002081,cardiac atrium,UBERON_Instance_91196,14624252.txt.knowtator.xml
hearts,UBERON:0000948,heart,UBERON+extension_classes_Instance_20036,14624252.txt.knowtator.xml
retinal vasculature,UBERON:0004864,vasculature of retina,UBERON_Instance_91164,14624252.txt.knowtator.xml
vascular smooth muscle,UBERON:0004237,blood vessel smooth muscle,UBERON_Instance_100062,14624252.txt.knowtator.xml
adrenal gland,UBERON:0002369,adrenal gland,UBERON_Instance_91230,14624252.txt.knowtator.xml
Vascular Smooth Muscle,UBERON:0004237,blood vessel smooth muscle,UBERON_Instance_100060,14624252.txt.knowtator.xml
brown adipose tissue,UBERON:0001348,brown adipose tissue,UBERON_Instance_91226,14624252.txt.knowtator.xml
intercostal,UBERON:0012198,intercostal space,UBERON_Instance_100076,14624252.txt.knowtator.xml
perinatally,UBERON:0012101,perinatal stage,UBERON_Instance_100066,14624252.txt.knowtator.xml
Kidneys,UBERON:0002113,kidney,UBERON_Instance_91232,14624252.txt.knowtator.xml
adventitial,UBERON:0005742,adventitia,UBERON_Instance_100074,14624252.txt.knowtator.xml
eye vasculature,UBERON:0002203,vasculature of eye,UBERON_Instance_91220,14624252.txt.knowtator.xml
endothelial tubes,UBERON:0003915,endothelial tube,UBERON_Instance_91218,14624252.txt.knowtator.xml
neural tube,UBERON:0001049,neural tube,UBERON_Instance_91262,14624252.txt.knowtator.xml
Heart,UBERON:0000948,heart,UBERON_Instance_100096,14624252.txt.knowtator.xml
vascular coating,UBERON:0004797,blood vessel layer,UBERON_Instance_100126,14624252.txt.knowtator.xml
Retinas,UBERON:0000966,retina,UBERON_Instance_91270,14624252.txt.knowtator.xml
Thoracic Region,UBERON:0000915,thoracic segment of trunk,UBERON_Instance_100108,14624252.txt.knowtator.xml
immune system,UBERON:0002405,immune system,UBERON_Instance_100092,14624252.txt.knowtator.xml
neck,UBERON:0000974,neck,UBERON_Instance_91248,14624252.txt.knowtator.xml
coronary ... veins,UBERON:0004148,cardiac vein,UBERON_Instance_100090,14624252.txt.knowtator.xml
Hearts,UBERON:0000948,heart,UBERON_Instance_91340,14624252.txt.knowtator.xml
glomerulus,UBERON:0000074,renal glomerulus,UBERON_Instance_91350,14624252.txt.knowtator.xml
Retina,UBERON:0000966,retina,UBERON_Instance_91352,14624252.txt.knowtator.xml
Kidney,UBERON:0002113,kidney,UBERON_Instance_91346,14624252.txt.knowtator.xml
arteriole,UBERON:0001980,arteriole,UBERON_Instance_91348,14624252.txt.knowtator.xml
artery,UBERON:0001637,artery,UBERON_Instance_91324,14624252.txt.knowtator.xml
Coronary Arteries,UBERON:0001621,coronary artery,UBERON_Instance_91334,14624252.txt.knowtator.xml
Th,UBERON:0002370,thymus,UBERON_Instance_91358,14624252.txt.knowtator.xml
R,UBERON:0000966,retina,UBERON_Instance_91362,14624252.txt.knowtator.xml
neural tubes,UBERON:0001049,neural tube,UBERON_Instance_91368,14624252.txt.knowtator.xml
cardiac,UBERON:0000948,heart,UBERON_Instance_120742,14675480.txt.knowtator.xml
atrial,UBERON:0002081,cardiac atrium,UBERON_Instance_120740,14675480.txt.knowtator.xml
spongiotophoblast layers,UBERON:0004021,spongiotrophoblast layer,UBERON_Instance_120752,14675480.txt.knowtator.xml
chorionic plate,UBERON:0004027,chorionic plate,UBERON_Instance_120748,14675480.txt.knowtator.xml
V,UBERON:0002082,cardiac ventricle,UBERON_Instance_120726,14675480.txt.knowtator.xml
ventrical ... chambers,UBERON:0002082,cardiac ventricle,UBERON_Instance_120724,14675480.txt.knowtator.xml
atrium,UBERON:0002081,cardiac atrium,UBERON_Instance_120734,14675480.txt.knowtator.xml
spongiotrophoblast ... layers,UBERON:0004021,spongiotrophoblast layer,UBERON_Instance_120792,14675480.txt.knowtator.xml
spongiotrophoblast layer,UBERON:0004021,spongiotrophoblast layer,UBERON_Instance_120766,14675480.txt.knowtator.xml
cephalic mesenchyme tissue,UBERON:0005253,head mesenchyme,UBERON_Instance_120864,14675480.txt.knowtator.xml
cephalic mesenchyme,UBERON:0005253,head mesenchyme,UBERON_Instance_120876,14675480.txt.knowtator.xml
cephalic mesenchyme ... tissue,UBERON:0005253,head mesenchyme,UBERON_Instance_120850,14675480.txt.knowtator.xml
vessels,UBERON:0000055,vessel,UBERON_Instance_120916,14675480.txt.knowtator.xml
mesenchyme tissue,UBERON:0003104,mesenchyme,UBERON_Instance_120912,14675480.txt.knowtator.xml
mesenchymal tissue,UBERON:0003104,mesenchyme,UBERON_Instance_120964,14675480.txt.knowtator.xml
hind ... gut,UBERON:0001046,hindgut,UBERON_Instance_121000,14675480.txt.knowtator.xml
mid gut,UBERON:0001045,midgut,UBERON_Instance_121002,14675480.txt.knowtator.xml
mid ... gut,UBERON:0001045,midgut,UBERON_Instance_120996,14675480.txt.knowtator.xml
hind gut,UBERON:0001046,hindgut,UBERON_Instance_120998,14675480.txt.knowtator.xml
gut,UBERON:0001555,digestive tract,UBERON_Instance_121008,14675480.txt.knowtator.xml
endothelium,UBERON:0001986,endothelium,UBERON_Instance_121010,14675480.txt.knowtator.xml
guts,UBERON:0001555,digestive tract,UBERON_Instance_121006,14675480.txt.knowtator.xml
septum transverum,UBERON:0004161,septum transversum,UBERON_Instance_120992,14675480.txt.knowtator.xml
foregut,UBERON:0001041,foregut,UBERON_Instance_120994,14675480.txt.knowtator.xml
gut,UBERON:0001007,digestive system,UBERON_Instance_121028,14675480.txt.knowtator.xml
trunk,UBERON:0002100,trunk,UBERON_Instance_121024,14675480.txt.knowtator.xml
placental labyrinth,UBERON:0003946,placenta labyrinth,UBERON_Instance_121070,14675480.txt.knowtator.xml
spongiotrophoblast layers,UBERON:0004021,spongiotrophoblast layer,UBERON_Instance_121066,14675480.txt.knowtator.xml
labyrinthine,UBERON:0003946,placenta labyrinth,UBERON_Instance_121060,14675480.txt.knowtator.xml
blood vessel,UBERON:0001981,blood vessel,UBERON_Instance_121174,14675480.txt.knowtator.xml
yolk sacs,UBERON:0001040,yolk sac,UBERON_Instance_121204,14675480.txt.knowtator.xml
adipose tissue,UBERON:0001013,adipose tissue,UBERON_Instance_120012,14675480.txt.knowtator.xml
stomach,UBERON:0000945,stomach,UBERON_Instance_120008,14675480.txt.knowtator.xml
blastocysts,UBERON:0000358,blastocyst,UBERON_Instance_121196,14675480.txt.knowtator.xml
septum transversum,UBERON:0004161,septum transversum,UBERON_Instance_120018,14675480.txt.knowtator.xml
atrial chamber,UBERON:0002081,cardiac atrium,UBERON_Instance_121218,14675480.txt.knowtator.xml
vascular system,UBERON:0007798,vascular system,UBERON_Instance_120072,14675480.txt.knowtator.xml
placentas,UBERON:0001987,placenta,UBERON_Instance_120230,14675480.txt.knowtator.xml
Placental,UBERON:0001987,placenta,UBERON_Instance_120296,14675480.txt.knowtator.xml
cephalic,UBERON:0000033,head,UBERON_Instance_140018,14675480.txt.knowtator.xml
Placentas,UBERON:0001987,placenta,UBERON_Instance_120272,14675480.txt.knowtator.xml
immune ... systems,UBERON:0002405,immune system,UBERON_Instance_120366,14675480.txt.knowtator.xml
early embryonic,UBERON:0019248,early embryo,UBERON_Instance_150004,14675480.txt.knowtator.xml
head ... of ... embryo,UBERON:0008816,embryonic head,UBERON_Instance_150000,14675480.txt.knowtator.xml
myocardium,UBERON:0002349,myocardium,UBERON_Instance_120384,14675480.txt.knowtator.xml
blood islands,UBERON:0003061,blood island,UBERON_Instance_150032,14675480.txt.knowtator.xml
first ... branchial arches,UBERON:0004362,pharyngeal arch 1,UBERON_Instance_120444,14675480.txt.knowtator.xml
network of blood vessels,UBERON:0004537,blood vasculature,UBERON_Instance_150036,14675480.txt.knowtator.xml
network of vesicles,UBERON:0002049,vasculature,UBERON_Instance_150042,14675480.txt.knowtator.xml
networks of ... blood vessels,UBERON:0004537,blood vasculature,UBERON_Instance_150046,14675480.txt.knowtator.xml
network of ... blood vessels,UBERON:0004537,blood vasculature,UBERON_Instance_150038,14675480.txt.knowtator.xml
networks of ... vessels,UBERON:0002049,vasculature,UBERON_Instance_150040,14675480.txt.knowtator.xml
labyrinthine layers,UBERON:0003946,placenta labyrinth,UBERON_Instance_150016,14675480.txt.knowtator.xml
systems,UBERON:0000467,anatomical system,UBERON_Instance_150006,14675480.txt.knowtator.xml
atrial chamber of ... heart,UBERON:0002081,cardiac atrium,UBERON_Instance_150014,14675480.txt.knowtator.xml
lower trunk,UBERON:0002355,pelvis,UBERON_Instance_150024,14675480.txt.knowtator.xml
lower trunk region,UBERON:0002355,pelvis,UBERON_Instance_150020,14675480.txt.knowtator.xml
hind limb buds,UBERON:0005418,hindlimb bud,UBERON_Instance_120478,14675480.txt.knowtator.xml
CP,UBERON:0004027,chorionic plate,UBERON_Instance_150074,14675480.txt.knowtator.xml
2nd branchial arches,UBERON:0003066,pharyngeal arch 2,UBERON_Instance_120474,14675480.txt.knowtator.xml
labyrinth ... layers,UBERON:0003946,placenta labyrinth,UBERON_Instance_150064,14675480.txt.knowtator.xml
second branchial arches,UBERON:0003066,pharyngeal arch 2,UBERON_Instance_120476,14675480.txt.knowtator.xml
laryrinth of ... placenta,UBERON:0003946,placenta labyrinth,UBERON_Instance_150068,14675480.txt.knowtator.xml
primitive gut,UBERON:0007026,presumptive gut,UBERON_Instance_120488,14675480.txt.knowtator.xml
second branchial arch,UBERON:0003066,pharyngeal arch 2,UBERON_Instance_120490,14675480.txt.knowtator.xml
L ... layers,UBERON:0003946,placenta labyrinth,UBERON_Instance_150082,14675480.txt.knowtator.xml
labyrinth layer,UBERON:0003946,placenta labyrinth,UBERON_Instance_150076,14675480.txt.knowtator.xml
cephalic neural fold,UBERON:0009748,cephalic neural fold,UBERON_Instance_120486,14675480.txt.knowtator.xml
labyrinth,UBERON:0003946,placenta labyrinth,UBERON_Instance_150078,14675480.txt.knowtator.xml
At,UBERON:0002081,cardiac atrium,UBERON_Instance_150052,14675480.txt.knowtator.xml
wall,UBERON:0000060,anatomical wall,UBERON_Instance_150054,14675480.txt.knowtator.xml
atrial ... chambers,UBERON:0002081,cardiac atrium,UBERON_Instance_150050,14675480.txt.knowtator.xml
1st ... branchial arches,UBERON:0004362,pharyngeal arch 1,UBERON_Instance_120470,14675480.txt.knowtator.xml
Chorioallantoic,UBERON:0005335,chorioallantoic membrane,UBERON_Instance_150062,14675480.txt.knowtator.xml
somites,UBERON:0002329,somite,UBERON_Instance_120516,14675480.txt.knowtator.xml
head of ... embryos,UBERON:0008816,embryonic head,UBERON_Instance_150110,14675480.txt.knowtator.xml
neuroepithelium,UBERON:0034705,developing neuroepithelium,UBERON_Instance_150106,14675480.txt.knowtator.xml
dorsal root ganglion,UBERON:0000044,dorsal root ganglion,UBERON_Instance_120514,14675480.txt.knowtator.xml
sinus venous,UBERON:0006615,venous sinus,UBERON_Instance_120524,14675480.txt.knowtator.xml
gut wall,UBERON:0000328,gut wall,UBERON_Instance_150116,14675480.txt.knowtator.xml
body wall,UBERON:0000309,body wall,UBERON_Instance_120500,14675480.txt.knowtator.xml
limb buds,UBERON:0004347,limb bud,UBERON_Instance_120502,14675480.txt.knowtator.xml
first ... branchial arch,UBERON:0004362,pharyngeal arch 1,UBERON_Instance_120492,14675480.txt.knowtator.xml
labryinth,UBERON:0003946,placenta labyrinth,UBERON_Instance_150086,14675480.txt.knowtator.xml
neuroepithelial,UBERON:0034705,developing neuroepithelium,UBERON_Instance_150098,14675480.txt.knowtator.xml
limbs,UBERON:0002101,limb,UBERON_Instance_120510,14675480.txt.knowtator.xml
neuroepithelial tissue,UBERON:0034705,developing neuroepithelium,UBERON_Instance_150094,14675480.txt.knowtator.xml
branchial arch,UBERON:0002539,pharyngeal arch,UBERON_Instance_120506,14675480.txt.knowtator.xml
S ... layers,UBERON:0004021,spongiotrophoblast layer,UBERON+extension_classes_Instance_30116,14675480.txt.knowtator.xml
chorioallantoic,UBERON:0005335,chorioallantoic membrane,UBERON_Instance_150138,14675480.txt.knowtator.xml
Tissues,UBERON:0000479,tissue,UBERON_Instance_120592,14675480.txt.knowtator.xml
yolk,UBERON:2000084,yolk,UBERON_Instance_120648,14675480.txt.knowtator.xml
intersomitic vessels,UBERON:0014907,intersomitic vessel,UBERON_Instance_120688,14675480.txt.knowtator.xml
prostates,UBERON:0002367,prostate gland,UBERON_Instance_121296,14691534.txt.knowtator.xml
prostatic glands,UBERON:0002367,prostate gland,UBERON_Instance_121320,14691534.txt.knowtator.xml
glands,UBERON:0002530,gland,UBERON_Instance_121322,14691534.txt.knowtator.xml
Prostate,UBERON:0002367,prostate gland,UBERON_Instance_121286,14691534.txt.knowtator.xml
prostatic epithelium,UBERON:0000428,prostate epithelium,UBERON_Instance_121348,14691534.txt.knowtator.xml
gland,UBERON:0002530,gland,UBERON_Instance_121334,14691534.txt.knowtator.xml
papillary projections,UBERON:2001995,papilla,UBERON_Instance_121326,14691534.txt.knowtator.xml
stroma,UBERON:0003891,stroma,UBERON_Instance_121336,14691534.txt.knowtator.xml
glandular,UBERON:0002530,gland,UBERON_Instance_121374,14691534.txt.knowtator.xml
Prostates,UBERON:0002367,prostate gland,UBERON_Instance_121426,14691534.txt.knowtator.xml
pithelial,UBERON:0000483,epithelium,UBERON_Instance_121428,14691534.txt.knowtator.xml
anatomical ... entities,UBERON:0001062,anatomical entity,UBERON_Instance_121456,14691534.txt.knowtator.xml
prostate epithelial,UBERON:0000428,prostate epithelium,UBERON_Instance_121460,14691534.txt.knowtator.xml
Prostatic Epithelium,UBERON:0000428,prostate epithelium,UBERON_Instance_121436,14691534.txt.knowtator.xml
parenchyma,UBERON:0000353,parenchyma,UBERON_Instance_121492,14691534.txt.knowtator.xml
prostatic,UBERON:0002367,prostate gland,UBERON_Instance_121488,14691534.txt.knowtator.xml
parenchymal,UBERON:0000353,parenchyma,UBERON_Instance_121498,14691534.txt.knowtator.xml
stromal,UBERON:0003891,stroma,UBERON_Instance_121496,14691534.txt.knowtator.xml
seminal vesicles,UBERON:0000998,seminal vesicle,UBERON_Instance_140040,14691534.txt.knowtator.xml
prostate lobes,UBERON:0001328,lobe of prostate,UBERON_Instance_121538,14691534.txt.knowtator.xml
Bl,UBERON:0018707,bladder organ,UBERON_Instance_121546,14691534.txt.knowtator.xml
SV,UBERON:0000998,seminal vesicle,UBERON_Instance_121542,14691534.txt.knowtator.xml
bladder,UBERON:0018707,bladder organ,UBERON_Instance_121544,14691534.txt.knowtator.xml
Bladder,UBERON:0018707,bladder organ,UBERON_Instance_121584,14691534.txt.knowtator.xml
prostate epithelium,UBERON:0000428,prostate epithelium,UBERON_Instance_150204,14691534.txt.knowtator.xml
anatomical,UBERON:0001062,anatomical entity,UBERON_Instance_150192,14691534.txt.knowtator.xml
orbital,UBERON:0001697,orbit of skull,UBERON_Instance_150208,14691534.txt.knowtator.xml
lobes,UBERON:0009912,anatomical lobe,UBERON_Instance_150170,14691534.txt.knowtator.xml
prostatic lobes,UBERON:0001328,lobe of prostate,UBERON_Instance_150174,14691534.txt.knowtator.xml
prostate lobe,UBERON:0001328,lobe of prostate,UBERON_Instance_150186,14691534.txt.knowtator.xml
lobe,UBERON:0009912,anatomical lobe,UBERON_Instance_150188,14691534.txt.knowtator.xml
AP lobes,UBERON:0001329,prostate gland anterior lobe,UBERON_Instance_150230,14691534.txt.knowtator.xml
AP lobe,UBERON:0001329,prostate gland anterior lobe,UBERON_Instance_150232,14691534.txt.knowtator.xml
small intestine,UBERON:0002108,small intestine,UBERON_Instance_121638,14723793.txt.knowtator.xml
Sm. Int.,UBERON:0002108,small intestine,UBERON_Instance_121656,14723793.txt.knowtator.xml
cortices,UBERON:0001851,cortex,UBERON_Instance_150256,14723793.txt.knowtator.xml
Cortical,UBERON:0001851,cortex,UBERON_Instance_121682,14723793.txt.knowtator.xml
skeleton,UBERON:0004288,skeleton,UBERON+extension_classes_Instance_20378,14723793.txt.knowtator.xml
S.,UBERON:0004288,skeleton,UBERON+extension_classes_Instance_30132,14723793.txt.knowtator.xml
hairs,UBERON:0001037,strand of hair,UBERON_Instance_122066,14737183.txt.knowtator.xml
plug,UBERON:0010148,mating plug,UBERON_Instance_160231,14737183.txt.knowtator.xml
flank,UBERON:0000180,lateral lumbar region of abdomen,UBERON_Instance_122068,14737183.txt.knowtator.xml
region of skin,UBERON:0000014,zone of skin,UBERON_Instance_160233,14737183.txt.knowtator.xml
face,UBERON:0001456,face,UBERON_Instance_122060,14737183.txt.knowtator.xml
somitic frontier,UBERON:0015178,somite border,UBERON_Instance_160225,14737183.txt.knowtator.xml
markings,UBERON:2002284,body marking,UBERON_Instance_160227,14737183.txt.knowtator.xml
whisker,UBERON:0006378,strand of vibrissa hair,UBERON_Instance_122076,14737183.txt.knowtator.xml
ventrum,UBERON:0013235,ventrum,UBERON_Instance_160241,14737183.txt.knowtator.xml
pad,UBERON:2001977,pad,UBERON_Instance_122078,14737183.txt.knowtator.xml
epidermis,UBERON:0007376,outer epithelium,UBERON_Instance_160243,14737183.txt.knowtator.xml
zigzag ... hairs,UBERON:0010513,strand of zigzag hair,UBERON_Instance_160237,14737183.txt.knowtator.xml
dorsum,UBERON:0001137,dorsum,UBERON_Instance_160239,14737183.txt.knowtator.xml
nasal,UBERON:0000004,olfactory apparatus,UBERON_Instance_122048,14737183.txt.knowtator.xml
palpebral fissures,UBERON:0001819,palpebral fissure,UBERON_Instance_122044,14737183.txt.knowtator.xml
footpads,UBERON:0013623,pedal autopod pad,UBERON_Instance_160185,14737183.txt.knowtator.xml
hair,UBERON:0001037,strand of hair,UBERON_Instance_122056,14737183.txt.knowtator.xml
stripe,UBERON:2001463,melanophore stripe,UBERON_Instance_160215,14737183.txt.knowtator.xml
stripes,UBERON:2001463,melanophore stripe,UBERON_Instance_160223,14737183.txt.knowtator.xml
abdominal ... muscles,UBERON:0002378,muscle of abdomen,UBERON_Instance_160275,14737183.txt.knowtator.xml
sheaths,UBERON:0005933,hair root sheath,UBERON_Instance_160279,14737183.txt.knowtator.xml
loose mesenchyme,UBERON:0007529,loose mesenchyme tissue,UBERON_Instance_160273,14737183.txt.knowtator.xml
Somitic Frontier,UBERON:0015178,somite border,UBERON_Instance_160289,14737183.txt.knowtator.xml
body cavity,UBERON:0002323,coelemic cavity lumen,UBERON_Instance_160281,14737183.txt.knowtator.xml
lateral plate,UBERON:0003081,lateral plate mesoderm,UBERON_Instance_160249,14737183.txt.knowtator.xml
zigzag hairs,UBERON:0010513,strand of zigzag hair,UBERON_Instance_160253,14737183.txt.knowtator.xml
head mesenchyme,UBERON:0005253,head mesenchyme,UBERON_Instance_160265,14737183.txt.knowtator.xml
neural crest,UBERON:0002342,neural crest,UBERON_Instance_122098,14737183.txt.knowtator.xml
pelts,UBERON:0010166,coat of hair,UBERON_Instance_160259,14737183.txt.knowtator.xml
dermis,UBERON:0002067,dermis,UBERON_Instance_122164,14737183.txt.knowtator.xml
abdominal muscles,UBERON:0002378,muscle of abdomen,UBERON_Instance_122170,14737183.txt.knowtator.xml
abdominal,UBERON:0000916,abdomen,UBERON_Instance_122160,14737183.txt.knowtator.xml
mesenchyme,UBERON:0003104,mesenchyme,UBERON_Instance_122162,14737183.txt.knowtator.xml
cervical vertebrae,UBERON:0002413,cervical vertebra,UBERON_Instance_122150,14737183.txt.knowtator.xml
ventral midline,UBERON:0009571,ventral midline,UBERON_Instance_170950,14737183.txt.knowtator.xml
branchial arches,UBERON:0002539,pharyngeal arch,UBERON_Instance_122134,14737183.txt.knowtator.xml
dorsal trunk,UBERON:0011270,dorsal trunk,UBERON_Instance_160307,14737183.txt.knowtator.xml
flanks,UBERON:0000180,lateral lumbar region of abdomen,UBERON_Instance_122136,14737183.txt.knowtator.xml
dermal papillae,UBERON:0000412,dermal papilla,UBERON_Instance_122176,14737183.txt.knowtator.xml
hair follicles,UBERON:0002073,hair follicle,UBERON_Instance_122174,14737183.txt.knowtator.xml
lateral plate mesoderm,UBERON:0003081,lateral plate mesoderm,UBERON_Instance_122266,14737183.txt.knowtator.xml
ectodermal,UBERON:0000924,ectoderm,UBERON_Instance_122246,14737183.txt.knowtator.xml
ventral body wall,UBERON:0017648,ventral body wall,UBERON_Instance_122324,14737183.txt.knowtator.xml
somite,UBERON:0002329,somite,UBERON_Instance_122302,14737183.txt.knowtator.xml
hair follicle,UBERON:0002073,hair follicle,UBERON_Instance_122330,14737183.txt.knowtator.xml
limb mesenchyme,UBERON:0009749,limb mesenchyme,UBERON_Instance_130006,14737183.txt.knowtator.xml
multicellular organisms,UBERON:0000468,multicellular organism,UBERON_Instance_130002,14737183.txt.knowtator.xml
midface,UBERON:0004089,midface,UBERON_Instance_130046,14737183.txt.knowtator.xml
hair-follicle,UBERON:0002073,hair follicle,UBERON_Instance_130072,14737183.txt.knowtator.xml
Limb,UBERON:0002101,limb,UBERON_Instance_130078,14737183.txt.knowtator.xml
ectoderm,UBERON:0000924,ectoderm,UBERON_Instance_130122,14737183.txt.knowtator.xml
apical ectodermal ridge,UBERON:0004356,apical ectodermal ridge,UBERON_Instance_130124,14737183.txt.knowtator.xml
limb-bud,UBERON:0004347,limb bud,UBERON_Instance_130162,14737183.txt.knowtator.xml
mammary glands,UBERON:0001911,mammary gland,UBERON_Instance_130144,14737183.txt.knowtator.xml
ventral mesenchyme,UBERON:2000164,ventral mesenchyme,UBERON_Instance_130192,14737183.txt.knowtator.xml
fat pads,UBERON:0003916,fat pad,UBERON_Instance_130276,14737183.txt.knowtator.xml
bellied,UBERON:0000916,abdomen,UBERON_Instance_130310,14737183.txt.knowtator.xml
lateral plate ... mesoderm,UBERON:0003081,lateral plate mesoderm,UBERON_Instance_130288,14737183.txt.knowtator.xml
abdominal cavity,UBERON:0003684,abdominal cavity,UBERON_Instance_130280,14737183.txt.knowtator.xml
testis capsule,UBERON:0006643,tunica albuginea of testis,UBERON_Instance_120058,14737183.txt.knowtator.xml
somitic mesoderm,UBERON:0003077,paraxial mesoderm,UBERON_Instance_130290,14737183.txt.knowtator.xml
v,UBERON:0013235,ventrum,UBERON_Instance_130348,14737183.txt.knowtator.xml
Hair,UBERON:0001037,strand of hair,UBERON_Instance_130326,14737183.txt.knowtator.xml
f,UBERON:0000180,lateral lumbar region of abdomen,UBERON_Instance_130344,14737183.txt.knowtator.xml
d,UBERON:0001137,dorsum,UBERON_Instance_130340,14737183.txt.knowtator.xml
myotome,UBERON:0003082,myotome,UBERON_Instance_130400,14737183.txt.knowtator.xml
maxillary ... processes,UBERON:0005868,maxillary prominence,UBERON_Instance_130394,14737183.txt.knowtator.xml
sclerotome,UBERON:0003089,sclerotome,UBERON_Instance_130388,14737183.txt.knowtator.xml
nasal cartilage,UBERON:0001823,nasal cartilage,UBERON_Instance_130392,14737183.txt.knowtator.xml
occipital,UBERON:0005902,occipital region,UBERON_Instance_130384,14737183.txt.knowtator.xml
periocular mesenchyme,UBERON:0004017,periocular mesenchyme,UBERON_Instance_120180,14737183.txt.knowtator.xml
palatal shelf,UBERON:0005619,secondary palatal shelf,UBERON_Instance_130386,14737183.txt.knowtator.xml
Coat,UBERON:0010166,coat of hair,UBERON_Instance_120210,14737183.txt.knowtator.xml
Trunk,UBERON:0002100,trunk,UBERON_Instance_130492,14737183.txt.knowtator.xml
trunk mesenchyme,UBERON:0005256,trunk mesenchyme,UBERON_Instance_130512,14737183.txt.knowtator.xml
dermatomal,UBERON:0004016,dermatome,UBERON_Instance_140080,14737183.txt.knowtator.xml
dorsa,UBERON:0001137,dorsum,UBERON_Instance_140088,14737183.txt.knowtator.xml
ventra,UBERON:0013235,ventrum,UBERON_Instance_140090,14737183.txt.knowtator.xml
guard hairs,UBERON:0010512,strand of guard hair,UBERON_Instance_140092,14737183.txt.knowtator.xml
awls,UBERON:0010511,strand of awl hair,UBERON_Instance_140158,14737183.txt.knowtator.xml
auchenes,UBERON:0010510,strand of auchene hair,UBERON_Instance_140146,14737183.txt.knowtator.xml
appendages,UBERON:0004529,anatomical projection,UBERON_Instance_840104,14737183.txt.knowtator.xml
area of ... skin,UBERON:0000014,zone of skin,UBERON_Instance_121734,14737183.txt.knowtator.xml
scales,UBERON:0002542,scale,UBERON_Instance_121898,14737183.txt.knowtator.xml
feathers,UBERON:0000022,feather,UBERON_Instance_121900,14737183.txt.knowtator.xml
mandibular processes,UBERON:0005867,mandibular prominence,UBERON+extension_classes_Instance_30152,14737183.txt.knowtator.xml
dermal papilla,UBERON:0000412,dermal papilla,UBERON_Instance_121908,14737183.txt.knowtator.xml
feet,UBERON:0002387,pes,UBERON_Instance_121914,14737183.txt.knowtator.xml
musculoskeletal system,UBERON:0002204,musculoskeletal system,UBERON_Instance_121962,14737183.txt.knowtator.xml
skeletal elements,UBERON:0004765,skeletal element,UBERON_Instance_160013,14737183.txt.knowtator.xml
epidermal,UBERON:0007376,outer epithelium,UBERON_Instance_160015,14737183.txt.knowtator.xml
cranium,UBERON:1000019,top of head,UBERON_Instance_160081,14737183.txt.knowtator.xml
belly,UBERON:0000916,abdomen,UBERON_Instance_160063,14737183.txt.knowtator.xml
mesenchymal tissues of ... trunk,UBERON:0005256,trunk mesenchyme,UBERON_Instance_160097,14737183.txt.knowtator.xml
mesenchymal tissues of ... limbs,UBERON:0009749,limb mesenchyme,UBERON_Instance_160099,14737183.txt.knowtator.xml
mesenchymal tissues of ... head,UBERON:0005253,head mesenchyme,UBERON_Instance_160095,14737183.txt.knowtator.xml
zigzags,UBERON:0010513,strand of zigzag hair,UBERON_Instance_160049,14737183.txt.knowtator.xml
spots,UBERON:2002283,melanophore spot,UBERON_Instance_160027,14737183.txt.knowtator.xml
articulations,UBERON:0004905,articulation,UBERON_Instance_160031,14737183.txt.knowtator.xml
back,UBERON:0011270,dorsal trunk,UBERON_Instance_160061,14737183.txt.knowtator.xml
somite-derived mesenchyme,UBERON:0003077,paraxial mesoderm,UBERON_Instance_160155,14737183.txt.knowtator.xml
mucosa,UBERON:0000344,mucosa,UBERON_Instance_160179,14737183.txt.knowtator.xml
oral,UBERON:0000165,mouth,UBERON_Instance_160181,14737183.txt.knowtator.xml
periocular ... mesenchyme,UBERON:0004017,periocular mesenchyme,UBERON_Instance_160177,14737183.txt.knowtator.xml
muscle layer,UBERON:0018260,layer of muscle tissue,UBERON_Instance_160103,14737183.txt.knowtator.xml
somite-derived mesoderm,UBERON:0003077,paraxial mesoderm,UBERON_Instance_160137,14737183.txt.knowtator.xml
pulmonary,UBERON:0002048,lung,UBERON_Instance_180006,15005800.txt.knowtator.xml
lungs,UBERON:0002048,lung,UBERON_Instance_180016,15005800.txt.knowtator.xml
lung epithelium,UBERON:0000115,lung epithelium,UBERON_Instance_180038,15005800.txt.knowtator.xml
Lungs,UBERON:0002048,lung,UBERON_Instance_180070,15005800.txt.knowtator.xml
lung bud,UBERON:0000118,lung bud,UBERON_Instance_180230,15005800.txt.knowtator.xml
Lung,UBERON:0002048,lung,UBERON_Instance_180232,15005800.txt.knowtator.xml
alveolar,UBERON:0003215,alveolus,UBERON_Instance_180414,15005800.txt.knowtator.xml
vascular network,UBERON:0002049,vasculature,UBERON_Instance_180428,15005800.txt.knowtator.xml
alveolar sacs,UBERON:0002169,alveolar sac,UBERON_Instance_180426,15005800.txt.knowtator.xml
tracheal,UBERON:0003126,trachea,UBERON_Instance_180454,15005800.txt.knowtator.xml
alveoli,UBERON:0003215,alveolus,UBERON_Instance_180468,15005800.txt.knowtator.xml
interstitial tissue,UBERON:0005169,interstitial tissue,UBERON_Instance_180470,15005800.txt.knowtator.xml
lung alveolar,UBERON:0002299,alveolus of lung,UBERON_Instance_180440,15005800.txt.knowtator.xml
pulmonary arteries,UBERON:0002012,pulmonary artery,UBERON_Instance_180450,15005800.txt.knowtator.xml
laryngeal,UBERON:0001737,larynx,UBERON_Instance_180452,15005800.txt.knowtator.xml
saccular,UBERON:0000116,lung saccule,UBERON_Instance_180516,15005800.txt.knowtator.xml
br,UBERON:0002186,bronchiole,UBERON_Instance_180538,15005800.txt.knowtator.xml
esophagus,UBERON:0001043,esophagus,UBERON_Instance_180540,15005800.txt.knowtator.xml
sac,UBERON:0009856,sac,UBERON_Instance_180534,15005800.txt.knowtator.xml
bronchiole,UBERON:0002186,bronchiole,UBERON_Instance_180536,15005800.txt.knowtator.xml
interstitial,UBERON:0005169,interstitial tissue,UBERON_Instance_180472,15005800.txt.knowtator.xml
lung saccular,UBERON:0000116,lung saccule,UBERON_Instance_180482,15005800.txt.knowtator.xml
Interstitial,UBERON:0005169,interstitial tissue,UBERON_Instance_180588,15005800.txt.knowtator.xml
pa,UBERON:0002012,pulmonary artery,UBERON_Instance_180546,15005800.txt.knowtator.xml
e,UBERON:0001043,esophagus,UBERON_Instance_180542,15005800.txt.knowtator.xml
pulmonary artery,UBERON:0002012,pulmonary artery,UBERON_Instance_180544,15005800.txt.knowtator.xml
anatomy,UBERON:0001062,anatomical entity,UBERON_Instance_180554,15005800.txt.knowtator.xml
PA,UBERON:0002012,pulmonary artery,UBERON_Instance_180626,15005800.txt.knowtator.xml
m,UBERON:0003104,mesenchyme,UBERON_Instance_180622,15005800.txt.knowtator.xml
cardiac muscle,UBERON:0001133,cardiac muscle tissue,UBERON_Instance_180670,15005800.txt.knowtator.xml
ra,UBERON:0002078,right cardiac atrium,UBERON_Instance_182074,15005800.txt.knowtator.xml
la,UBERON:0002079,left cardiac atrium,UBERON_Instance_182076,15005800.txt.knowtator.xml
right atrium,UBERON:0002078,right cardiac atrium,UBERON_Instance_182072,15005800.txt.knowtator.xml
rv,UBERON:0002080,heart right ventricle,UBERON_Instance_182082,15005800.txt.knowtator.xml
left atrium,UBERON:0002079,left cardiac atrium,UBERON_Instance_182078,15005800.txt.knowtator.xml
right ventricle,UBERON:0002080,heart right ventricle,UBERON_Instance_182080,15005800.txt.knowtator.xml
bronchi,UBERON:0002185,bronchus,UBERON_Instance_180630,15005800.txt.knowtator.xml
b,UBERON:0002185,bronchus,UBERON_Instance_180632,15005800.txt.knowtator.xml
lung buds,UBERON:0000118,lung bud,UBERON_Instance_182112,15005800.txt.knowtator.xml
rump,UBERON:0013691,buttock,UBERON_Instance_182128,15005800.txt.knowtator.xml
Crown,UBERON:0000033,head,UBERON_Instance_182130,15005800.txt.knowtator.xml
saccules,UBERON:0000116,lung saccule,UBERON_Instance_180718,15005800.txt.knowtator.xml
a,UBERON:0003215,alveolus,UBERON_Instance_182096,15005800.txt.knowtator.xml
lv,UBERON:0002084,heart left ventricle,UBERON_Instance_182086,15005800.txt.knowtator.xml
Adrenal,UBERON:0002369,adrenal gland,UBERON_Instance_180690,15005800.txt.knowtator.xml
right lung lobes,UBERON:0006518,right lung lobe,UBERON_Instance_182090,15005800.txt.knowtator.xml
adrenal glands,UBERON:0002369,adrenal gland,UBERON_Instance_182106,15005800.txt.knowtator.xml
airway,UBERON:0001005,respiratory airway,UBERON_Instance_182110,15005800.txt.knowtator.xml
epithelial tubules,UBERON:0003914,epithelial tube,UBERON_Instance_190014,15005800.txt.knowtator.xml
walled,UBERON:0000060,anatomical wall,UBERON_Instance_182154,15005800.txt.knowtator.xml
walls,UBERON:0000060,anatomical wall,UBERON_Instance_182156,15005800.txt.knowtator.xml
sacculi,UBERON:0000116,lung saccule,UBERON_Instance_180768,15005800.txt.knowtator.xml
embryos at late stages,UBERON:0000323,late embryo,UBERON_Instance_190026,15005800.txt.knowtator.xml
Serum,UBERON:0001977,serum,UBERON_Instance_182136,15005800.txt.knowtator.xml
serum,UBERON:0001977,serum,UBERON_Instance_182138,15005800.txt.knowtator.xml
fluid,UBERON:0006314,bodily fluid,UBERON_Instance_182132,15005800.txt.knowtator.xml
endothelium of ... capillary ... vessels,UBERON:0001915,endothelium of capillary,UBERON_Instance_190060,15005800.txt.knowtator.xml
endothelium of ... blood vessels,UBERON:0004638,blood vessel endothelium,UBERON_Instance_190062,15005800.txt.knowtator.xml
tubes,UBERON:0000025,tube,UBERON_Instance_190072,15005800.txt.knowtator.xml
capillaries,UBERON:0001982,capillary,UBERON_Instance_180808,15005800.txt.knowtator.xml
capillaries ... of ... lungs,UBERON:0016405,pulmonary capillary,UBERON_Instance_190068,15005800.txt.knowtator.xml
lobar,UBERON:0009912,anatomical lobe,UBERON_Instance_190040,15005800.txt.knowtator.xml
epithelium of ... lung,UBERON:0000115,lung epithelium,UBERON_Instance_190044,15005800.txt.knowtator.xml
capillary bed,UBERON:0013141,capillary bed,UBERON_Instance_180778,15005800.txt.knowtator.xml
columnar epithelial,UBERON:0012274,columnar epithelium,UBERON_Instance_190056,15005800.txt.knowtator.xml
capillary beds,UBERON:0013141,capillary bed,UBERON_Instance_180784,15005800.txt.knowtator.xml
columnar epithelium,UBERON:0012274,columnar epithelium,UBERON_Instance_190052,15005800.txt.knowtator.xml
lung epithelial,UBERON:0000115,lung epithelium,UBERON_Instance_190080,15005800.txt.knowtator.xml
Whole body,UBERON:0000468,multicellular organism,UBERON_Instance_190092,15005800.txt.knowtator.xml
vascular beds,UBERON:0002049,vasculature,UBERON_Instance_190088,15005800.txt.knowtator.xml
whole body,UBERON:0000468,multicellular organism,UBERON_Instance_190090,15005800.txt.knowtator.xml
fp,UBERON:0003079,floor plate,UBERON_Instance_180902,15005800.txt.knowtator.xml
mid-gut,UBERON:0001045,midgut,UBERON_Instance_180908,15005800.txt.knowtator.xml
mg,UBERON:0001045,midgut,UBERON_Instance_180910,15005800.txt.knowtator.xml
nc,UBERON:0002328,notochord,UBERON_Instance_180906,15005800.txt.knowtator.xml
great vessels,UBERON:0013768,great vessel of heart,UBERON_Instance_180954,15005800.txt.knowtator.xml
lb,UBERON:0000118,lung bud,UBERON_Instance_180916,15005800.txt.knowtator.xml
buds of lungs,UBERON:0000118,lung bud,UBERON_Instance_180914,15005800.txt.knowtator.xml
airways,UBERON:0001005,respiratory airway,UBERON_Instance_180926,15005800.txt.knowtator.xml
uterine,UBERON:0000995,uterus,UBERON_Instance_181012,15005800.txt.knowtator.xml
alveolar epithelium,UBERON:0004821,pulmonary alveolus epithelium,UBERON_Instance_180982,15005800.txt.knowtator.xml
embryo tissues,UBERON:0005291,embryonic tissue,UBERON_Instance_181068,15005800.txt.knowtator.xml
extra-embryonic tissues,UBERON:0005292,extraembryonic tissue,UBERON_Instance_181066,15005800.txt.knowtator.xml
fetal tissues,UBERON:0005291,embryonic tissue,UBERON_Instance_181052,15005800.txt.knowtator.xml
uteri,UBERON:0000995,uterus,UBERON_Instance_181102,15005800.txt.knowtator.xml
vaginal plugs,UBERON:0010148,mating plug,UBERON_Instance_181100,15005800.txt.knowtator.xml
thoracic cavity,UBERON:0002224,thoracic cavity,UBERON_Instance_181106,15005800.txt.knowtator.xml
lung primordium,UBERON:0005597,lung primordium,UBERON_Instance_181074,15005800.txt.knowtator.xml
embryonic tissues,UBERON:0005291,embryonic tissue,UBERON_Instance_181094,15005800.txt.knowtator.xml
Pulmonary,UBERON:0002048,lung,UBERON_Instance_181146,15005800.txt.knowtator.xml
Cardiovascular,UBERON:0004535,cardiovascular system,UBERON_Instance_181140,15005800.txt.knowtator.xml
Thoracic,UBERON:0000915,thoracic segment of trunk,UBERON_Instance_181116,15005800.txt.knowtator.xml
gonads,UBERON:0000991,gonad,UBERON_Instance_181394,15018652.txt.knowtator.xml
ovaries,UBERON:0000992,female gonad,UBERON_Instance_181402,15018652.txt.knowtator.xml
Gonads,UBERON:0000991,gonad,UBERON_Instance_181396,15018652.txt.knowtator.xml
4-cell stage,UBERON:0007233,4 cell stage,UBERON_Instance_190126,15018652.txt.knowtator.xml
2-cell stage,UBERON:0007232,2 cell stage,UBERON_Instance_190128,15018652.txt.knowtator.xml
cleavage stages,UBERON:0000107,cleavage stage,UBERON_Instance_190124,15018652.txt.knowtator.xml
embryological,UBERON:0000922,embryo,UBERON_Instance_181354,15018652.txt.knowtator.xml
cleavage stage,UBERON:0000107,cleavage stage,UBERON_Instance_190130,15018652.txt.knowtator.xml
layers of cells,UBERON:0000119,cell layer,UBERON_Instance_181264,15018652.txt.knowtator.xml
primitive embryo,UBERON:0019248,early embryo,UBERON_Instance_190110,15018652.txt.knowtator.xml
ovarian follicle,UBERON:0001305,ovarian follicle,UBERON_Instance_190112,15018652.txt.knowtator.xml
four-cell stage,UBERON:0007233,4 cell stage,UBERON_Instance_190106,15018652.txt.knowtator.xml
8-cell stage,UBERON:0007236,8 cell stage,UBERON_Instance_190120,15018652.txt.knowtator.xml
2-cell ... stage,UBERON:0007232,2 cell stage,UBERON_Instance_190116,15018652.txt.knowtator.xml
oviducts,UBERON:0000993,oviduct,UBERON_Instance_182048,15018652.txt.knowtator.xml
embryonic ... tissues,UBERON:0005291,embryonic tissue,UBERON_Instance_181298,15018652.txt.knowtator.xml
Biliary,UBERON:0002294,biliary system,UBERON_Instance_181948,15040800.txt.knowtator.xml
bile,UBERON:0001970,bile,UBERON_Instance_181944,15040800.txt.knowtator.xml
Bile,UBERON:0001970,bile,UBERON_Instance_181934,15040800.txt.knowtator.xml
biliary,UBERON:0002294,biliary system,UBERON_Instance_181940,15040800.txt.knowtator.xml
Plasma,UBERON:0001969,blood plasma,UBERON_Instance_181432,15040800.txt.knowtator.xml
intestinal,UBERON:0000160,intestine,UBERON_Instance_182020,15040800.txt.knowtator.xml
bile canaliculi,UBERON:0001283,bile canaliculus,UBERON_Instance_182036,15040800.txt.knowtator.xml
Spleen,UBERON:0002106,spleen,UBERON_Instance_182030,15040800.txt.knowtator.xml
hepatic canalicular,UBERON:0001283,bile canaliculus,UBERON_Instance_182016,15040800.txt.knowtator.xml
bile duct,UBERON:0002394,bile duct,UBERON_Instance_182040,15040800.txt.knowtator.xml
livers,UBERON:0002107,liver,UBERON_Instance_181530,15040800.txt.knowtator.xml
Liver,UBERON:0002107,liver,UBERON_Instance_181538,15040800.txt.knowtator.xml
intestine,UBERON:0000160,intestine,UBERON_Instance_181560,15040800.txt.knowtator.xml
tuberous,UBERON:4200132,tuber,UBERON_Instance_181588,15040800.txt.knowtator.xml
intestinal brush border,UBERON:0012427,intestinal brush border layer,UBERON_Instance_181596,15040800.txt.knowtator.xml
tendon,UBERON:0000043,tendon,UBERON_Instance_181586,15040800.txt.knowtator.xml
venous plexus,UBERON:0001593,venous plexus,UBERON_Instance_181626,15040800.txt.knowtator.xml
jugular vein,UBERON:0004711,jugular vein,UBERON_Instance_181664,15040800.txt.knowtator.xml
abdomen,UBERON:0000916,abdomen,UBERON_Instance_181644,15040800.txt.knowtator.xml
renal epithelial,UBERON:0004819,kidney epithelium,UBERON_Instance_190136,15040800.txt.knowtator.xml
gallbladder,UBERON:0002110,gall bladder,UBERON_Instance_181650,15040800.txt.knowtator.xml
blood brain barrier,UBERON:0000120,blood brain barrier,UBERON_Instance_181706,15040800.txt.knowtator.xml
Blastocyst,UBERON:0000358,blastocyst,UBERON_Instance_181680,15040800.txt.knowtator.xml
Hepatic,UBERON:0002107,liver,UBERON_Instance_181808,15040800.txt.knowtator.xml
coronary artery,UBERON:0001621,coronary artery,UBERON_Instance_181812,15040800.txt.knowtator.xml
hepatobiliary,UBERON:0002423,hepatobiliary system,UBERON_Instance_181804,15040800.txt.knowtator.xml
hepatic,UBERON:0002107,liver,UBERON_Instance_181806,15040800.txt.knowtator.xml
gallbladder epithelial,UBERON:0002029,epithelium of gall bladder,UBERON_Instance_181842,15040800.txt.knowtator.xml
hand,UBERON:0002398,manus,UBERON_Instance_190150,15061865.txt.knowtator.xml
frontal cortex,UBERON:0001870,frontal cortex,UBERON_Instance_181998,15061865.txt.knowtator.xml
caudate,UBERON:0001873,caudate nucleus,UBERON_Instance_181992,15061865.txt.knowtator.xml
olfactory nerves,UBERON:0001579,olfactory nerve,UBERON_Instance_182004,15061865.txt.knowtator.xml
olfactory nerve,UBERON:0001579,olfactory nerve,UBERON_Instance_181972,15061865.txt.knowtator.xml
limbic,UBERON:0000349,limbic system,UBERON_Instance_182000,15061865.txt.knowtator.xml
midbrain,UBERON:0001891,midbrain,UBERON_Instance_181966,15061865.txt.knowtator.xml
forelimbs,UBERON:0002102,forelimb,UBERON_Instance_182008,15061865.txt.knowtator.xml
snout,UBERON:0006333,snout,UBERON_Instance_182010,15061865.txt.knowtator.xml
lumen of ... bladder,UBERON:0009958,bladder lumen,UBERON_Instance_200406,15070402.txt.knowtator.xml
urogenital sinus,UBERON:0000164,primitive urogenital sinus,UBERON_Instance_200402,15070402.txt.knowtator.xml
midline,UBERON:0009571,ventral midline,UBERON_Instance_200008,15070402.txt.knowtator.xml
urogenital apparatus,UBERON:0004122,genitourinary system,UBERON_Instance_200010,15070402.txt.knowtator.xml
perichondrium,UBERON:0002222,perichondrium,UBERON_Instance_200390,15070402.txt.knowtator.xml
digits,UBERON:0002544,digit,UBERON_Instance_200392,15070402.txt.knowtator.xml
right thyroid lobes,UBERON:0001119,right lobe of thyroid gland,UBERON_Instance_200398,15070402.txt.knowtator.xml
parathyroid glands,UBERON:0001132,parathyroid gland,UBERON_Instance_200400,15070402.txt.knowtator.xml
left ... thyroid lobes,UBERON:0001120,left lobe of thyroid gland,UBERON_Instance_200396,15070402.txt.knowtator.xml
pth,UBERON:0001132,parathyroid gland,UBERON_Instance_200438,15070402.txt.knowtator.xml
genitourinary,UBERON:0004122,genitourinary system,UBERON_Instance_200038,15070402.txt.knowtator.xml
tracheo,UBERON:0003126,trachea,UBERON_Instance_200032,15070402.txt.knowtator.xml
th,UBERON:0002046,thyroid gland,UBERON_Instance_200434,15070402.txt.knowtator.xml
esophageal,UBERON:0001043,esophagus,UBERON_Instance_200034,15070402.txt.knowtator.xml
parathyroid ... glands,UBERON:0001132,parathyroid gland,UBERON_Instance_200436,15070402.txt.knowtator.xml
drg,UBERON:0000044,dorsal root ganglion,UBERON_Instance_200446,15070402.txt.knowtator.xml
hindbrain,UBERON:0002028,hindbrain,UBERON_Instance_200048,15070402.txt.knowtator.xml
medulla oblongata,UBERON:0001896,medulla oblongata,UBERON_Instance_200448,15070402.txt.knowtator.xml
cerebellum,UBERON:0002037,cerebellum,UBERON_Instance_200442,15070402.txt.knowtator.xml
CB,UBERON:0002037,cerebellum,UBERON_Instance_200444,15070402.txt.knowtator.xml
telencephalon,UBERON:0001893,telencephalon,UBERON_Instance_200422,15070402.txt.knowtator.xml
ventricular zone,UBERON:0003053,ventricular zone,UBERON_Instance_200424,15070402.txt.knowtator.xml
digit,UBERON:0002544,digit,UBERON_Instance_201892,15070402.txt.knowtator.xml
lip,UBERON:0001833,lip,UBERON_Instance_200026,15070402.txt.knowtator.xml
laryngo,UBERON:0001737,larynx,UBERON_Instance_200030,15070402.txt.knowtator.xml
thyroid ... glands,UBERON:0002046,thyroid gland,UBERON_Instance_200432,15070402.txt.knowtator.xml
ventricular zone of ... brain,UBERON:0003053,ventricular zone,UBERON_Instance_201898,15070402.txt.knowtator.xml
anal canal,UBERON:0000159,anal canal,UBERON_Instance_200090,15070402.txt.knowtator.xml
rectum,UBERON:0001052,rectum,UBERON_Instance_200092,15070402.txt.knowtator.xml
T,UBERON:0001893,telencephalon,UBERON_Instance_200472,15070402.txt.knowtator.xml
floor ... plates,UBERON:0003079,floor plate,UBERON_Instance_200086,15070402.txt.knowtator.xml
roof plates,UBERON:0003054,roof plate,UBERON_Instance_200088,15070402.txt.knowtator.xml
SC,UBERON:0002240,spinal cord,UBERON_Instance_200468,15070402.txt.knowtator.xml
phallic,UBERON:0000989,penis,UBERON_Instance_210006,15070402.txt.knowtator.xml
us,UBERON:0000164,primitive urogenital sinus,UBERON_Instance_200480,15070402.txt.knowtator.xml
pontine,UBERON:0000988,pons,UBERON_Instance_210008,15070402.txt.knowtator.xml
spinal cord central canal,UBERON:0002291,central canal of spinal cord,UBERON_Instance_200094,15070402.txt.knowtator.xml
thyroid gland,UBERON:0002046,thyroid gland,UBERON_Instance_200474,15070402.txt.knowtator.xml
central canal,UBERON:0002291,central canal of spinal cord,UBERON_Instance_200096,15070402.txt.knowtator.xml
th ... gland,UBERON:0002046,thyroid gland,UBERON_Instance_200476,15070402.txt.knowtator.xml
dorsal roots,UBERON:0002261,dorsal root of spinal cord,UBERON_Instance_210004,15070402.txt.knowtator.xml
pons,UBERON:0000988,pons,UBERON_Instance_200454,15070402.txt.knowtator.xml
P,UBERON:0000988,pons,UBERON_Instance_200456,15070402.txt.knowtator.xml
M,UBERON:0001896,medulla oblongata,UBERON_Instance_200450,15070402.txt.knowtator.xml
central canal of ... spinal cord,UBERON:0002291,central canal of spinal cord,UBERON_Instance_200084,15070402.txt.knowtator.xml
pth ... glands,UBERON:0001132,parathyroid gland,UBERON_Instance_200464,15070402.txt.knowtator.xml
pc,UBERON:0002222,perichondrium,UBERON_Instance_200460,15070402.txt.knowtator.xml
cerebellar vermis,UBERON:0004720,cerebellar vermis,UBERON_Instance_200498,15070402.txt.knowtator.xml
neuroepithelia,UBERON:0034705,developing neuroepithelium,UBERON_Instance_200118,15070402.txt.knowtator.xml
thyroid,UBERON:0002046,thyroid gland,UBERON_Instance_200488,15070402.txt.knowtator.xml
neurological,UBERON:0001016,nervous system,UBERON_Instance_210016,15070402.txt.knowtator.xml
vz,UBERON:0003053,ventricular zone,UBERON_Instance_200484,15070402.txt.knowtator.xml
dorsal root ganglia,UBERON:0000044,dorsal root ganglion,UBERON_Instance_200126,15070402.txt.knowtator.xml
embryo tissue,UBERON:0005291,embryonic tissue,UBERON_Instance_200536,15070402.txt.knowtator.xml
anus,UBERON:0001245,anus,UBERON_Instance_200518,15070402.txt.knowtator.xml
anal,UBERON:0001245,anus,UBERON_Instance_200514,15070402.txt.knowtator.xml
urogenital ... apparatus,UBERON:0004122,genitourinary system,UBERON_Instance_200516,15070402.txt.knowtator.xml
ventricular,UBERON:0005358,ventricle of nervous system,UBERON_Instance_190000,15070402.txt.knowtator.xml
interdigital web,UBERON:0006015,webbed interdigital region,UBERON_Instance_200380,15070402.txt.knowtator.xml
trigeminal ganglia,UBERON:0001675,trigeminal ganglion,UBERON_Instance_200376,15070402.txt.knowtator.xml
primordia,UBERON:0001048,primordium,UBERON_Instance_200358,15070402.txt.knowtator.xml
gastric mucosa,UBERON:0001199,mucosa of stomach,UBERON_Instance_200540,15207008.txt.knowtator.xml
T,UBERON:0000979,tibia,UBERON_Instance_201170,15238161.txt.knowtator.xml
fibula,UBERON:0001446,fibula,UBERON_Instance_201172,15238161.txt.knowtator.xml
g,UBERON:0001388,gastrocnemius,UBERON_Instance_201166,15238161.txt.knowtator.xml
tibia,UBERON:0000979,tibia,UBERON_Instance_201168,15238161.txt.knowtator.xml
u,UBERON:0001424,ulna,UBERON_Instance_201178,15238161.txt.knowtator.xml
radius,UBERON:0001423,radius bone,UBERON_Instance_201180,15238161.txt.knowtator.xml
F,UBERON:0001446,fibula,UBERON_Instance_201174,15238161.txt.knowtator.xml
ulnar,UBERON:0001424,ulna,UBERON_Instance_201176,15238161.txt.knowtator.xml
soleus,UBERON:0001389,soleus muscle,UBERON_Instance_201156,15238161.txt.knowtator.xml
Hindlimbs,UBERON:0002103,hindlimb,UBERON_Instance_201150,15238161.txt.knowtator.xml
e,UBERON:0001386,extensor digitorum longus,UBERON_Instance_201162,15238161.txt.knowtator.xml
gastrocnemius,UBERON:0001388,gastrocnemius,UBERON_Instance_201164,15238161.txt.knowtator.xml
s,UBERON:0001389,soleus muscle,UBERON_Instance_201158,15238161.txt.knowtator.xml
extensor digitorum longus,UBERON:0001386,extensor digitorum longus,UBERON_Instance_201160,15238161.txt.knowtator.xml
wing,UBERON:0000023,wing,UBERON_Instance_201956,15238161.txt.knowtator.xml
somitic,UBERON:0002329,somite,UBERON_Instance_201950,15238161.txt.knowtator.xml
forearm,UBERON:0002386,forelimb zeugopod,UBERON_Instance_201962,15238161.txt.knowtator.xml
slow muscle,UBERON:0006907,slow muscle tissue,UBERON_Instance_201974,15238161.txt.knowtator.xml
muscles,UBERON:0005090,muscle structure,UBERON_Instance_320297,15238161.txt.knowtator.xml
zeugopod,UBERON:0002471,zeugopod,UBERON_Instance_201960,15238161.txt.knowtator.xml
r,UBERON:0001423,radius bone,UBERON_Instance_201182,15238161.txt.knowtator.xml
forelimb,UBERON:0002102,forelimb,UBERON_Instance_201282,15238161.txt.knowtator.xml
FCU,UBERON:0001522,flexor carpi ulnaris muscle,UBERON_Instance_201978,15238161.txt.knowtator.xml
ZPA,UBERON:0005414,zone of polarizing activity,UBERON_Instance_201984,15238161.txt.knowtator.xml
limb muscle,UBERON:0003661,limb muscle,UBERON_Instance_201292,15238161.txt.knowtator.xml
hindlimbs,UBERON:0002103,hindlimb,UBERON_Instance_202000,15238161.txt.knowtator.xml
hindlimb,UBERON:0002103,hindlimb,UBERON_Instance_201284,15238161.txt.knowtator.xml
wings,UBERON:0000023,wing,UBERON_Instance_201994,15238161.txt.knowtator.xml
long bone,UBERON:0002495,long bone,UBERON_Instance_201288,15238161.txt.knowtator.xml
extensor,UBERON:0000311,extensor muscle,UBERON_Instance_210138,15238161.txt.knowtator.xml
anlage,UBERON:0007688,anlage,UBERON_Instance_210142,15238161.txt.knowtator.xml
limb muscles,UBERON:0003661,limb muscle,UBERON_Instance_201328,15238161.txt.knowtator.xml
layer of ... muscle,UBERON:0018260,layer of muscle tissue,UBERON_Instance_210056,15238161.txt.knowtator.xml
Wing,UBERON:0000023,wing,UBERON_Instance_210090,15238161.txt.knowtator.xml
slow skeletal muscle,UBERON:0006907,slow muscle tissue,UBERON_Instance_220148,15238161.txt.knowtator.xml
fast ... muscle,UBERON:0006908,fast muscle tissue,UBERON_Instance_201410,15238161.txt.knowtator.xml
slow ... muscle,UBERON:0006907,slow muscle tissue,UBERON_Instance_201408,15238161.txt.knowtator.xml
fast muscle,UBERON:0006908,fast muscle tissue,UBERON_Instance_200636,15238161.txt.knowtator.xml
limb bud,UBERON:0004347,limb bud,UBERON_Instance_201476,15238161.txt.knowtator.xml
forewing,UBERON:0000024,forelimb wing,UBERON_Instance_201444,15238161.txt.knowtator.xml
Limbs,UBERON:0002101,limb,UBERON_Instance_201456,15238161.txt.knowtator.xml
Ventral midline,UBERON:0009571,ventral midline,UBERON_Instance_200650,15238161.txt.knowtator.xml
autopod,UBERON:0002470,autopod region,UBERON_Instance_200000,15238161.txt.knowtator.xml
anconeus,UBERON:0002989,anconeus muscle,UBERON_Instance_200768,15238161.txt.knowtator.xml
Anc,UBERON:0002989,anconeus muscle,UBERON_Instance_200770,15238161.txt.knowtator.xml
extensor digitorum communis,UBERON:0007612,extensor digitorum communis,UBERON_Instance_200764,15238161.txt.knowtator.xml
EDC,UBERON:0007612,extensor digitorum communis,UBERON_Instance_200766,15238161.txt.knowtator.xml
zone of polarizing activity,UBERON:0005414,zone of polarizing activity,UBERON_Instance_200812,15238161.txt.knowtator.xml
flexor carpi ulnaris,UBERON:0001522,flexor carpi ulnaris muscle,UBERON_Instance_200776,15238161.txt.knowtator.xml
flexor digitorum profundus,UBERON:0001523,flexor digitorum profundus,UBERON_Instance_200772,15238161.txt.knowtator.xml
FDP,UBERON:0001523,flexor digitorum profundus,UBERON_Instance_200774,15238161.txt.knowtator.xml
ulna,UBERON:0001424,ulna,UBERON_Instance_200798,15238161.txt.knowtator.xml
muscle tissue,UBERON:0002385,muscle tissue,UBERON_Instance_200918,15238161.txt.knowtator.xml
stylopod,UBERON:0002472,stylopod,UBERON_Instance_201070,15238161.txt.knowtator.xml
tibialis anterior,UBERON:0001385,tibialis anterior,UBERON_Instance_200298,15238161.txt.knowtator.xml
t,UBERON:0001385,tibialis anterior,UBERON_Instance_200300,15238161.txt.knowtator.xml
elbow,UBERON:0001461,elbow,UBERON_Instance_201058,15238161.txt.knowtator.xml
Hindlimb,UBERON:0002103,hindlimb,UBERON_Instance_201134,15238161.txt.knowtator.xml
long bones,UBERON:0002495,long bone,UBERON_Instance_201130,15238161.txt.knowtator.xml
spinal chord,UBERON:0002240,spinal cord,UBERON_Instance_201870,15314655.txt.knowtator.xml
fetal,UBERON:0000922,embryo,UBERON_Instance_201866,15314655.txt.knowtator.xml
kidney marrow,UBERON:0007132,head kidney,UBERON_Instance_201884,15314655.txt.knowtator.xml
larvae,UBERON:0002548,larva,UBERON_Instance_220174,15314655.txt.knowtator.xml
mesenchyme of ... trunk,UBERON:0005256,trunk mesenchyme,UBERON_Instance_220166,15314655.txt.knowtator.xml
fin,UBERON:0008897,fin,UBERON_Instance_220168,15314655.txt.knowtator.xml
stage,UBERON:0000105,life cycle stage,UBERON_Instance_220178,15314655.txt.knowtator.xml
lateral mesoderm,UBERON:0003081,lateral plate mesoderm,UBERON_Instance_220184,15314655.txt.knowtator.xml
larval,UBERON:0002548,larva,UBERON_Instance_220162,15314655.txt.knowtator.xml
blood island,UBERON:0003061,blood island,UBERON_Instance_201656,15314655.txt.knowtator.xml
yolk sac blood islands,UBERON:0011919,yolk sac blood island,UBERON_Instance_201662,15314655.txt.knowtator.xml
blood islands of ... yolk sac,UBERON:0011919,yolk sac blood island,UBERON_Instance_201646,15314655.txt.knowtator.xml
ventral mesoderm,UBERON:2000083,ventral mesoderm,UBERON_Instance_201720,15314655.txt.knowtator.xml
gonad,UBERON:0000991,gonad,UBERON_Instance_201726,15314655.txt.knowtator.xml
mesonephros,UBERON:0000080,mesonephros,UBERON_Instance_201728,15314655.txt.knowtator.xml
aorta,UBERON:0000947,aorta,UBERON_Instance_201724,15314655.txt.knowtator.xml
ventral ... mesoderm,UBERON:2000083,ventral mesoderm,UBERON_Instance_201764,15314655.txt.knowtator.xml
blastula stages,UBERON:0000108,blastula stage,UBERON_Instance_201758,15314655.txt.knowtator.xml
germ ring,UBERON:0002541,germ ring,UBERON_Instance_201760,15314655.txt.knowtator.xml
swim bladders,UBERON:0006860,swim bladder,UBERON_Instance_201794,15314655.txt.knowtator.xml
tail bud,UBERON:0002533,post-anal tail bud,UBERON_Instance_200256,15314655.txt.knowtator.xml
ventral ... mesodermal,UBERON:2000083,ventral mesoderm,UBERON_Instance_201828,15314655.txt.knowtator.xml
thymic,UBERON:0002370,thymus,UBERON_Instance_201838,15314655.txt.knowtator.xml
Mesoderm,UBERON:0000926,mesoderm,UBERON_Instance_201840,15314655.txt.knowtator.xml
sera,UBERON:0001977,serum,UBERON_Instance_201822,15314655.txt.knowtator.xml
sinus venosus,UBERON:0002063,sinus venosus,UBERON_Instance_201818,15314655.txt.knowtator.xml
renal,UBERON:0002113,kidney,UBERON_Instance_240608,15314659.txt.knowtator.xml
kidneys,UBERON:0002113,kidney,UBERON_Instance_240610,15314659.txt.knowtator.xml
glomeruli,UBERON:0000074,renal glomerulus,UBERON_Instance_240640,15314659.txt.knowtator.xml
immune,UBERON:0002405,immune system,UBERON_Instance_860020,15314659.txt.knowtator.xml
glomerular,UBERON:0000074,renal glomerulus,UBERON_Instance_240638,15314659.txt.knowtator.xml
glomerular tuft,UBERON:0005749,glomerular tuft,UBERON_Instance_240644,15314659.txt.knowtator.xml
Sera,UBERON:0001977,serum,UBERON_Instance_240620,15314659.txt.knowtator.xml
Renal,UBERON:0002113,kidney,UBERON_Instance_240654,15314659.txt.knowtator.xml
system,UBERON:0000467,anatomical system,UBERON_Instance_170000,15314659.txt.knowtator.xml
renal cortex,UBERON:0001225,cortex of kidney,UBERON_Instance_241248,15314659.txt.knowtator.xml
oval window,UBERON:0002501,oval window,UBERON_Instance_241290,15320950.txt.knowtator.xml
OW,UBERON:0002501,oval window,UBERON_Instance_241292,15320950.txt.knowtator.xml
spiral prominence,UBERON:0028194,spiral prominence of cochlear duct,UBERON_Instance_241278,15320950.txt.knowtator.xml
endolymph,UBERON:0001852,endolymph,UBERON_Instance_241280,15320950.txt.knowtator.xml
strial,UBERON:0002282,stria vascularis of cochlear duct,UBERON_Instance_241298,15320950.txt.knowtator.xml
SV,UBERON:0002282,stria vascularis of cochlear duct,UBERON_Instance_241300,15320950.txt.knowtator.xml
round window,UBERON:0002502,round window of inner ear,UBERON_Instance_241294,15320950.txt.knowtator.xml
RW,UBERON:0002502,round window of inner ear,UBERON_Instance_241296,15320950.txt.knowtator.xml
outer sulcus,UBERON:0008832,outer spiral sulcus,UBERON_Instance_241266,15320950.txt.knowtator.xml
OS,UBERON:0008832,outer spiral sulcus,UBERON_Instance_241268,15320950.txt.knowtator.xml
external sulcus,UBERON:0008832,outer spiral sulcus,UBERON_Instance_241262,15320950.txt.knowtator.xml
IS,UBERON:0008831,inner spiral sulcus,UBERON_Instance_241274,15320950.txt.knowtator.xml
inner sulcus,UBERON:0008831,inner spiral sulcus,UBERON_Instance_241272,15320950.txt.knowtator.xml
perilymphatic,UBERON:0001845,perilymph,UBERON_Instance_241306,15320950.txt.knowtator.xml
endolymphatic,UBERON:0001852,endolymph,UBERON_Instance_241308,15320950.txt.knowtator.xml
follicular lumen,UBERON:0012246,thyroid follicular lumen,UBERON_Instance_240680,15320950.txt.knowtator.xml
Endolymphatic,UBERON:0001852,endolymph,UBERON_Instance_250020,15320950.txt.knowtator.xml
stria vascularis,UBERON:0002282,stria vascularis of cochlear duct,UBERON_Instance_240668,15320950.txt.knowtator.xml
ampulla,UBERON:0004043,semicircular canal ampulla,UBERON_Instance_250026,15320950.txt.knowtator.xml
ampullae,UBERON:0004043,semicircular canal ampulla,UBERON_Instance_250036,15320950.txt.knowtator.xml
modiolar,UBERON:0006723,cochlear modiolus,UBERON_Instance_250022,15320950.txt.knowtator.xml
vestibular aqueduct,UBERON:0002279,vestibular aqueduct,UBERON_Instance_240684,15320950.txt.knowtator.xml
otoconia,UBERON:0002280,otolith,UBERON_Instance_250024,15320950.txt.knowtator.xml
stria,UBERON:0002282,stria vascularis of cochlear duct,UBERON_Instance_240664,15320950.txt.knowtator.xml
cochlear ... wall,UBERON:0006106,cochlear canal,UBERON_Instance_250088,15320950.txt.knowtator.xml
Temporal bones,UBERON:0001678,temporal bone,UBERON_Instance_240712,15320950.txt.knowtator.xml
spiral ligament,UBERON:0006725,spiral ligament,UBERON_Instance_240718,15320950.txt.knowtator.xml
spiral ganglia,UBERON:0000395,cochlear ganglion,UBERON_Instance_240720,15320950.txt.knowtator.xml
uterus,UBERON:0000995,uterus,UBERON_Instance_240694,15320950.txt.knowtator.xml
mammary gland,UBERON:0001911,mammary gland,UBERON_Instance_240692,15320950.txt.knowtator.xml
endolymphatic sac,UBERON:0002223,endolymphatic sac,UBERON_Instance_240702,15320950.txt.knowtator.xml
A,UBERON:0004721,crista ampullaris,UBERON_Instance_250050,15320950.txt.knowtator.xml
U,UBERON:0002214,macula of utricle of membranous labyrinth,UBERON_Instance_250052,15320950.txt.knowtator.xml
bony capsule of ... cochlea,UBERON:0005411,bony otic capsule,UBERON_Instance_250046,15320950.txt.knowtator.xml
basilar membrane,UBERON:0002226,basilar membrane of cochlea,UBERON_Instance_240748,15320950.txt.knowtator.xml
utricular macula,UBERON:0002214,macula of utricle of membranous labyrinth,UBERON_Instance_240728,15320950.txt.knowtator.xml
A ... of ... cochlea,UBERON:0002819,apex of cochlea,UBERON_Instance_250110,15320950.txt.knowtator.xml
B ... of ... cochlea,UBERON:0014626,base of cochlear canal,UBERON_Instance_250112,15320950.txt.knowtator.xml
Reissner's membrane,UBERON:0002281,vestibular membrane of cochlear duct,UBERON_Instance_240794,15320950.txt.knowtator.xml
RM,UBERON:0002281,vestibular membrane of cochlear duct,UBERON_Instance_240796,15320950.txt.knowtator.xml
temporal bones,UBERON:0001678,temporal bone,UBERON_Instance_240766,15320950.txt.knowtator.xml
SL,UBERON:0006725,spiral ligament,UBERON_Instance_240802,15320950.txt.knowtator.xml
SP,UBERON:0028194,spiral prominence of cochlear duct,UBERON_Instance_240810,15320950.txt.knowtator.xml
base ... of ... cochlea,UBERON:0014626,base of cochlear canal,UBERON_Instance_240880,15320950.txt.knowtator.xml
wall of ... cochlea,UBERON:0006106,cochlear canal,UBERON_Instance_240884,15320950.txt.knowtator.xml
perilymph,UBERON:0001845,perilymph,UBERON_Instance_240876,15320950.txt.knowtator.xml
apex ... of ... cochlea,UBERON:0002819,apex of cochlea,UBERON_Instance_240878,15320950.txt.knowtator.xml
endolymphatic space,UBERON:0011078,endolymphatic space,UBERON_Instance_240852,15320950.txt.knowtator.xml
inner ears,UBERON:0001846,internal ear,UBERON_Instance_240850,15320950.txt.knowtator.xml
endolymphatic duct,UBERON:0001860,endolymphatic duct,UBERON_Instance_240862,15320950.txt.knowtator.xml
crista ampullaris,UBERON:0004721,crista ampullaris,UBERON_Instance_240914,15320950.txt.knowtator.xml
Stria vascularis,UBERON:0002282,stria vascularis of cochlear duct,UBERON_Instance_240012,15320950.txt.knowtator.xml
scala media,UBERON:0002295,scala media,UBERON_Instance_240960,15320950.txt.knowtator.xml
surface of ... bone,UBERON:4200230,surface of bone,UBERON_Instance_860088,15320950.txt.knowtator.xml
Spiral prominence,UBERON:0028194,spiral prominence of cochlear duct,UBERON_Instance_240972,15320950.txt.knowtator.xml
connective tissue,UBERON:0002384,connective tissue,UBERON_Instance_241016,15320950.txt.knowtator.xml
vestibular labyrinth,UBERON:0001862,vestibular labyrinth,UBERON_Instance_240252,15320950.txt.knowtator.xml
Endolymph,UBERON:0001852,endolymph,UBERON_Instance_241252,15320950.txt.knowtator.xml
EDL,UBERON:0001386,extensor digitorum longus,UBERON_Instance_240604,15328533.txt.knowtator.xml
Skeletal,UBERON:0004288,skeleton,UBERON+extension_classes_Instance_40064,15328533.txt.knowtator.xml
inguinal fat pad,UBERON:0010410,inguinal fat pad,UBERON_Instance_241328,15328533.txt.knowtator.xml
gastrocnemius muscle,UBERON:0001388,gastrocnemius,UBERON_Instance_240300,15328533.txt.knowtator.xml
Muscles,UBERON:0005090,muscle structure,UBERON_Instance_320327,15328533.txt.knowtator.xml
inguinal,UBERON:0008337,inguinal part of abdomen,UBERON_Instance_250098,15328533.txt.knowtator.xml
retroperitoneal,UBERON:0003693,retroperitoneal space,UBERON_Instance_250100,15328533.txt.knowtator.xml
plantaris muscle,UBERON:0011905,plantaris,UBERON_Instance_240396,15328533.txt.knowtator.xml
Gastro,UBERON:0001388,gastrocnemius,UBERON_Instance_240388,15328533.txt.knowtator.xml
Gastrocnemius muscle,UBERON:0001388,gastrocnemius,UBERON_Instance_240390,15328533.txt.knowtator.xml
soleus muscles,UBERON:0001389,soleus muscle,UBERON_Instance_240514,15328538.txt.knowtator.xml
Soleus Muscle,UBERON:0001389,soleus muscle,UBERON_Instance_240456,15328538.txt.knowtator.xml
Gastrocnemius Muscles,UBERON:0001388,gastrocnemius,UBERON_Instance_240458,15328538.txt.knowtator.xml
Achilles tendon,UBERON:0003701,calcaneal tendon,UBERON_Instance_241370,15328538.txt.knowtator.xml
sciatic nerve,UBERON:0001322,sciatic nerve,UBERON_Instance_241372,15328538.txt.knowtator.xml
muscle groups,UBERON:0001015,musculature,UBERON_Instance_600019,15328538.txt.knowtator.xml
flexor ... muscle,UBERON:0000366,flexor muscle,UBERON_Instance_250108,15328538.txt.knowtator.xml
Cardiac,UBERON:0000948,heart,UBERON_Instance_241190,15328538.txt.knowtator.xml
gastrocnemius muscles,UBERON:0001388,gastrocnemius,UBERON_Instance_240422,15328538.txt.knowtator.xml
Gastrocnemius Muscle,UBERON:0001388,gastrocnemius,UBERON_Instance_240454,15328538.txt.knowtator.xml
intervertebral discs,UBERON:0001066,intervertebral disk,UBERON_Instance_260566,15345036.txt.knowtator.xml
inner layer of ... neural cup,UBERON:0005425,presumptive neural retina,UBERON_Instance_260568,15345036.txt.knowtator.xml
neural retina,UBERON:0003902,retinal neural layer,UBERON_Instance_260570,15345036.txt.knowtator.xml
bronchioles,UBERON:0002186,bronchiole,UBERON_Instance_260634,15345036.txt.knowtator.xml
neural retinal,UBERON:0003902,retinal neural layer,UBERON_Instance_320089,15345036.txt.knowtator.xml
organ systems,UBERON:0000467,anatomical system,UBERON_Instance_260610,15345036.txt.knowtator.xml
submucosa,UBERON:0000009,submucosa,UBERON_Instance_260672,15345036.txt.knowtator.xml
Bowman's capsule,UBERON:0001230,glomerular capsule,UBERON_Instance_260648,15345036.txt.knowtator.xml
intramural ganglion,UBERON:0001809,enteric ganglion,UBERON_Instance_260674,15345036.txt.knowtator.xml
retinal layers,UBERON:0001781,layer of retina,UBERON_Instance_260730,15345036.txt.knowtator.xml
retinal layer,UBERON:0001781,layer of retina,UBERON_Instance_260736,15345036.txt.knowtator.xml
paravertebral ganglia,UBERON:0001807,paravertebral ganglion,UBERON_Instance_270062,15345036.txt.knowtator.xml
nasal cavities,UBERON:0001707,nasal cavity,UBERON_Instance_270036,15345036.txt.knowtator.xml
retinal ... layers,UBERON:0001781,layer of retina,UBERON_Instance_270030,15345036.txt.knowtator.xml
fore ... limb buds,UBERON:0005417,forelimb bud,UBERON_Instance_270046,15345036.txt.knowtator.xml
diaphragm,UBERON:0001103,diaphragm,UBERON_Instance_270074,15345036.txt.knowtator.xml
genital ridge,UBERON:0005294,genital ridge,UBERON_Instance_270076,15345036.txt.knowtator.xml
enteric ganglia,UBERON:0001809,enteric ganglion,UBERON_Instance_270134,15345036.txt.knowtator.xml
optic cups,UBERON:0003072,optic cup,UBERON_Instance_270224,15345036.txt.knowtator.xml
nasal cavity,UBERON:0001707,nasal cavity,UBERON_Instance_270204,15345036.txt.knowtator.xml
inner ... layers of ... optic cup,UBERON:0005425,presumptive neural retina,UBERON_Instance_270794,15345036.txt.knowtator.xml
outer layers of ... optic cup,UBERON:0005424,presumptive retinal pigmented epithelium,UBERON_Instance_270796,15345036.txt.knowtator.xml
retina layers,UBERON:0001781,layer of retina,UBERON_Instance_270840,15345036.txt.knowtator.xml
secondary palate,UBERON:0001716,secondary palate,UBERON_Instance_271046,15345036.txt.knowtator.xml
Rathke's pouch,UBERON:0005356,Rathke's pouch,UBERON_Instance_271048,15345036.txt.knowtator.xml
hypothalamus,UBERON:0001898,hypothalamus,UBERON_Instance_271042,15345036.txt.knowtator.xml
jejunum,UBERON:0002115,jejunum,UBERON_Instance_271030,15345036.txt.knowtator.xml
intramural ganglia,UBERON:0001809,enteric ganglion,UBERON_Instance_271032,15345036.txt.knowtator.xml
blastemas,UBERON:0005306,blastema,UBERON_Instance_271028,15345036.txt.knowtator.xml
maxillary sinus,UBERON:0001764,maxillary sinus,UBERON_Instance_271110,15345036.txt.knowtator.xml
optic cup,UBERON:0003072,optic cup,UBERON_Instance_271096,15345036.txt.knowtator.xml
outer plexiform layer,UBERON:0001790,outer plexiform layer of retina,UBERON_Instance_271072,15345036.txt.knowtator.xml
IPL,UBERON:0001795,inner plexiform layer of retina,UBERON_Instance_271078,15345036.txt.knowtator.xml
OPL,UBERON:0001790,outer plexiform layer of retina,UBERON_Instance_271074,15345036.txt.knowtator.xml
inner plexiform layer,UBERON:0001795,inner plexiform layer of retina,UBERON_Instance_271076,15345036.txt.knowtator.xml
inner granular layer,UBERON:0001791,inner nuclear layer of retina,UBERON_Instance_273100,15345036.txt.knowtator.xml
layers of ... retina,UBERON:0001781,layer of retina,UBERON_Instance_273096,15345036.txt.knowtator.xml
epithelial lung,UBERON:0000115,lung epithelium,UBERON_Instance_273108,15345036.txt.knowtator.xml
inner granular retinal layer,UBERON:0001791,inner nuclear layer of retina,UBERON_Instance_273112,15345036.txt.knowtator.xml
OGL,UBERON:0001789,outer nuclear layer of retina,UBERON_Instance_273140,15345036.txt.knowtator.xml
IGL,UBERON:0001791,inner nuclear layer of retina,UBERON_Instance_273142,15345036.txt.knowtator.xml
outer granular layer,UBERON:0001789,outer nuclear layer of retina,UBERON_Instance_273138,15345036.txt.knowtator.xml
protrusions,UBERON:0004529,anatomical projection,UBERON_Instance_840106,15345036.txt.knowtator.xml
Terminal ... bronchioles,UBERON:0002187,terminal bronchiole,UBERON_Instance_280012,15345036.txt.knowtator.xml
lifespan,UBERON:0000104,life cycle,UBERON_Instance_240000,15345036.txt.knowtator.xml
Terminal bronchi,UBERON:0002041,terminal bronchus,UBERON_Instance_280010,15345036.txt.knowtator.xml
digital,UBERON:0002544,digit,UBERON_Instance_290042,15345036.txt.knowtator.xml
smooth muscle tissue,UBERON:0001135,smooth muscle tissue,UBERON_Instance_260388,15345036.txt.knowtator.xml
alveolar epithelial,UBERON:0004821,pulmonary alveolus epithelium,UBERON_Instance_290058,15345036.txt.knowtator.xml
collecting tubules,UBERON:0001232,collecting duct of renal tubule,UBERON_Instance_290050,15345036.txt.knowtator.xml
muscular layers,UBERON:0018260,layer of muscle tissue,UBERON_Instance_290018,15345036.txt.knowtator.xml
interdigital areas,UBERON:0006012,interdigital region,UBERON_Instance_290028,15345036.txt.knowtator.xml
mesenchyme of limb buds,UBERON:0010328,limb bud mesenchyme,UBERON_Instance_290032,15345036.txt.knowtator.xml
optical cup,UBERON:0003072,optic cup,UBERON_Instance_290024,15345036.txt.knowtator.xml
retinal-pigmented epithelium,UBERON:0001782,pigmented layer of retina,UBERON_Instance_290110,15345036.txt.knowtator.xml
neural epithelium,UBERON:0034705,developing neuroepithelium,UBERON_Instance_290100,15345036.txt.knowtator.xml
nose,UBERON:0000004,olfactory apparatus,UBERON_Instance_290062,15345036.txt.knowtator.xml
prosencephalic,UBERON:0001890,forebrain,UBERON_Instance_290086,15345036.txt.knowtator.xml
neural tissues,UBERON:0003714,neural tissue,UBERON_Instance_290098,15345036.txt.knowtator.xml
Extra-embryonic membranes,UBERON:0005631,extraembryonic membrane,UBERON_Instance_290082,15345036.txt.knowtator.xml
perinatal period,UBERON:0012101,perinatal stage,UBERON_Instance_260500,15345036.txt.knowtator.xml
roof plate,UBERON:0003054,roof plate,UBERON_Instance_260546,15345036.txt.knowtator.xml
dermatome,UBERON:0004016,dermatome,UBERON_Instance_260560,15345036.txt.knowtator.xml
mantle layer,UBERON:0004061,neural tube mantle layer,UBERON_Instance_260542,15345036.txt.knowtator.xml
fifth digit,UBERON:0006052,digit 5,UBERON_Instance_272044,15492776.txt.knowtator.xml
metacarpal-phalangeal ... joints,UBERON:0003695,metacarpophalangeal joint,UBERON_Instance_272038,15492776.txt.knowtator.xml
metatarsal-phalangeal joints,UBERON:0003696,metatarsophalangeal joint,UBERON_Instance_272040,15492776.txt.knowtator.xml
pinnae,UBERON:0001757,pinna,UBERON_Instance_272020,15492776.txt.knowtator.xml
gp,UBERON:0002516,epiphyseal plate,UBERON_Instance_290348,15492776.txt.knowtator.xml
second hindlimb digit,UBERON:0003632,pedal digit 2,UBERON_Instance_272026,15492776.txt.knowtator.xml
tragus,UBERON:0010887,tragus,UBERON_Instance_272016,15492776.txt.knowtator.xml
Articular cartilage,UBERON:0011002,articular cartilage element,UBERON_Instance_290340,15492776.txt.knowtator.xml
antitragus,UBERON:0016467,antitragus,UBERON_Instance_272018,15492776.txt.knowtator.xml
growth plate,UBERON:0002516,epiphyseal plate,UBERON_Instance_290346,15492776.txt.knowtator.xml
joints of ... wrist,UBERON:0001491,wrist joint,UBERON_Instance_272080,15492776.txt.knowtator.xml
joints,UBERON:0004905,articulation,UBERON_Instance_300028,15492776.txt.knowtator.xml
w,UBERON:0001491,wrist joint,UBERON_Instance_272082,15492776.txt.knowtator.xml
articular,UBERON:0004905,articulation,UBERON_Instance_320287,15492776.txt.knowtator.xml
joints of ... elbow,UBERON:0001490,elbow joint,UBERON_Instance_272076,15492776.txt.knowtator.xml
bone,UBERON:0001474,bone element,UBERON_Instance_320235,15492776.txt.knowtator.xml
eb,UBERON:0001490,elbow joint,UBERON_Instance_272078,15492776.txt.knowtator.xml
Joints,UBERON:0004905,articulation,UBERON_Instance_300026,15492776.txt.knowtator.xml
bones,UBERON:0001474,bone element,UBERON_Instance_320249,15492776.txt.knowtator.xml
joints ... ankle,UBERON:0001488,ankle joint,UBERON_Instance_272088,15492776.txt.knowtator.xml
a,UBERON:0001488,ankle joint,UBERON_Instance_272090,15492776.txt.knowtator.xml
joints of ... knee,UBERON:0001485,knee joint,UBERON_Instance_272084,15492776.txt.knowtator.xml
k,UBERON:0001485,knee joint,UBERON_Instance_272086,15492776.txt.knowtator.xml
synovial,UBERON:0007616,layer of synovial tissue,UBERON_Instance_272062,15492776.txt.knowtator.xml
embryonic tissue,UBERON:0005291,embryonic tissue,UBERON_Instance_272056,15492776.txt.knowtator.xml
joints of ... shoulder,UBERON:0016884,shoulder joint,UBERON_Instance_272072,15492776.txt.knowtator.xml
s,UBERON:0016884,shoulder joint,UBERON_Instance_272074,15492776.txt.knowtator.xml
embyonic,UBERON:0000922,embryo,UBERON_Instance_272066,15492776.txt.knowtator.xml
phalangeal,UBERON:0003221,phalanx,UBERON_Instance_272118,15492776.txt.knowtator.xml
tendons,UBERON:0000043,tendon,UBERON_Instance_272116,15492776.txt.knowtator.xml
ligaments,UBERON:0000211,ligament,UBERON_Instance_272128,15492776.txt.knowtator.xml
vertebra,UBERON:0002412,vertebra,UBERON_Instance_272092,15492776.txt.knowtator.xml
phalanges,UBERON:0003221,phalanx,UBERON_Instance_272094,15492776.txt.knowtator.xml
proximal interphalangeal joint,UBERON:0009767,proximal interphalangeal joint,UBERON_Instance_272100,15492776.txt.knowtator.xml
interphalangeal joint,UBERON:0006658,interphalangeal joint,UBERON_Instance_272102,15492776.txt.knowtator.xml
digits ... 2,UBERON:0006049,digit 2,UBERON_Instance_272158,15492776.txt.knowtator.xml
joint,UBERON:0004905,articulation,UBERON_Instance_300090,15492776.txt.knowtator.xml
digits 1,UBERON:0006048,digit 1,UBERON_Instance_272156,15492776.txt.knowtator.xml
Ankle,UBERON:0004454,tarsal region,UBERON_Instance_272172,15492776.txt.knowtator.xml
Joint,UBERON:0004905,articulation,UBERON_Instance_300094,15492776.txt.knowtator.xml
digit 5,UBERON:0006052,digit 5,UBERON_Instance_272142,15492776.txt.knowtator.xml
metacarpal-phalangeal joints,UBERON:0003695,metacarpophalangeal joint,UBERON_Instance_272146,15492776.txt.knowtator.xml
tarsal bone,UBERON:0001447,tarsal bone,UBERON_Instance_270008,15492776.txt.knowtator.xml
ca,UBERON:0001450,calcaneus,UBERON_Instance_272206,15492776.txt.knowtator.xml
tarsal,UBERON:0001447,tarsal bone,UBERON_Instance_270010,15492776.txt.knowtator.xml
ankle joint,UBERON:0001488,ankle joint,UBERON_Instance_272208,15492776.txt.knowtator.xml
ta,UBERON:0002395,talus,UBERON_Instance_272202,15492776.txt.knowtator.xml
tarsals,UBERON:0001447,tarsal bone,UBERON_Instance_270006,15492776.txt.knowtator.xml
calcaneus,UBERON:0001450,calcaneus,UBERON_Instance_272204,15492776.txt.knowtator.xml
ankle joints,UBERON:0001488,ankle joint,UBERON_Instance_272222,15492776.txt.knowtator.xml
Ankle Region,UBERON:0004454,tarsal region,UBERON_Instance_272190,15492776.txt.knowtator.xml
metatarsal/phalangeal joint,UBERON:0003696,metatarsophalangeal joint,UBERON_Instance_272178,15492776.txt.knowtator.xml
tarsal bones,UBERON:0001447,tarsal bone,UBERON_Instance_272198,15492776.txt.knowtator.xml
talus,UBERON:0002395,talus,UBERON_Instance_272200,15492776.txt.knowtator.xml
ankle bones,UBERON:0001447,tarsal bone,UBERON_Instance_272192,15492776.txt.knowtator.xml
metatarsals,UBERON:0001448,metatarsal bone,UBERON_Instance_272196,15492776.txt.knowtator.xml
Ankles,UBERON:0004454,tarsal region,UBERON_Instance_272262,15492776.txt.knowtator.xml
metatarsal II,UBERON:0003651,metatarsal bone of digit 2,UBERON_Instance_272266,15492776.txt.knowtator.xml
articular cartilage,UBERON:0011002,articular cartilage element,UBERON_Instance_272248,15492776.txt.knowtator.xml
Articular Cartilage,UBERON:0011002,articular cartilage element,UBERON_Instance_272288,15492776.txt.knowtator.xml
Digits,UBERON:0002544,digit,UBERON_Instance_272290,15492776.txt.knowtator.xml
joint capsule,UBERON:0001484,articular capsule,UBERON_Instance_272284,15492776.txt.knowtator.xml
epiphyses,UBERON:0001437,epiphysis,UBERON_Instance_272334,15492776.txt.knowtator.xml
skeletal tissue,UBERON:0004755,skeletal tissue,UBERON_Instance_272328,15492776.txt.knowtator.xml
meniscal,UBERON:0000387,meniscus,UBERON_Instance_272330,15492776.txt.knowtator.xml
femur,UBERON:0000981,femur,UBERON_Instance_272304,15492776.txt.knowtator.xml
fe,UBERON:0000981,femur,UBERON_Instance_272306,15492776.txt.knowtator.xml
Knees,UBERON:0001465,knee,UBERON_Instance_272292,15492776.txt.knowtator.xml
knee joints,UBERON:0001485,knee joint,UBERON_Instance_272302,15492776.txt.knowtator.xml
tibial epiphysis,UBERON:0004383,epiphysis of tibia,UBERON_Instance_272312,15492776.txt.knowtator.xml
ti,UBERON:0000979,tibia,UBERON_Instance_272310,15492776.txt.knowtator.xml
Articular,UBERON:0004905,articulation,UBERON_Instance_300292,15492776.txt.knowtator.xml
Articular cartilage,UBERON:0010996,articular cartilage of joint,UBERON_Instance_271148,15492776.txt.knowtator.xml
articular cartilage,UBERON:0010996,articular cartilage of joint,UBERON_Instance_271170,15492776.txt.knowtator.xml
Articular Cartilage,UBERON:0010996,articular cartilage of joint,UBERON_Instance_271204,15492776.txt.knowtator.xml
heads,UBERON:0000033,head,UBERON_Instance_260088,15492776.txt.knowtator.xml
skeletal joint,UBERON:0000982,skeletal joint,UBERON_Instance_271420,15492776.txt.knowtator.xml
knee joint,UBERON:0001485,knee joint,UBERON_Instance_271450,15492776.txt.knowtator.xml
synovial joint,UBERON:0002217,synovial joint,UBERON_Instance_271410,15492776.txt.knowtator.xml
limb joints,UBERON:0003657,limb joint,UBERON_Instance_271458,15492776.txt.knowtator.xml
synovial joints,UBERON:0002217,synovial joint,UBERON_Instance_271534,15492776.txt.knowtator.xml
shoulder joint,UBERON:0016884,shoulder joint,UBERON_Instance_271594,15492776.txt.knowtator.xml
ear pinnae,UBERON:0001757,pinna,UBERON_Instance_271620,15492776.txt.knowtator.xml
ribs,UBERON:0002228,rib,UBERON_Instance_271622,15492776.txt.knowtator.xml
second ... digits of ... forelimbs,UBERON:0003622,manual digit 2,UBERON_Instance_273158,15492776.txt.knowtator.xml
sternum,UBERON:0000975,sternum,UBERON_Instance_271624,15492776.txt.knowtator.xml
first ... digits of ... forelimbs,UBERON:0001463,manual digit 1,UBERON_Instance_273156,15492776.txt.knowtator.xml
shoulder,UBERON:0001467,shoulder,UBERON_Instance_271600,15492776.txt.knowtator.xml
knee,UBERON:0001465,knee,UBERON_Instance_271602,15492776.txt.knowtator.xml
elbow joint,UBERON:0001490,elbow joint,UBERON_Instance_271596,15492776.txt.knowtator.xml
phalangeal joints,UBERON:0006658,interphalangeal joint,UBERON_Instance_271610,15492776.txt.knowtator.xml
joints of ... limbs,UBERON:0003657,limb joint,UBERON_Instance_271604,15492776.txt.knowtator.xml
fingertips,UBERON:0009552,distal segment of manual digit,UBERON_Instance_271608,15492776.txt.knowtator.xml
external ear,UBERON:0001691,external ear,UBERON_Instance_271656,15492776.txt.knowtator.xml
Ear,UBERON:0001690,ear,UBERON_Instance_271654,15492776.txt.knowtator.xml
forefeet,UBERON:0002398,manus,UBERON_Instance_271664,15492776.txt.knowtator.xml
hindfeet,UBERON:0002387,pes,UBERON_Instance_271666,15492776.txt.knowtator.xml
first ... digits of ... feet,UBERON:0003631,pedal digit 1,UBERON_Instance_280026,15492776.txt.knowtator.xml
second digits of ... feet,UBERON:0003632,pedal digit 2,UBERON_Instance_280028,15492776.txt.knowtator.xml
wrist,UBERON:0004452,carpal region,UBERON_Instance_271638,15492776.txt.knowtator.xml
ankle,UBERON:0004454,tarsal region,UBERON_Instance_271640,15492776.txt.knowtator.xml
vertebral column,UBERON:0001130,vertebral column,UBERON_Instance_271634,15492776.txt.knowtator.xml
first ... digit,UBERON:0006048,digit 1,UBERON_Instance_273172,15492776.txt.knowtator.xml
second digit,UBERON:0006049,digit 2,UBERON_Instance_273174,15492776.txt.knowtator.xml
ear cartilage,UBERON:0001867,cartilage of external ear,UBERON_Instance_271646,15492776.txt.knowtator.xml
growth plate of ... long bones,UBERON:0002516,epiphyseal plate,UBERON_Instance_271648,15492776.txt.knowtator.xml
interdigital webbing,UBERON:0006015,webbed interdigital region,UBERON_Instance_271694,15492776.txt.knowtator.xml
interdigital region between ... first and second ... digits,UBERON:0006016,interdigital region between digits 1 and 2,UBERON_Instance_271706,15492776.txt.knowtator.xml
ankles,UBERON:0004454,tarsal region,UBERON_Instance_271672,15492776.txt.knowtator.xml
ea,UBERON:0001690,ear,UBERON_Instance_280096,15492776.txt.knowtator.xml
second distal tarsal,UBERON:0001453,distal tarsal bone 2,UBERON_Instance_271676,15492776.txt.knowtator.xml
tip of ... digit,UBERON:0009551,distal segment of digit,UBERON_Instance_280094,15492776.txt.knowtator.xml
joints of ... limb,UBERON:0003657,limb joint,UBERON_Instance_271688,15492776.txt.knowtator.xml
Interdigital mesenchyme,UBERON:0009585,interdigital region mesenchyme,UBERON_Instance_271690,15492776.txt.knowtator.xml
cartilaginous growth plate,UBERON:0004129,growth plate cartilage,UBERON_Instance_271684,15492776.txt.knowtator.xml
ankle region,UBERON:0004454,tarsal region,UBERON_Instance_271686,15492776.txt.knowtator.xml
Ankle Regions,UBERON:0004454,tarsal region,UBERON_Instance_271732,15492776.txt.knowtator.xml
skeletons,UBERON:0004288,skeleton,UBERON_Instance_271746,15492776.txt.knowtator.xml
Adulthood,UBERON:0000113,post-juvenile adult stage,UBERON_Instance_260292,15492776.txt.knowtator.xml
second digits,UBERON:0006049,digit 2,UBERON_Instance_271728,15492776.txt.knowtator.xml
interdigital mesenchyme,UBERON:0009585,interdigital region mesenchyme,UBERON_Instance_271730,15492776.txt.knowtator.xml
webbed region between ... digits,UBERON:0006015,webbed interdigital region,UBERON_Instance_271724,15492776.txt.knowtator.xml
first ... digits,UBERON:0006048,digit 1,UBERON_Instance_271726,15492776.txt.knowtator.xml
carpals,UBERON:0001435,carpal bone,UBERON_Instance_271788,15492776.txt.knowtator.xml
metacarpals,UBERON:0002374,metacarpal bone,UBERON_Instance_271790,15492776.txt.knowtator.xml
interphalangeal joints,UBERON:0006658,interphalangeal joint,UBERON_Instance_271760,15492776.txt.knowtator.xml
joint of ... hindlimb,UBERON:0003840,hindlimb joint,UBERON_Instance_271872,15492776.txt.knowtator.xml
Digit,UBERON:0002544,digit,UBERON_Instance_260470,15492776.txt.knowtator.xml
webbing between digits,UBERON:0006015,webbed interdigital region,UBERON_Instance_290134,15492776.txt.knowtator.xml
meniscus,UBERON:0000387,meniscus,UBERON_Instance_271884,15492776.txt.knowtator.xml
foot joints,UBERON:0001487,pes joint,UBERON_Instance_271876,15492776.txt.knowtator.xml
synovium,UBERON:0007616,layer of synovial tissue,UBERON_Instance_271834,15492776.txt.knowtator.xml
Synovial,UBERON:0007616,layer of synovial tissue,UBERON_Instance_271844,15492776.txt.knowtator.xml
Knee Joints,UBERON:0001485,knee joint,UBERON_Instance_271852,15492776.txt.knowtator.xml
growth plate cartilage,UBERON:0004129,growth plate cartilage,UBERON_Instance_271916,15492776.txt.knowtator.xml
parathyroid,UBERON:0001132,parathyroid gland,UBERON_Instance_290198,15492776.txt.knowtator.xml
epiphysis of ... femur,UBERON:0004384,epiphysis of femur,UBERON_Instance_271920,15492776.txt.knowtator.xml
epiphysis of ... tibia,UBERON:0004383,epiphysis of tibia,UBERON_Instance_271914,15492776.txt.knowtator.xml
ossification front,UBERON:0006773,long bone epiphyseal plate ossification zone,UBERON_Instance_290186,15492776.txt.knowtator.xml
P1,UBERON:0004302,proximal phalanx,UBERON_Instance_290248,15492776.txt.knowtator.xml
knees,UBERON:0001465,knee,UBERON_Instance_290226,15492776.txt.knowtator.xml
MT,UBERON:0001448,metatarsal bone,UBERON_Instance_290246,15492776.txt.knowtator.xml
portions of ... brain,UBERON:0002616,regional part of brain,UBERON_Instance_290142,15492776.txt.knowtator.xml
portions of ... spinal cord,UBERON:0001948,regional part of spinal cord,UBERON_Instance_290144,15492776.txt.knowtator.xml
fibrocartilaginous,UBERON:0001995,fibrocartilage,UBERON_Instance_271886,15492776.txt.knowtator.xml
regions of ... brain,UBERON:0002616,regional part of brain,UBERON_Instance_290138,15492776.txt.knowtator.xml
regions of ... spinal cord,UBERON:0001948,regional part of spinal cord,UBERON_Instance_290140,15492776.txt.knowtator.xml
central tarsal bone,UBERON:4200011,pedal centrale,UBERON_Instance_290150,15492776.txt.knowtator.xml
interdigital mesenchyme between ... first and second digits,UBERON:0009596,mesenchyme of interdigital region between digits 1 and 2,UBERON_Instance_290154,15492776.txt.knowtator.xml
webbing between ... digits of ... feet,UBERON:0008439,webbed interdigital region between pedal digits,UBERON_Instance_290148,15492776.txt.knowtator.xml
E,UBERON:0000922,embryo,UBERON_Instance_290294,15492776.txt.knowtator.xml
P2,UBERON:4100005,second phalanx,UBERON_Instance_290288,15492776.txt.knowtator.xml
webbing between ... digit,UBERON:0006015,webbed interdigital region,UBERON_Instance_290312,15492776.txt.knowtator.xml
interdigital,UBERON:0006012,interdigital region,UBERON_Instance_290304,15492776.txt.knowtator.xml
bones in ... ankle,UBERON:0001447,tarsal bone,UBERON_Instance_271944,15492776.txt.knowtator.xml
interdigital limb mesenchyme,UBERON:0009585,interdigital region mesenchyme,UBERON_Instance_290258,15492776.txt.knowtator.xml
ends of long bones,UBERON:0001437,epiphysis,UBERON_Instance_290266,15492776.txt.knowtator.xml
DRG,UBERON:0000044,dorsal root ganglion,UBERON_Instance_290458,15550985.txt.knowtator.xml
laminae,UBERON:0000957,lamina,UBERON_Instance_290444,15550985.txt.knowtator.xml
ventral horn,UBERON:0002257,ventral horn of spinal cord,UBERON_Instance_272806,15550985.txt.knowtator.xml
muscle spindles,UBERON:0003718,muscle spindle,UBERON_Instance_272826,15550985.txt.knowtator.xml
trigeminal,UBERON:0001675,trigeminal ganglion,UBERON_Instance_290464,15550985.txt.knowtator.xml
gray matter,UBERON:0002020,gray matter,UBERON_Instance_290494,15550985.txt.knowtator.xml
ventral root,UBERON:0002260,ventral root of spinal cord,UBERON_Instance_272788,15550985.txt.knowtator.xml
DRGs,UBERON:0000044,dorsal root ganglion,UBERON_Instance_272780,15550985.txt.knowtator.xml
circuit,UBERON:0024914,circuit part of central nervous system,UBERON_Instance_290402,15550985.txt.knowtator.xml
Spinal Cord,UBERON:0002240,spinal cord,UBERON_Instance_272844,15550985.txt.knowtator.xml
Tibial Nerve,UBERON:0001323,tibial nerve,UBERON_Instance_272916,15550985.txt.knowtator.xml
Muscle Spindles,UBERON:0003718,muscle spindle,UBERON_Instance_272912,15550985.txt.knowtator.xml
dorsal horn,UBERON:0002256,dorsal horn of spinal cord,UBERON_Instance_272898,15550985.txt.knowtator.xml
ventral horn of ... spinal cord,UBERON:0002257,ventral horn of spinal cord,UBERON_Instance_272890,15550985.txt.knowtator.xml
ganglia,UBERON:0000045,ganglion,UBERON_Instance_272962,15550985.txt.knowtator.xml
spindle,UBERON:0003718,muscle spindle,UBERON_Instance_272930,15550985.txt.knowtator.xml
Muscle spindles,UBERON:0003718,muscle spindle,UBERON_Instance_272932,15550985.txt.knowtator.xml
tibial nerve,UBERON:0001323,tibial nerve,UBERON_Instance_272942,15550985.txt.knowtator.xml
lateral motor column,UBERON:0010405,spinal cord lateral motor column,UBERON_Instance_272420,15550985.txt.knowtator.xml
cord,UBERON:0002240,spinal cord,UBERON_Instance_272392,15550985.txt.knowtator.xml
ventral horns,UBERON:0002257,ventral horn of spinal cord,UBERON_Instance_272394,15550985.txt.knowtator.xml
spindles,UBERON:0003718,muscle spindle,UBERON_Instance_272472,15550985.txt.knowtator.xml
ventral cord,UBERON:0000934,ventral nerve cord,UBERON_Instance_272426,15550985.txt.knowtator.xml
nerve,UBERON:0001021,nerve,UBERON_Instance_272436,15550985.txt.knowtator.xml
spinal cords,UBERON:0002240,spinal cord,UBERON_Instance_272432,15550985.txt.knowtator.xml
Dorsal horns,UBERON:0002256,dorsal horn of spinal cord,UBERON_Instance_272434,15550985.txt.knowtator.xml
peripheral nerves,UBERON:0001021,nerve,UBERON_Instance_272508,15550985.txt.knowtator.xml
skin of ... lower leg,UBERON:0004264,lower leg skin,UBERON_Instance_272504,15550985.txt.knowtator.xml
gray matter,UBERON:0002315,gray matter of spinal cord,UBERON_Instance_272514,15550985.txt.knowtator.xml
leg,UBERON:0000978,leg,UBERON_Instance_272494,15550985.txt.knowtator.xml
trigeminal ganglion,UBERON:0001675,trigeminal ganglion,UBERON_Instance_272560,15550985.txt.knowtator.xml
maxillary process,UBERON:0005868,maxillary prominence,UBERON_Instance_280144,15550985.txt.knowtator.xml
Dental,UBERON:0001091,calcareous tooth,UBERON_Instance_660022,15550985.txt.knowtator.xml
lateral motor columns,UBERON:0010405,spinal cord lateral motor column,UBERON_Instance_280148,15550985.txt.knowtator.xml
corticospinal,UBERON:0002707,corticospinal tract,UBERON_Instance_272594,15550985.txt.knowtator.xml
muscle spindle,UBERON:0003718,muscle spindle,UBERON_Instance_260408,15550985.txt.knowtator.xml
nerve bundles,UBERON:0001019,nerve fasciculus,UBERON_Instance_400080,15550985.txt.knowtator.xml
ventral horns of ... spinal cord,UBERON:0002257,ventral horn of spinal cord,UBERON_Instance_272676,15550985.txt.knowtator.xml
Spinal cords,UBERON:0002240,spinal cord,UBERON_Instance_272740,15550985.txt.knowtator.xml
Muscle spindle,UBERON:0003718,muscle spindle,UBERON_Instance_272722,15550985.txt.knowtator.xml
Cb,UBERON:0002037,cerebellum,UBERON+extensions+nested_Instance_80148,15588329.txt.knowtator.xml
Tail,UBERON:0002415,tail,UBERON_Instance_230494,15588329.txt.knowtator.xml
cerebella,UBERON:0002037,cerebellum,UBERON_Instance_230648,15588329.txt.knowtator.xml
po,UBERON:0000988,pons,UBERON_Instance_320052,15615595.txt.knowtator.xml
hy,UBERON:0001898,hypothalamus,UBERON_Instance_320048,15615595.txt.knowtator.xml
mo,UBERON:0001896,medulla oblongata,UBERON_Instance_320060,15615595.txt.knowtator.xml
pituitary,UBERON:0000007,pituitary gland,UBERON_Instance_320062,15615595.txt.knowtator.xml
c,UBERON:0002037,cerebellum,UBERON_Instance_320056,15615595.txt.knowtator.xml
mbr,UBERON:0002314,midbrain tectum,UBERON_Instance_320032,15615595.txt.knowtator.xml
mv,UBERON:0002135,mitral valve,UBERON_Instance_320028,15615595.txt.knowtator.xml
midbrain roof,UBERON:0002314,midbrain tectum,UBERON_Instance_320030,15615595.txt.knowtator.xml
mes,UBERON:0013147,early mesencephalic vesicle,UBERON_Instance_320040,15615595.txt.knowtator.xml
mb,UBERON:0001891,midbrain,UBERON_Instance_320036,15615595.txt.knowtator.xml
mesencephalic vesicle,UBERON:0013147,early mesencephalic vesicle,UBERON_Instance_320038,15615595.txt.knowtator.xml
ventricular septal,UBERON:0002094,interventricular septum,UBERON+extension_classes_Instance_80008,15615595.txt.knowtator.xml
t,UBERON:0001723,tongue,UBERON_Instance_320068,15615595.txt.knowtator.xml
pit,UBERON:0000007,pituitary gland,UBERON_Instance_320064,15615595.txt.knowtator.xml
visceral organs,UBERON:0002075,viscus,UBERON_Instance_300006,15615595.txt.knowtator.xml
tongue,UBERON:0001723,tongue,UBERON_Instance_320066,15615595.txt.knowtator.xml
outlet,UBERON:0004145,outflow tract,UBERON_Instance_330024,15615595.txt.knowtator.xml
arterial trunk,UBERON:0002061,truncus arteriosus,UBERON_Instance_330026,15615595.txt.knowtator.xml
visceral,UBERON:0002075,viscus,UBERON_Instance_270000,15615595.txt.knowtator.xml
atrial ... septal,UBERON:0002085,interatrial septum,UBERON_Instance_330022,15615595.txt.knowtator.xml
th,UBERON:0002370,thymus,UBERON_Instance_330072,15615595.txt.knowtator.xml
outflow tract,UBERON:0004145,outflow tract,UBERON_Instance_331296,15615595.txt.knowtator.xml
left superior vena cava,UBERON:0006765,left anterior vena cava,UBERON_Instance_330074,15615595.txt.knowtator.xml
right ... lungs,UBERON:0002167,right lung,UBERON_Instance_331298,15615595.txt.knowtator.xml
myocardial,UBERON:0002349,myocardium,UBERON_Instance_331292,15615595.txt.knowtator.xml
lad,UBERON:0001234,left adrenal gland,UBERON_Instance_330096,15615595.txt.knowtator.xml
left ... kidney,UBERON:0004538,left kidney,UBERON_Instance_330098,15615595.txt.knowtator.xml
umbilical,UBERON:0007118,umbilicus,UBERON_Instance_331326,15615595.txt.knowtator.xml
s,UBERON:0000945,stomach,UBERON_Instance_330092,15615595.txt.knowtator.xml
left adrenal,UBERON:0001234,left adrenal gland,UBERON_Instance_330094,15615595.txt.knowtator.xml
left ... ventricles,UBERON:0002084,heart left ventricle,UBERON_Instance_331320,15615595.txt.knowtator.xml
pa,UBERON:0001264,pancreas,UBERON_Instance_330104,15615595.txt.knowtator.xml
rave,UBERON:0002080,heart right ventricle,UBERON_Instance_331334,15615595.txt.knowtator.xml
embryonal,UBERON:0000922,embryo,UBERON_Instance_230056,15615595.txt.knowtator.xml
intestines,UBERON:0000160,intestine,UBERON_Instance_330106,15615595.txt.knowtator.xml
ivs,UBERON:0002094,interventricular septum,UBERON_Instance_331336,15615595.txt.knowtator.xml
lk,UBERON:0004538,left kidney,UBERON_Instance_330100,15615595.txt.knowtator.xml
ram,UBERON:0002078,right cardiac atrium,UBERON_Instance_331330,15615595.txt.knowtator.xml
live,UBERON:0002084,heart left ventricle,UBERON_Instance_331332,15615595.txt.knowtator.xml
lmb,UBERON:0002178,left main bronchus,UBERON_Instance_330080,15615595.txt.knowtator.xml
ll,UBERON:0002168,left lung,UBERON_Instance_331304,15615595.txt.knowtator.xml
right ... atria,UBERON:0002078,right cardiac atrium,UBERON_Instance_331306,15615595.txt.knowtator.xml
lsvc,UBERON:0006765,left anterior vena cava,UBERON_Instance_330076,15615595.txt.knowtator.xml
left lungs,UBERON:0002168,left lung,UBERON_Instance_331300,15615595.txt.knowtator.xml
left ... main bronchus,UBERON:0002178,left main bronchus,UBERON_Instance_330078,15615595.txt.knowtator.xml
rl,UBERON:0002167,right lung,UBERON_Instance_331302,15615595.txt.knowtator.xml
li,UBERON:0002107,liver,UBERON_Instance_330088,15615595.txt.knowtator.xml
right ... ventricles,UBERON:0002080,heart right ventricle,UBERON_Instance_331316,15615595.txt.knowtator.xml
ao,UBERON:0000947,aorta,UBERON_Instance_330084,15615595.txt.knowtator.xml
left ... atria,UBERON:0002079,left cardiac atrium,UBERON_Instance_331308,15615595.txt.knowtator.xml
rvot,UBERON:0005953,outflow part of right ventricle,UBERON_Instance_330128,15615595.txt.knowtator.xml
arterial duct,UBERON:0005440,ductus arteriosus,UBERON_Instance_331358,15615595.txt.knowtator.xml
Myocardial,UBERON:0002349,myocardium,UBERON_Instance_331368,15615595.txt.knowtator.xml
lar,UBERON:0001737,larynx,UBERON_Instance_330124,15615595.txt.knowtator.xml
lobes of ... thymus,UBERON:0005483,thymus lobe,UBERON_Instance_331354,15615595.txt.knowtator.xml
right ventricular outflow tract,UBERON:0005953,outflow part of right ventricle,UBERON_Instance_330126,15615595.txt.knowtator.xml
th,UBERON:0005483,thymus lobe,UBERON_Instance_331356,15615595.txt.knowtator.xml
sp,UBERON:0002106,spleen,UBERON_Instance_330132,15615595.txt.knowtator.xml
aq,UBERON:0002289,midbrain cerebral aqueduct,UBERON_Instance_330112,15615595.txt.knowtator.xml
fourth ventricle,UBERON:0002422,fourth ventricle,UBERON_Instance_330114,15615595.txt.knowtator.xml
ad,UBERON:0005440,ductus arteriosus,UBERON_Instance_331344,15615595.txt.knowtator.xml
i,UBERON:0000160,intestine,UBERON_Instance_330108,15615595.txt.knowtator.xml
secondary atrial septum,UBERON:0004155,atrial septum secundum,UBERON_Instance_331338,15615595.txt.knowtator.xml
aqueduct of Sylvius,UBERON:0002289,midbrain cerebral aqueduct,UBERON_Instance_330110,15615595.txt.knowtator.xml
sas,UBERON:0004155,atrial septum secundum,UBERON_Instance_331340,15615595.txt.knowtator.xml
ie,UBERON:0001846,internal ear,UBERON_Instance_330120,15615595.txt.knowtator.xml
larynx,UBERON:0001737,larynx,UBERON_Instance_330122,15615595.txt.knowtator.xml
thoracic,UBERON:0000915,thoracic segment of trunk,UBERON_Instance_331352,15615595.txt.knowtator.xml
fv,UBERON:0002422,fourth ventricle,UBERON_Instance_330116,15615595.txt.knowtator.xml
right atria,UBERON:0002078,right cardiac atrium,UBERON_Instance_330184,15615595.txt.knowtator.xml
septal,UBERON:0003037,septum,UBERON_Instance_330178,15615595.txt.knowtator.xml
subclavian artery,UBERON:0001533,subclavian artery,UBERON_Instance_330160,15615595.txt.knowtator.xml
ascending aorta,UBERON:0001496,ascending aorta,UBERON_Instance_330208,15615595.txt.knowtator.xml
a-ao,UBERON:0001496,ascending aorta,UBERON_Instance_330210,15615595.txt.knowtator.xml
interventricular septum,UBERON:0002094,interventricular septum,UBERON_Instance_330204,15615595.txt.knowtator.xml
Embryonal,UBERON:0000922,embryo,UBERON_Instance_230126,15615595.txt.knowtator.xml
atria septal,UBERON:0002085,interatrial septum,UBERON_Instance_330200,15615595.txt.knowtator.xml
primary atria septum,UBERON:0004154,atrial septum primum,UBERON_Instance_330196,15615595.txt.knowtator.xml
pas,UBERON:0004154,atrial septum primum,UBERON_Instance_330198,15615595.txt.knowtator.xml
es,UBERON:0001043,esophagus,UBERON_Instance_330246,15615595.txt.knowtator.xml
right superior vena cava,UBERON:0006766,right anterior vena cava,UBERON_Instance_330252,15615595.txt.knowtator.xml
r-svc,UBERON:0006766,right anterior vena cava,UBERON_Instance_330254,15615595.txt.knowtator.xml
trachea,UBERON:0003126,trachea,UBERON_Instance_330228,15615595.txt.knowtator.xml
tr,UBERON:0003126,trachea,UBERON_Instance_330230,15615595.txt.knowtator.xml
aortic valve,UBERON:0002137,aortic valve,UBERON_Instance_330220,15615595.txt.knowtator.xml
ao-v,UBERON:0002137,aortic valve,UBERON_Instance_330222,15615595.txt.knowtator.xml
left ... ventricular outflow tracts,UBERON:0005956,outflow part of left ventricle,UBERON_Instance_330286,15615595.txt.knowtator.xml
tv,UBERON:0002134,tricuspid valve,UBERON_Instance_330278,15615595.txt.knowtator.xml
right ventricular outflow tracts,UBERON:0005953,outflow part of right ventricle,UBERON_Instance_330282,15615595.txt.knowtator.xml
pv,UBERON:0002146,pulmonary valve,UBERON_Instance_330292,15615595.txt.knowtator.xml
lvot,UBERON:0005956,outflow part of left ventricle,UBERON_Instance_330288,15615595.txt.knowtator.xml
pulmonary valve,UBERON:0002146,pulmonary valve,UBERON_Instance_330290,15615595.txt.knowtator.xml
pvn,UBERON:0002016,pulmonary vein,UBERON_Instance_330266,15615595.txt.knowtator.xml
descending aorta,UBERON:0001514,descending aorta,UBERON_Instance_330268,15615595.txt.knowtator.xml
l-svc,UBERON:0006765,left anterior vena cava,UBERON_Instance_330262,15615595.txt.knowtator.xml
pulmonary vein,UBERON:0002016,pulmonary vein,UBERON_Instance_330264,15615595.txt.knowtator.xml
tricuspid valves,UBERON:0002134,tricuspid valve,UBERON_Instance_330276,15615595.txt.knowtator.xml
d-ao,UBERON:0001514,descending aorta,UBERON_Instance_330270,15615595.txt.knowtator.xml
mitral ... valves,UBERON:0002135,mitral valve,UBERON_Instance_330272,15615595.txt.knowtator.xml
rad,UBERON:0001233,right adrenal gland,UBERON_Instance_330302,15615595.txt.knowtator.xml
right kidney,UBERON:0004539,right kidney,UBERON_Instance_330304,15615595.txt.knowtator.xml
right adrenal gland,UBERON:0001233,right adrenal gland,UBERON_Instance_330300,15615595.txt.knowtator.xml
rk,UBERON:0004539,right kidney,UBERON_Instance_330306,15615595.txt.knowtator.xml
right lung,UBERON:0002167,right lung,UBERON_Instance_330308,15615595.txt.knowtator.xml
primary atrial septum,UBERON:0004154,atrial septum primum,UBERON_Instance_330356,15615595.txt.knowtator.xml
right ventricles,UBERON:0002080,heart right ventricle,UBERON_Instance_330336,15615595.txt.knowtator.xml
aortic arch,UBERON:0001508,arch of aorta,UBERON_Instance_340028,15615595.txt.knowtator.xml
Embryo,UBERON:0000922,embryo,UBERON_Instance_230290,15615595.txt.knowtator.xml
te,UBERON:0000473,testis,UBERON_Instance_110012,15615595.txt.knowtator.xml
ao-a,UBERON:0001508,arch of aorta,UBERON_Instance_340116,15615595.txt.knowtator.xml
aortic arches,UBERON:0001508,arch of aorta,UBERON_Instance_340086,15615595.txt.knowtator.xml
systemic venous sinus,UBERON:0002063,sinus venosus,UBERON_Instance_340090,15615595.txt.knowtator.xml
svs,UBERON:0002063,sinus venosus,UBERON_Instance_340092,15615595.txt.knowtator.xml
tha,UBERON:0001897,dorsal plus ventral thalamus,UBERON_Instance_532204,15615595.txt.knowtator.xml
thalamus,UBERON:0001897,dorsal plus ventral thalamus,UBERON_Instance_532206,15615595.txt.knowtator.xml
compact zone,UBERON:0004125,myocardial compact layer,UBERON_Instance_340138,15615595.txt.knowtator.xml
left ventricular outflow tract,UBERON:0005956,outflow part of left ventricle,UBERON_Instance_330464,15615595.txt.knowtator.xml
aov,UBERON:0002137,aortic valve,UBERON_Instance_330566,15615595.txt.knowtator.xml
right main bronchus,UBERON:0002177,right main bronchus,UBERON_Instance_330542,15615595.txt.knowtator.xml
rmb,UBERON:0002177,right main bronchus,UBERON_Instance_330544,15615595.txt.knowtator.xml
cardiac outflow tract,UBERON:0004145,outflow tract,UBERON_Instance_330598,15615595.txt.knowtator.xml
heart muscle,UBERON:0001133,cardiac muscle tissue,UBERON_Instance_230608,15615595.txt.knowtator.xml
vaginal plug,UBERON:0010148,mating plug,UBERON_Instance_230550,15615595.txt.knowtator.xml
trabeculi,UBERON:0000440,trabecula,UBERON_Instance_330578,15615595.txt.knowtator.xml
cardiac septal,UBERON:0002099,cardiac septum,UBERON_Instance_230726,15615595.txt.knowtator.xml
cardiac septa,UBERON:0002099,cardiac septum,UBERON_Instance_230804,15615595.txt.knowtator.xml
atrial septal,UBERON:0002085,interatrial septum,UBERON_Instance_320016,15615595.txt.knowtator.xml
interventricular septa,UBERON:0002094,interventricular septum,UBERON_Instance_320018,15615595.txt.knowtator.xml
ventricular ... septal,UBERON:0002094,interventricular septum,UBERON_Instance_320012,15615595.txt.knowtator.xml
mitral valve,UBERON:0002135,mitral valve,UBERON_Instance_320026,15615595.txt.knowtator.xml
primary atrial ... septa,UBERON:0004154,atrial septum primum,UBERON_Instance_320022,15615595.txt.knowtator.xml
sc,UBERON:0002240,spinal cord,UBERON_Instance_310010,15615595.txt.knowtator.xml
glomeruus,UBERON:0000074,renal glomerulus,UBERON_Instance_330768,15619330.txt.knowtator.xml
glom,UBERON:0000074,renal glomerulus,UBERON_Instance_330770,15619330.txt.knowtator.xml
bronchus,UBERON:0002185,bronchus,UBERON_Instance_330764,15619330.txt.knowtator.xml
Bron,UBERON:0002185,bronchus,UBERON_Instance_330766,15619330.txt.knowtator.xml
noto,UBERON:0002328,notochord,UBERON_Instance_330742,15619330.txt.knowtator.xml
node,UBERON:0003062,primitive knot,UBERON_Instance_532278,15619330.txt.knowtator.xml
sept,UBERON:0003037,septum,UBERON_Instance_330778,15619330.txt.knowtator.xml
medulla,UBERON:0000958,medulla of organ,UBERON_Instance_330772,15619330.txt.knowtator.xml
med,UBERON:0000958,medulla of organ,UBERON_Instance_330774,15619330.txt.knowtator.xml
embryoid body,UBERON:0014374,embryoid body,UBERON_Instance_330824,15619330.txt.knowtator.xml
embryoid bodies,UBERON:0014374,embryoid body,UBERON_Instance_330826,15619330.txt.knowtator.xml
primitive streak,UBERON:0004341,primitive streak,UBERON_Instance_330806,15619330.txt.knowtator.xml
allantois,UBERON:0004340,allantois,UBERON_Instance_330818,15619330.txt.knowtator.xml
ub,UBERON:0000084,ureteric bud,UBERON_Instance_230606,15619330.txt.knowtator.xml
headfold,UBERON:0009746,head fold of embryonic disc,UBERON_Instance_330868,15619330.txt.knowtator.xml
ureteric bud,UBERON:0000084,ureteric bud,UBERON_Instance_230604,15619330.txt.knowtator.xml
Inner cell mass,UBERON:0000087,inner cell mass,UBERON_Instance_600039,15619330.txt.knowtator.xml
ICM,UBERON:0000087,inner cell mass,UBERON_Instance_600041,15619330.txt.knowtator.xml
hf,UBERON:0009746,head fold of embryonic disc,UBERON_Instance_330870,15619330.txt.knowtator.xml
Em,UBERON:0000922,embryo,UBERON_Instance_330664,15619330.txt.knowtator.xml
gastrula stage,UBERON:0000109,gastrula stage,UBERON_Instance_330638,15619330.txt.knowtator.xml
pharyngeal region,UBERON:0009145,pharyngeal region of foregut,UBERON_Instance_330694,15619330.txt.knowtator.xml
embryonic ectoderm,UBERON:0000924,ectoderm,UBERON_Instance_330684,15619330.txt.knowtator.xml
lung lobe,UBERON:0000101,lobe of lung,UBERON_Instance_331404,15619330.txt.knowtator.xml
head of ... embryo,UBERON:0008816,embryonic head,UBERON_Instance_340182,15619330.txt.knowtator.xml
ect,UBERON:0000924,ectoderm,UBERON_Instance_330730,15619330.txt.knowtator.xml
ven,UBERON:0002082,cardiac ventricle,UBERON_Instance_340188,15619330.txt.knowtator.xml
streak,UBERON:0004341,primitive streak,UBERON_Instance_340178,15619330.txt.knowtator.xml
definitive endoderm,UBERON:0005439,definitive endoderm,UBERON_Instance_340180,15619330.txt.knowtator.xml
headfolds,UBERON:0009746,head fold of embryonic disc,UBERON_Instance_340196,15619330.txt.knowtator.xml
mes,UBERON:0000926,mesoderm,UBERON_Instance_330738,15619330.txt.knowtator.xml
en,UBERON:0000925,endoderm,UBERON_Instance_330734,15619330.txt.knowtator.xml
1st branchial pouch,UBERON:0007122,pharyngeal pouch 1,UBERON_Instance_330714,15619330.txt.knowtator.xml
mural trophectoderm,UBERON:0006265,mural trophectoderm,UBERON_Instance_331384,15619330.txt.knowtator.xml
polar trophectoderm,UBERON:0006280,polar trophectoderm,UBERON_Instance_331386,15619330.txt.knowtator.xml
branchial pouch,UBERON:0004117,pharyngeal pouch,UBERON_Instance_330722,15619330.txt.knowtator.xml
inner cell mass,UBERON:0000087,inner cell mass,UBERON_Instance_340176,15619330.txt.knowtator.xml
axial mesoderm,UBERON:0003068,axial mesoderm,UBERON_Instance_330718,15619330.txt.knowtator.xml
gastrula-stage,UBERON:0000109,gastrula stage,UBERON_Instance_331394,15619330.txt.knowtator.xml
back,UBERON:0001137,dorsum,UBERON_Instance_340270,15630473.txt.knowtator.xml
hair,UBERON:0010164,collection of hairs,UBERON_Instance_340228,15630473.txt.knowtator.xml
spinous layer,UBERON:0002026,stratum spinosum of epidermis,UBERON_Instance_340262,15630473.txt.knowtator.xml
Guard hairs,UBERON:0010512,strand of guard hair,UBERON_Instance_331118,15630473.txt.knowtator.xml
hair coat,UBERON:0010166,coat of hair,UBERON_Instance_331138,15630473.txt.knowtator.xml
guard hair,UBERON:0010512,strand of guard hair,UBERON_Instance_331114,15630473.txt.knowtator.xml
Epidermal,UBERON:0007376,outer epithelium,UBERON_Instance_230516,15630473.txt.knowtator.xml
der,UBERON:0002067,dermis,UBERON_Instance_331192,15630473.txt.knowtator.xml
epi,UBERON:0007376,outer epithelium,UBERON_Instance_331188,15630473.txt.knowtator.xml
Epithelial,UBERON:0000483,epithelium,UBERON_Instance_331148,15630473.txt.knowtator.xml
skin epidermis,UBERON:0001003,skin epidermis,UBERON_Instance_230576,15630473.txt.knowtator.xml
skin epithelium,UBERON:0019204,skin epithelium,UBERON_Instance_230592,15630473.txt.knowtator.xml
oral epithelium,UBERON:0002424,oral epithelium,UBERON_Instance_331230,15630473.txt.knowtator.xml
Epidermis,UBERON:0007376,outer epithelium,UBERON_Instance_331252,15630473.txt.knowtator.xml
Skin Epidermis,UBERON:0001003,skin epidermis,UBERON_Instance_331224,15630473.txt.knowtator.xml
stratum corneum,UBERON:0002027,stratum corneum of epidermis,UBERON_Instance_331260,15630473.txt.knowtator.xml
hair placode,UBERON:0005086,hair follicle placode,UBERON_Instance_331496,15630473.txt.knowtator.xml
hair placodes,UBERON:0005086,hair follicle placode,UBERON_Instance_331454,15630473.txt.knowtator.xml
spinous ... layer,UBERON:0002026,stratum spinosum of epidermis,UBERON_Instance_280000,15630473.txt.knowtator.xml
ORS ... of ... hair follicle,UBERON:0005942,hair outer root sheath,UBERON_Instance_331660,15630473.txt.knowtator.xml
outer root sheath ... of ... hair follicle,UBERON:0005942,hair outer root sheath,UBERON_Instance_331658,15630473.txt.knowtator.xml
ORS,UBERON:0005942,hair outer root sheath,UBERON_Instance_331666,15630473.txt.knowtator.xml
follicle ORS,UBERON:0005942,hair outer root sheath,UBERON_Instance_331668,15630473.txt.knowtator.xml
suprabasal,UBERON:0010402,epidermis suprabasal layer,UBERON_Instance_331726,15630473.txt.knowtator.xml
layers ... spinous,UBERON:0002026,stratum spinosum of epidermis,UBERON_Instance_290002,15630473.txt.knowtator.xml
basally,UBERON:0002025,stratum basale of epidermis,UBERON_Instance_331728,15630473.txt.knowtator.xml
basal layer of ... epidermis,UBERON:0002025,stratum basale of epidermis,UBERON_Instance_331720,15630473.txt.knowtator.xml
granular layer,UBERON:0002069,stratum granulosum of epidermis,UBERON_Instance_331734,15630473.txt.knowtator.xml
epithelial bud,UBERON:0005153,epithelial bud,UBERON+extension_classes_Instance_40020,15630473.txt.knowtator.xml
suprabasally,UBERON:0010402,epidermis suprabasal layer,UBERON_Instance_331730,15630473.txt.knowtator.xml
outer root sheath,UBERON:0005942,hair outer root sheath,UBERON_Instance_331688,15630473.txt.knowtator.xml
basal layer,UBERON:0002025,stratum basale of epidermis,UBERON_Instance_331778,15630473.txt.knowtator.xml
suprabasal layers,UBERON:0010402,epidermis suprabasal layer,UBERON_Instance_331776,15630473.txt.knowtator.xml
Hair Follicle,UBERON:0002073,hair follicle,UBERON_Instance_330896,15630473.txt.knowtator.xml
epithelial sheet,UBERON:0010136,epithelial sheet,UBERON_Instance_330936,15630473.txt.knowtator.xml
hf,UBERON:0002073,hair follicle,UBERON_Instance_331814,15630473.txt.knowtator.xml
hair ... follicles,UBERON:0002073,hair follicle,UBERON_Instance_331030,15630473.txt.knowtator.xml
follicle placode,UBERON:0011817,follicle placode,UBERON_Instance_330990,15630473.txt.knowtator.xml
OPL of ... retinas,UBERON:0001790,outer plexiform layer of retina,UBERON_Instance_350010,15676071.txt.knowtator.xml
OPL ... of ... retinas,UBERON:0001790,outer plexiform layer of retina,UBERON_Instance_360906,15676071.txt.knowtator.xml
opl,UBERON:0001790,outer plexiform layer of retina,UBERON_Instance_360908,15676071.txt.knowtator.xml
outer plexiform layer ... of ... retinas,UBERON:0001790,outer plexiform layer of retina,UBERON_Instance_360904,15676071.txt.knowtator.xml
sclera,UBERON:0001773,sclera,UBERON_Instance_361026,15676071.txt.knowtator.xml
outer plexiform layer of ... retinas,UBERON:0001790,outer plexiform layer of retina,UBERON_Instance_360990,15676071.txt.knowtator.xml
retinae,UBERON:0000966,retina,UBERON_Instance_361008,15676071.txt.knowtator.xml
photoreceptor layer,UBERON:0001787,photoreceptor layer of retina,UBERON_Instance_361010,15676071.txt.knowtator.xml
Retinae,UBERON:0000966,retina,UBERON_Instance_361038,15676071.txt.knowtator.xml
retinal pigment epithelium,UBERON:0001782,pigmented layer of retina,UBERON_Instance_360668,15676071.txt.knowtator.xml
retinal pigmented epithelium,UBERON:0001782,pigmented layer of retina,UBERON_Instance_360664,15676071.txt.knowtator.xml
globes,UBERON:0010230,eyeball of camera-type eye,UBERON_Instance_360722,15676071.txt.knowtator.xml
outer nuclear layer,UBERON:0001789,outer nuclear layer of retina,UBERON_Instance_360788,15676071.txt.knowtator.xml
onl,UBERON:0001789,outer nuclear layer of retina,UBERON_Instance_360772,15676071.txt.knowtator.xml
outer segment layer,UBERON:0003926,photoreceptor outer segment layer,UBERON_Instance_360774,15676071.txt.knowtator.xml
photoreceptor layer of ... retina,UBERON:0001787,photoreceptor layer of retina,UBERON_Instance_360800,15676071.txt.knowtator.xml
scleral,UBERON:0001773,sclera,UBERON_Instance_362208,15676071.txt.knowtator.xml
Photoreceptor layer of ... retina,UBERON:0001787,photoreceptor layer of retina,UBERON_Instance_360866,15676071.txt.knowtator.xml
left ventricular,UBERON:0002084,heart left ventricle,UBERON_Instance_370034,15760270.txt.knowtator.xml
neuropil,UBERON:0002606,neuropil,UBERON_Instance_370046,15760270.txt.knowtator.xml
System,UBERON:0000467,anatomical system,UBERON_Instance_350014,15760270.txt.knowtator.xml
basal ganglia,UBERON:0002420,basal ganglion,UBERON_Instance_370048,15760270.txt.knowtator.xml
cerebral cortical,UBERON:0000956,cerebral cortex,UBERON_Instance_370042,15760270.txt.knowtator.xml
slow-twitch skeletal muscle,UBERON:0006907,slow muscle tissue,UBERON_Instance_370028,15760270.txt.knowtator.xml
aortic,UBERON:0000947,aorta,UBERON_Instance_370074,15760270.txt.knowtator.xml
Slow-Twitch Skeletal Muscle,UBERON:0006907,slow muscle tissue,UBERON_Instance_370078,15760270.txt.knowtator.xml
embryologic,UBERON:0000922,embryo,UBERON_Instance_370054,15760270.txt.knowtator.xml
left atrial,UBERON:0002079,left cardiac atrium,UBERON_Instance_370072,15760270.txt.knowtator.xml
sensorimotor,UBERON:0025534,sensorimotor,UBERON_Instance_370066,15760270.txt.knowtator.xml
BAT,UBERON:0001348,brown adipose tissue,UBERON_Instance_361074,15760270.txt.knowtator.xml
brown adipose,UBERON:0001348,brown adipose tissue,UBERON_Instance_361070,15760270.txt.knowtator.xml
ventricular,UBERON:0002082,cardiac ventricle,UBERON_Instance_361172,15760270.txt.knowtator.xml
perivascular,UBERON:0014930,perivascular space,UBERON_Instance_360128,15760270.txt.knowtator.xml
chamber,UBERON:0004151,cardiac chamber,UBERON_Instance_361170,15760270.txt.knowtator.xml
Central Nervous System,UBERON:0001017,central nervous system,UBERON_Instance_361260,15760270.txt.knowtator.xml
cerebral cortex,UBERON:0000956,cerebral cortex,UBERON_Instance_361288,15760270.txt.knowtator.xml
cerebellar cortex,UBERON:0002129,cerebellar cortex,UBERON_Instance_361284,15760270.txt.knowtator.xml
parietal,UBERON:0001872,parietal lobe,UBERON_Instance_361286,15760270.txt.knowtator.xml
soleus muscle,UBERON:0001389,soleus muscle,UBERON_Instance_361300,15760270.txt.knowtator.xml
parietal lobe,UBERON:0001872,parietal lobe,UBERON_Instance_361268,15760270.txt.knowtator.xml
putamen,UBERON:0001874,putamen,UBERON_Instance_361280,15760270.txt.knowtator.xml
parietal cortex,UBERON:0016530,parietal cortex,UBERON_Instance_361274,15760270.txt.knowtator.xml
peripheral ... nervous system,UBERON:0000010,peripheral nervous system,UBERON_Instance_361360,15760270.txt.knowtator.xml
sinus node,UBERON:0002351,sinoatrial node,UBERON_Instance_361320,15760270.txt.knowtator.xml
rectal,UBERON:0001052,rectum,UBERON_Instance_361396,15760270.txt.knowtator.xml
Cardiac ... muscle,UBERON:0001133,cardiac muscle tissue,UBERON_Instance_361430,15760270.txt.knowtator.xml
Soleus muscle,UBERON:0001389,soleus muscle,UBERON_Instance_361422,15760270.txt.knowtator.xml
Soleus,UBERON:0001389,soleus muscle,UBERON_Instance_361418,15760270.txt.knowtator.xml
carotid artery,UBERON:0005396,carotid artery segment,UBERON_Instance_361464,15760270.txt.knowtator.xml
peritoneal(ly),UBERON:0001179,peritoneal cavity,UBERON_Instance_361506,15760270.txt.knowtator.xml
endodermal,UBERON:0000925,endoderm,UBERON_Instance_361634,15784609.txt.knowtator.xml
mesodermal,UBERON:0000926,mesoderm,UBERON_Instance_361636,15784609.txt.knowtator.xml
eight-cell stage embryos,UBERON:0019252,8-cell stage embryo,UBERON_Instance_370092,15784609.txt.knowtator.xml
early ... embryo,UBERON:0019248,early embryo,UBERON_Instance_370094,15784609.txt.knowtator.xml
Embryonic ... tissue,UBERON:0005291,embryonic tissue,UBERON_Instance_370088,15784609.txt.knowtator.xml
sinusoidal space,UBERON:0014399,sinusoidal space,UBERON_Instance_361686,15784609.txt.knowtator.xml
early embryo,UBERON:0019248,early embryo,UBERON_Instance_370090,15784609.txt.knowtator.xml
lymph nodes,UBERON:0000029,lymph node,UBERON_Instance_361660,15784609.txt.knowtator.xml
thymi,UBERON:0002370,thymus,UBERON_Instance_361720,15784609.txt.knowtator.xml
medullary zone,UBERON:0000958,medulla of organ,UBERON_Instance_370114,15784609.txt.knowtator.xml
medullary,UBERON:0000958,medulla of organ,UBERON_Instance_370116,15784609.txt.knowtator.xml
venules,UBERON:0001979,venule,UBERON_Instance_370130,15784609.txt.knowtator.xml
V,UBERON:0001979,venule,UBERON_Instance_370132,15784609.txt.knowtator.xml
glomerular filtration barrier,UBERON:0005777,glomerular basement membrane,UBERON_Instance_370126,15784609.txt.knowtator.xml
sinusoidal,UBERON:0003909,sinusoid,UBERON_Instance_370102,15784609.txt.knowtator.xml
hepatic sinusoids,UBERON:0001281,hepatic sinusoid,UBERON_Instance_370098,15784609.txt.knowtator.xml
epitheloid,UBERON:0000483,epithelium,UBERON_Instance_370112,15784609.txt.knowtator.xml
m,UBERON:0000926,mesoderm,UBERON_Instance_361794,15784609.txt.knowtator.xml
ys,UBERON:0001040,yolk sac,UBERON_Instance_361806,15784609.txt.knowtator.xml
e,UBERON:0000922,embryo,UBERON_Instance_361808,15784609.txt.knowtator.xml
e,UBERON:0008776,inner cell mass derived hypoblast,UBERON_Instance_361790,15784609.txt.knowtator.xml
BI,UBERON:0003061,blood island,UBERON_Instance_361786,15784609.txt.knowtator.xml
primitive endoderm,UBERON:0008776,inner cell mass derived hypoblast,UBERON_Instance_361788,15784609.txt.knowtator.xml
cx,UBERON:0001851,cortex,UBERON_Instance_361870,15784609.txt.knowtator.xml
medullary layer,UBERON:0002124,medulla of thymus,UBERON_Instance_361872,15784609.txt.knowtator.xml
m,UBERON:0002124,medulla of thymus,UBERON_Instance_361874,15784609.txt.knowtator.xml
HS,UBERON:0001281,hepatic sinusoid,UBERON_Instance_361846,15784609.txt.knowtator.xml
thymic lobes,UBERON:0005483,thymus lobe,UBERON_Instance_361882,15784609.txt.knowtator.xml
thymic lobe,UBERON:0005483,thymus lobe,UBERON_Instance_361884,15784609.txt.knowtator.xml
cortex temporalis,UBERON:0016538,temporal cortex,UBERON_Instance_370184,15819996.txt.knowtator.xml
ventricular germinative zone,UBERON:0003053,ventricular zone,UBERON_Instance_370180,15819996.txt.knowtator.xml
isocortex,UBERON:0001950,neocortex,UBERON_Instance_370182,15819996.txt.knowtator.xml
isocortex temporalis,UBERON:0016538,temporal cortex,UBERON_Instance_370192,15819996.txt.knowtator.xml
white matter,UBERON:0002316,white matter,UBERON_Instance_370194,15819996.txt.knowtator.xml
cylinder,UBERON:0004013,egg cylinder,UBERON_Instance_370142,15819996.txt.knowtator.xml
tissues of ... embryo,UBERON:0005291,embryonic tissue,UBERON_Instance_370140,15819996.txt.knowtator.xml
gray matter of ... spinal cord,UBERON:0002315,gray matter of spinal cord,UBERON_Instance_370216,15819996.txt.knowtator.xml
embryonic ... tissue,UBERON:0005291,embryonic tissue,UBERON_Instance_370218,15819996.txt.knowtator.xml
pial,UBERON:0002361,pia mater,UBERON_Instance_370204,15819996.txt.knowtator.xml
folia of ... cerebellum,UBERON:0004081,cerebellum vermis lobule VII,UBERON_Instance_370200,15819996.txt.knowtator.xml
proliferative ventricular layer,UBERON:0003053,ventricular zone,UBERON_Instance_370212,15819996.txt.knowtator.xml
stratum ... of ... neopallial cortex,UBERON:0002301,layer of neocortex,UBERON_Instance_370206,15819996.txt.knowtator.xml
neopallium,UBERON:0001950,neocortex,UBERON_Instance_361902,15819996.txt.knowtator.xml
lateral ventricle,UBERON:0002285,telencephalic ventricle,UBERON_Instance_361900,15819996.txt.knowtator.xml
germ layers,UBERON:0000923,germ layer,UBERON_Instance_361942,15819996.txt.knowtator.xml
egg cylinder,UBERON:0004013,egg cylinder,UBERON_Instance_361944,15819996.txt.knowtator.xml
HRT,UBERON:0000948,heart,UBERON_Instance_361930,15819996.txt.knowtator.xml
ventricular ... zones,UBERON:0003053,ventricular zone,UBERON_Instance_361996,15819996.txt.knowtator.xml
neopallial cortex,UBERON:0001950,neocortex,UBERON_Instance_361984,15819996.txt.knowtator.xml
neocortical molecular layer,UBERON:0005390,cortical layer I,UBERON_Instance_362010,15819996.txt.knowtator.xml
neocortex,UBERON:0001950,neocortex,UBERON_Instance_362000,15819996.txt.knowtator.xml
neopallium cortex,UBERON:0001950,neocortex,UBERON_Instance_361974,15819996.txt.knowtator.xml
cerebral neocortex,UBERON:0001950,neocortex,UBERON_Instance_361980,15819996.txt.knowtator.xml
lamina alba,UBERON:0014540,white matter lamina of cerebellum,UBERON_Instance_362052,15819996.txt.knowtator.xml
cerebellar white matter,UBERON:0002317,white matter of cerebellum,UBERON_Instance_362054,15819996.txt.knowtator.xml
parietal neocortex,UBERON:0016530,parietal cortex,UBERON_Instance_362072,15819996.txt.knowtator.xml
isocortical laminae,UBERON:0002301,layer of neocortex,UBERON_Instance_362022,15819996.txt.knowtator.xml
Stratum pyramidalis ... of ... hippocampus,UBERON:0002313,hippocampus pyramidal layer,UBERON_Instance_362024,15819996.txt.knowtator.xml
cortical laminae,UBERON:0002301,layer of neocortex,UBERON_Instance_362016,15819996.txt.knowtator.xml
dentate gyrus,UBERON:0001885,dentate gyrus of hippocampal formation,UBERON_Instance_362036,15819996.txt.knowtator.xml
Heart muscle,UBERON:0001133,cardiac muscle tissue,UBERON_Instance_360496,15819996.txt.knowtator.xml
lamina pyramidalis externa,UBERON:0005392,cortical layer III,UBERON_Instance_362026,15819996.txt.knowtator.xml
hippocampal formation,UBERON:0002421,hippocampal formation,UBERON_Instance_360578,15819996.txt.knowtator.xml
dentate gyrus of ... hippocampus,UBERON:0001885,dentate gyrus of hippocampal formation,UBERON_Instance_360580,15819996.txt.knowtator.xml
temporal neocortex,UBERON:0016538,temporal cortex,UBERON_Instance_362122,15819996.txt.knowtator.xml
Endodermal,UBERON:0000925,endoderm,UBERON_Instance_362090,15819996.txt.knowtator.xml
cell layer,UBERON:0000119,cell layer,UBERON_Instance_360674,15819996.txt.knowtator.xml
neural fold,UBERON:0005062,neural fold,UBERON_Instance_360682,15819996.txt.knowtator.xml
neural ... tube,UBERON:0001049,neural tube,UBERON_Instance_360684,15819996.txt.knowtator.xml
temporal lobe,UBERON:0001871,temporal lobe,UBERON_Instance_362130,15819996.txt.knowtator.xml
foreskin,UBERON:0001471,skin of prepuce of penis,UBERON_Instance_360606,15819996.txt.knowtator.xml
skeletal muscle,UBERON:0001134,skeletal muscle tissue,UBERON_Instance_360662,15819996.txt.knowtator.xml
lumen of neural tube,UBERON:0003842,neural tube lumen,UBERON_Instance_360692,15819996.txt.knowtator.xml
neural ectoderm,UBERON:0002346,neurectoderm,UBERON_Instance_360696,15819996.txt.knowtator.xml
Ammon's horn,UBERON:0001954,Ammon's horn,UBERON_Instance_362302,15819996.txt.knowtator.xml
neuronal ... circuit,UBERON:0024914,circuit part of central nervous system,UBERON_Instance_370008,15836427.txt.knowtator.xml
spinal,UBERON:0001130,vertebral column,UBERON+extensions+nested_Instance_70180,15836427.txt.knowtator.xml
nerves,UBERON:0001021,nerve,UBERON_Instance_380018,15836427.txt.knowtator.xml
muscle group,UBERON:0001015,musculature,UBERON_Instance_380020,15836427.txt.knowtator.xml
neural plate,UBERON:0003075,neural plate,UBERON_Instance_380700,15836427.txt.knowtator.xml
quadriceps,UBERON:0001377,quadriceps femoris,UBERON_Instance_382164,15836427.txt.knowtator.xml
laminar,UBERON:0000957,lamina,UBERON_Instance_382166,15836427.txt.knowtator.xml
L3 ... DRG,UBERON:0002858,third lumbar dorsal root ganglion,UBERON+extension_classes_Instance_90000,15836427.txt.knowtator.xml
lumbar DRG,UBERON:0002836,lumbar dorsal root ganglion,UBERON_Instance_380990,15836427.txt.knowtator.xml
L3,UBERON:0004619,lumbar vertebra 3,UBERON_Instance_390040,15836427.txt.knowtator.xml
neuronal circuits,UBERON:0024914,circuit part of central nervous system,UBERON_Instance_390036,15836427.txt.knowtator.xml
Lumbar DRG,UBERON:0002836,lumbar dorsal root ganglion,UBERON_Instance_380998,15836427.txt.knowtator.xml
dorsal root ... ganglia,UBERON:0000044,dorsal root ganglion,UBERON_Instance_390048,15836427.txt.knowtator.xml
brachial,UBERON:0001460,arm,UBERON_Instance_390030,15836427.txt.knowtator.xml
ventral spinal cord,UBERON:0002257,ventral horn of spinal cord,UBERON_Instance_381088,15836427.txt.knowtator.xml
lumbar,UBERON:0005462,lower back,UBERON_Instance_390060,15836427.txt.knowtator.xml
lumbar ... DRG,UBERON:0002836,lumbar dorsal root ganglion,UBERON_Instance_381016,15836427.txt.knowtator.xml
L1,UBERON:0004617,lumbar vertebra 1,UBERON_Instance_390064,15836427.txt.knowtator.xml
L5,UBERON:0004621,lumbar vertebra 5,UBERON_Instance_390066,15836427.txt.knowtator.xml
dorsal root,UBERON:0002261,dorsal root of spinal cord,UBERON_Instance_381206,15836427.txt.knowtator.xml
morula stage embryos,UBERON:0000085,morula,UBERON_Instance_381210,15836427.txt.knowtator.xml
Ventral Spinal Cord,UBERON:0002257,ventral horn of spinal cord,UBERON_Instance_381112,15836427.txt.knowtator.xml
lumbar dorsal roots,UBERON:0002836,lumbar dorsal root ganglion,UBERON_Instance_381214,15836427.txt.knowtator.xml
nerve trunks,UBERON:0002464,nerve trunk,UBERON_Instance_381302,15836427.txt.knowtator.xml
quadriceps muscle,UBERON:0001377,quadriceps femoris,UBERON_Instance_380546,15836427.txt.knowtator.xml
cerebellar granule cell layer,UBERON:0002956,granular layer of cerebellar cortex,UBERON_Instance_380562,15850489.txt.knowtator.xml
CC,UBERON:0000956,cerebral cortex,UBERON_Instance_381266,15850489.txt.knowtator.xml
substantia nigra,UBERON:0002038,substantia nigra,UBERON_Instance_381268,15850489.txt.knowtator.xml
OB,UBERON:0002264,olfactory bulb,UBERON_Instance_381262,15850489.txt.knowtator.xml
cerebellar molecular layer,UBERON:0002974,molecular layer of cerebellar cortex,UBERON_Instance_381296,15850489.txt.knowtator.xml
Mol,UBERON:0002974,molecular layer of cerebellar cortex,UBERON_Instance_381298,15850489.txt.knowtator.xml
IC,UBERON:0001946,inferior colliculus,UBERON_Instance_381292,15850489.txt.knowtator.xml
Gr,UBERON:0002956,granular layer of cerebellar cortex,UBERON_Instance_381294,15850489.txt.knowtator.xml
SN,UBERON:0002038,substantia nigra,UBERON_Instance_381270,15850489.txt.knowtator.xml
CPu,UBERON:0005383,caudate-putamen,UBERON_Instance_381288,15850489.txt.knowtator.xml
inferior colliculus,UBERON:0001946,inferior colliculus,UBERON_Instance_381290,15850489.txt.knowtator.xml
Ctx,UBERON:0001851,cortex,UBERON_Instance_381278,15850489.txt.knowtator.xml
caudate putamen,UBERON:0005383,caudate-putamen,UBERON_Instance_381286,15850489.txt.knowtator.xml
Th,UBERON:0001897,dorsal plus ventral thalamus,UBERON_Instance_532208,15850489.txt.knowtator.xml
layer of ... olfactory bulb,UBERON:0004001,olfactory bulb layer,UBERON_Instance_390072,15850489.txt.knowtator.xml
sciatic nerves,UBERON:0001322,sciatic nerve,UBERON_Instance_381374,15876356.txt.knowtator.xml
trigeminal nerves,UBERON:0001645,trigeminal nerve,UBERON_Instance_381376,15876356.txt.knowtator.xml
PNS,UBERON:0000010,peripheral nervous system,UBERON_Instance_382170,15876356.txt.knowtator.xml
sciatic ... nerves,UBERON:0001322,sciatic nerve,UBERON_Instance_381406,15876356.txt.knowtator.xml
nervous systems,UBERON:0001016,nervous system,UBERON_Instance_382210,15876356.txt.knowtator.xml
Sciatic nerves,UBERON:0001322,sciatic nerve,UBERON_Instance_381456,15876356.txt.knowtator.xml
roots,UBERON:0002211,nerve root,UBERON_Instance_381428,15876356.txt.knowtator.xml
eight-cell stage,UBERON:0007236,8 cell stage,UBERON_Instance_381436,15876356.txt.knowtator.xml
grey matter,UBERON:0002020,gray matter,UBERON_Instance_390074,15876356.txt.knowtator.xml
Spinal,UBERON:0001130,vertebral column,UBERON+extensions+nested_Instance_70250,15876356.txt.knowtator.xml
nerve fibres,UBERON:0006134,nerve fiber,UBERON_Instance_390092,15876356.txt.knowtator.xml
respiration system,UBERON:0001004,respiratory system,UBERON_Instance_390080,15876356.txt.knowtator.xml
lateral funiculus,UBERON:0002179,lateral funiculus of spinal cord,UBERON_Instance_381490,15876356.txt.knowtator.xml
Hippocampal formation,UBERON:0002421,hippocampal formation,UBERON_Instance_380734,15876356.txt.knowtator.xml
Sp,UBERON:0002240,spinal cord,UBERON_Instance_381524,15876356.txt.knowtator.xml
peripheral nerve,UBERON:0001021,nerve,UBERON_Instance_381496,15876356.txt.knowtator.xml
myelinated fibres,UBERON:0006135,myelinated nerve fiber,UBERON_Instance_390096,15876356.txt.knowtator.xml
SN,UBERON:0001322,sciatic nerve,UBERON_Instance_381532,15876356.txt.knowtator.xml
brain stem,UBERON:0002298,brainstem,UBERON_Instance_380066,15876356.txt.knowtator.xml
autonomic nervous system,UBERON:0002410,autonomic nervous system,UBERON_Instance_381344,15876356.txt.knowtator.xml
peripheral nervous system,UBERON:0000010,peripheral nervous system,UBERON_Instance_381342,15876356.txt.knowtator.xml
VS,UBERON:0005403,ventral striatum,UBERON_Instance_381552,15882093.txt.knowtator.xml
ventral telencephalic,UBERON:0000204,ventral part of telencephalon,UBERON_Instance_381548,15882093.txt.knowtator.xml
ventral striatum,UBERON:0005403,ventral striatum,UBERON_Instance_381560,15882093.txt.knowtator.xml
Telencephalon,UBERON:0001893,telencephalon,UBERON_Instance_381536,15882093.txt.knowtator.xml
ventral telencephalon,UBERON:0000204,ventral part of telencephalon,UBERON_Instance_381538,15882093.txt.knowtator.xml
dorsal ... striatum,UBERON:0005382,dorsal striatum,UBERON_Instance_381564,15882093.txt.knowtator.xml
forebrains,UBERON:0001890,forebrain,UBERON_Instance_380112,15882093.txt.knowtator.xml
OT,UBERON:0001883,olfactory tubercle,UBERON_Instance_381604,15882093.txt.knowtator.xml
peritoneal cavity,UBERON:0001179,peritoneal cavity,UBERON_Instance_380286,15882093.txt.knowtator.xml
nucleus accumbens,UBERON:0001882,nucleus accumbens,UBERON_Instance_381712,15882093.txt.knowtator.xml
SVZ,UBERON:0004922,postnatal subventricular zone,UBERON_Instance_381708,15882093.txt.knowtator.xml
anterior commissure,UBERON:0000935,anterior commissure,UBERON_Instance_381710,15882093.txt.knowtator.xml
VZ,UBERON:0003053,ventricular zone,UBERON_Instance_381720,15882093.txt.knowtator.xml
subventricular zone,UBERON:0004922,postnatal subventricular zone,UBERON_Instance_381706,15882093.txt.knowtator.xml
ventral striatal,UBERON:0005403,ventral striatum,UBERON_Instance_381754,15882093.txt.knowtator.xml
olfactory cortex,UBERON:0002894,olfactory cortex,UBERON_Instance_381756,15882093.txt.knowtator.xml
LGE,UBERON:0004025,lateral ganglionic eminence,UBERON_Instance_381784,15882093.txt.knowtator.xml
dorsal LGE,UBERON:0018264,dorsal lateral ganglionic eminence,UBERON_Instance_381792,15882093.txt.knowtator.xml
pallial,UBERON:0000203,pallium,UBERON_Instance_381768,15882093.txt.knowtator.xml
subpallial,UBERON:0000204,ventral part of telencephalon,UBERON_Instance_381772,15882093.txt.knowtator.xml
lateral ganglionic eminence,UBERON:0004025,lateral ganglionic eminence,UBERON_Instance_381774,15882093.txt.knowtator.xml
lge,UBERON:0004025,lateral ganglionic eminence,UBERON_Instance_381864,15882093.txt.knowtator.xml
olfactory tubercle,UBERON:0001883,olfactory tubercle,UBERON_Instance_380572,15882093.txt.knowtator.xml
islands of Calleja,UBERON:0001881,island of Calleja,UBERON_Instance_382020,15882093.txt.knowtator.xml
Cx,UBERON:0001851,cortex,UBERON_Instance_382054,15882093.txt.knowtator.xml
medial ganglionic eminence,UBERON:0004024,medial ganglionic eminence,UBERON_Instance_382056,15882093.txt.knowtator.xml
mge,UBERON:0004024,medial ganglionic eminence,UBERON_Instance_382058,15882093.txt.knowtator.xml
Ventral telencephalic,UBERON:0000204,ventral part of telencephalon,UBERON_Instance_382060,15882093.txt.knowtator.xml
ventral nerve chord,UBERON:0000934,ventral nerve cord,UBERON_Instance_382032,15882093.txt.knowtator.xml
an,UBERON:0001882,nucleus accumbens,UBERON_Instance_382094,15882093.txt.knowtator.xml
accumbens nucleus,UBERON:0001882,nucleus accumbens,UBERON_Instance_382092,15882093.txt.knowtator.xml
SVG,UBERON:0004922,postnatal subventricular zone,UBERON_Instance_382070,15882093.txt.knowtator.xml
Telencephalic,UBERON:0001893,telencephalon,UBERON_Instance_382122,15882093.txt.knowtator.xml
S,UBERON:0002435,striatum,UBERON_Instance_382116,15882093.txt.knowtator.xml
olfactory (piriform) cortex,UBERON:0002590,prepyriform area,UBERON_Instance_382126,15882093.txt.knowtator.xml
lsn,UBERON:0002667,lateral septal nucleus,UBERON_Instance_382104,15882093.txt.knowtator.xml
olfactory tract,UBERON:0002265,olfactory tract,UBERON_Instance_382100,15882093.txt.knowtator.xml
lateral septal nucleus,UBERON:0002667,lateral septal nucleus,UBERON_Instance_382102,15882093.txt.knowtator.xml
PC,UBERON:0002590,prepyriform area,UBERON_Instance_382112,15882093.txt.knowtator.xml
ob,UBERON:0002264,olfactory bulb,UBERON_Instance_382108,15882093.txt.knowtator.xml
AC,UBERON:0000935,anterior commissure,UBERON_Instance_382150,15882093.txt.knowtator.xml
OC,UBERON:0002894,olfactory cortex,UBERON_Instance_382158,15882093.txt.knowtator.xml
nasal pit,UBERON:0005870,olfactory pit,UBERON_Instance_382138,15882093.txt.knowtator.xml
np,UBERON:0005870,olfactory pit,UBERON_Instance_382140,15882093.txt.knowtator.xml
dorsal ... telencephalic,UBERON:0000203,pallium,UBERON_Instance_382134,15882093.txt.knowtator.xml
ganglionic eminences,UBERON:0004023,ganglionic eminence,UBERON_Instance_382188,15882093.txt.knowtator.xml
subpallium,UBERON:0000204,ventral part of telencephalon,UBERON_Instance_382182,15882093.txt.knowtator.xml
floor plate of ... diencephalon,UBERON:0003309,floor plate of diencephalon,UBERON_Instance_382238,15882093.txt.knowtator.xml
diencephalon,UBERON:0001894,diencephalon,UBERON_Instance_382254,15882093.txt.knowtator.xml
bridges,UBERON:0007651,anatomical junction,UBERON_Instance_390132,15882093.txt.knowtator.xml
bridge,UBERON:0007651,anatomical junction,UBERON_Instance_390122,15882093.txt.knowtator.xml
core of ... nucleus accumbens,UBERON:0012170,core of nucleus accumbens,UBERON_Instance_390104,15882093.txt.knowtator.xml
intestinal crypts,UBERON:0001983,crypt of Lieberkuhn,UBERON_Instance_420124,15921521.txt.knowtator.xml
mucus,UBERON:0000912,mucus,UBERON_Instance_420174,15921521.txt.knowtator.xml
meconium,UBERON:0007109,meconium,UBERON_Instance_420172,15921521.txt.knowtator.xml
Mucus,UBERON:0000912,mucus,UBERON_Instance_420180,15921521.txt.knowtator.xml
villus epithelial,UBERON:0013636,epithelium of intestinal villus,UBERON_Instance_840468,15921521.txt.knowtator.xml
exocrine,UBERON:0002330,exocrine system,UBERON_Instance_420236,15921521.txt.knowtator.xml
crypts,UBERON:0001983,crypt of Lieberkuhn,UBERON_Instance_420300,15921521.txt.knowtator.xml
villus epithelium,UBERON:0013636,epithelium of intestinal villus,UBERON_Instance_420294,15921521.txt.knowtator.xml
crypt,UBERON:0001983,crypt of Lieberkuhn,UBERON_Instance_420308,15921521.txt.knowtator.xml
salivary,UBERON:0001836,saliva,UBERON_Instance_380004,15938754.txt.knowtator.xml
gustatory system,UBERON:0001033,gustatory system,UBERON_Instance_420384,15938754.txt.knowtator.xml
gustatory epithelium,UBERON:0002926,gustatory epithelium,UBERON_Instance_420382,15938754.txt.knowtator.xml
abdominal aorta,UBERON:0001516,abdominal aorta,UBERON_Instance_420424,16026622.txt.knowtator.xml
uveal,UBERON:0001768,uvea,UBERON_Instance_440068,16098226.txt.knowtator.xml
foveal,UBERON:0001786,fovea centralis,UBERON_Instance_440070,16098226.txt.knowtator.xml
frontal lobe,UBERON:0016525,frontal lobe,UBERON_Instance_440074,16098226.txt.knowtator.xml
pineal gland,UBERON:0001905,pineal body,UBERON_Instance_440086,16098226.txt.knowtator.xml
olfactory bulbs,UBERON:0002264,olfactory bulb,UBERON_Instance_440088,16098226.txt.knowtator.xml
mesencephalon,UBERON:0001891,midbrain,UBERON_Instance_440002,16098226.txt.knowtator.xml
prosencephalon,UBERON:0001890,forebrain,UBERON_Instance_431040,16098226.txt.knowtator.xml
pineal gland,UBERON:0011768,pineal gland stalk,UBERON_Instance_440034,16098226.txt.knowtator.xml
diaphragmatic,UBERON:0001103,diaphragm,UBERON_Instance_430796,16103912.txt.knowtator.xml
Diaphragm,UBERON:0001103,diaphragm,UBERON_Instance_430782,16103912.txt.knowtator.xml
PPF,UBERON:0009133,pleuroperitoneal membrane,UBERON_Instance_470120,16103912.txt.knowtator.xml
Diaphragms,UBERON:0001103,diaphragm,UBERON_Instance_430836,16103912.txt.knowtator.xml
diaphragms,UBERON:0001103,diaphragm,UBERON_Instance_430862,16103912.txt.knowtator.xml
Diaphragmatic,UBERON:0001103,diaphragm,UBERON_Instance_430840,16103912.txt.knowtator.xml
Dia,UBERON:0001103,diaphragm,UBERON_Instance_430956,16103912.txt.knowtator.xml
smooth muscles,UBERON:0001135,smooth muscle tissue,UBERON_Instance_430998,16103912.txt.knowtator.xml
body walls,UBERON:0000309,body wall,UBERON_Instance_430988,16103912.txt.knowtator.xml
atrioventricular canal,UBERON:0002087,atrioventricular canal,UBERON_Instance_430534,16103912.txt.knowtator.xml
atrioventricular-canal,UBERON:0002087,atrioventricular canal,UBERON_Instance_430532,16103912.txt.knowtator.xml
pulmonary mesenchyme,UBERON:0004883,lung mesenchyme,UBERON_Instance_430602,16103912.txt.knowtator.xml
ostium primum,UBERON:0009149,foramen primum,UBERON_Instance_440134,16103912.txt.knowtator.xml
compact layer,UBERON:0004125,myocardial compact layer,UBERON_Instance_440128,16103912.txt.knowtator.xml
left lobe of ... liver,UBERON:0001115,left lobe of liver,UBERON_Instance_440194,16103912.txt.knowtator.xml
chest,UBERON:0001443,chest,UBERON_Instance_440184,16103912.txt.knowtator.xml
valve,UBERON:0003978,valve,UBERON_Instance_440200,16103912.txt.knowtator.xml
tracheobronchial tree,UBERON:0007196,tracheobronchial tree,UBERON_Instance_440242,16103912.txt.knowtator.xml
central tendonous,UBERON:0006670,central tendon of diaphragm,UBERON_Instance_450014,16103912.txt.knowtator.xml
esophageal mesentery,UBERON:0003283,mesentery of oesophagus,UBERON_Instance_440208,16103912.txt.knowtator.xml
phrenic nerve,UBERON:0001884,phrenic nerve,UBERON_Instance_440218,16103912.txt.knowtator.xml
gonadal,UBERON:0000991,gonad,UBERON_Instance_440214,16103912.txt.knowtator.xml
endocardial cushions,UBERON:0002062,endocardial cushion,UBERON_Instance_450018,16103912.txt.knowtator.xml
newborn period,UBERON:0007221,neonate stage,UBERON_Instance_470006,16103912.txt.knowtator.xml
Li,UBERON:0002107,liver,UBERON_Instance_440278,16103912.txt.knowtator.xml
left lung,UBERON:0002168,left lung,UBERON_Instance_470062,16103912.txt.knowtator.xml
ligamentous,UBERON:0000211,ligament,UBERON_Instance_470064,16103912.txt.knowtator.xml
bowel,UBERON:0000160,intestine,UBERON_Instance_470060,16103912.txt.knowtator.xml
costal,UBERON:0002228,rib,UBERON_Instance_470074,16103912.txt.knowtator.xml
dermomyotome,UBERON:0004290,dermomyotome,UBERON_Instance_470070,16103912.txt.knowtator.xml
PPFs,UBERON:0009133,pleuroperitoneal membrane,UBERON_Instance_430152,16103912.txt.knowtator.xml
pleuroperitoneal fold,UBERON:0009133,pleuroperitoneal membrane,UBERON_Instance_430154,16103912.txt.knowtator.xml
pleuroperitoneal folds,UBERON:0009133,pleuroperitoneal membrane,UBERON_Instance_430150,16103912.txt.knowtator.xml
coronary,UBERON:0005985,coronary vessel,UBERON_Instance_470032,16103912.txt.knowtator.xml
Lu,UBERON:0002048,lung,UBERON_Instance_430766,16103912.txt.knowtator.xml
bronchial ... smooth muscle,UBERON:0004242,bronchus smooth muscle,UBERON_Instance_470108,16103912.txt.knowtator.xml
sm,UBERON:0001135,smooth muscle tissue,UBERON_Instance_470112,16103912.txt.knowtator.xml
sternal,UBERON:0000975,sternum,UBERON_Instance_470078,16103912.txt.knowtator.xml
crural,UBERON:0000978,leg,UBERON_Instance_470080,16103912.txt.knowtator.xml
extraembryonic tissues,UBERON:0005292,extraembryonic tissue,UBERON_Instance_470154,16109169.txt.knowtator.xml
anterior visceral endoderm,UBERON:0004044,anterior visceral endoderm,UBERON_Instance_470164,16109169.txt.knowtator.xml
anterior definitive endoderm,UBERON:0004046,anterior definitive endoderm,UBERON_Instance_470168,16109169.txt.knowtator.xml
extraembryonic tissue,UBERON:0005292,extraembryonic tissue,UBERON_Instance_470162,16109169.txt.knowtator.xml
mesoderm derivatives,UBERON:0004120,mesoderm-derived structure,UBERON_Instance_470132,16109169.txt.knowtator.xml
Extraembryonic tissues,UBERON:0005292,extraembryonic tissue,UBERON_Instance_470146,16109169.txt.knowtator.xml
Extraembryonic mesoderm,UBERON:0005728,extraembryonic mesoderm,UBERON_Instance_440386,16109169.txt.knowtator.xml
extraembryonic mesoderm,UBERON:0005728,extraembryonic mesoderm,UBERON_Instance_440384,16109169.txt.knowtator.xml
paraxial mesoderm,UBERON:0003077,paraxial mesoderm,UBERON_Instance_440396,16109169.txt.knowtator.xml
neuroectoderm,UBERON:0002346,neurectoderm,UBERON_Instance_440422,16109169.txt.knowtator.xml
AVE,UBERON:0004044,anterior visceral endoderm,UBERON_Instance_440432,16109169.txt.knowtator.xml
n,UBERON:0003062,primitive knot,UBERON_Instance_532302,16109169.txt.knowtator.xml
neurectoderm,UBERON:0002346,neurectoderm,UBERON_Instance_440438,16109169.txt.knowtator.xml
chorion,UBERON:0003124,chorion,UBERON_Instance_440486,16109169.txt.knowtator.xml
ps,UBERON:0004341,primitive streak,UBERON_Instance_440526,16109169.txt.knowtator.xml
ch,UBERON:0003124,chorion,UBERON_Instance_440520,16109169.txt.knowtator.xml
em,UBERON:0005728,extraembryonic mesoderm,UBERON_Instance_440522,16109169.txt.knowtator.xml
al,UBERON:0004340,allantois,UBERON_Instance_440510,16109169.txt.knowtator.xml
a,UBERON:0000305,amnion,UBERON_Instance_440516,16109169.txt.knowtator.xml
amnion,UBERON:0000305,amnion,UBERON_Instance_440514,16109169.txt.knowtator.xml
axial ... mesoderm,UBERON:0003068,axial mesoderm,UBERON_Instance_440554,16109169.txt.knowtator.xml
head folds,UBERON:0009746,head fold of embryonic disc,UBERON_Instance_440540,16109169.txt.knowtator.xml
primitive ... endoderm,UBERON:0008776,inner cell mass derived hypoblast,UBERON_Instance_440618,16109169.txt.knowtator.xml
embryonic ectoderm,UBERON:0004366,extraembryonic ectoderm,UBERON_Instance_430470,16109169.txt.knowtator.xml
visceral ... endoderm,UBERON:0004877,visceral endoderm,UBERON_Instance_440602,16109169.txt.knowtator.xml
process,UBERON:0004529,anatomical projection,UBERON_Instance_840356,16109169.txt.knowtator.xml
ectoplacental cone,UBERON:0004364,ectoplacental cone,UBERON_Instance_430538,16109169.txt.knowtator.xml
head fold,UBERON:0009746,head fold of embryonic disc,UBERON_Instance_440754,16109169.txt.knowtator.xml
decidua,UBERON:0002450,decidua,UBERON_Instance_440758,16109169.txt.knowtator.xml
ONL,UBERON:0001789,outer nuclear layer of retina,UBERON_Instance_480686,16110338.txt.knowtator.xml
adult stages,UBERON:0000113,post-juvenile adult stage,UBERON_Instance_480710,16110338.txt.knowtator.xml
INL,UBERON:0001791,inner nuclear layer of retina,UBERON_Instance_480760,16110338.txt.knowtator.xml
ONLs,UBERON:0001789,outer nuclear layer of retina,UBERON_Instance_480774,16110338.txt.knowtator.xml
ONL of ... retina,UBERON:0001789,outer nuclear layer of retina,UBERON_Instance_480772,16110338.txt.knowtator.xml
inner nuclear layer,UBERON:0001791,inner nuclear layer of retina,UBERON_Instance_480814,16110338.txt.knowtator.xml
RPE,UBERON:0001782,pigmented layer of retina,UBERON_Instance_480818,16110338.txt.knowtator.xml
outer nuclear layer of ... retina,UBERON:0001789,outer nuclear layer of retina,UBERON_Instance_480820,16110338.txt.knowtator.xml
ganglion cell layer,UBERON:0001792,ganglionic layer of retina,UBERON_Instance_480306,16110338.txt.knowtator.xml
GCL,UBERON:0001792,ganglionic layer of retina,UBERON_Instance_480308,16110338.txt.knowtator.xml
Retinal,UBERON:0000966,retina,UBERON_Instance_480482,16110338.txt.knowtator.xml
dental,UBERON:0001091,calcareous tooth,UBERON_Instance_660024,16110338.txt.knowtator.xml
eyecup,UBERON:0003072,optic cup,UBERON_Instance_450002,16110338.txt.knowtator.xml
otolith,UBERON:0002280,otolith,UBERON_Instance_410000,16110338.txt.knowtator.xml
urine,UBERON:0001088,urine,UBERON_Instance_480986,16121255.txt.knowtator.xml
renal capsule,UBERON:0002015,kidney capsule,UBERON_Instance_481770,16121255.txt.knowtator.xml
urinary,UBERON:0001088,urine,UBERON_Instance_480958,16121255.txt.knowtator.xml
transitional epithelium,UBERON:0005910,transitional epithelium,UBERON_Instance_481768,16121255.txt.knowtator.xml
kidney collecting ducts,UBERON:0001232,collecting duct of renal tubule,UBERON_Instance_490018,16121255.txt.knowtator.xml
Urine,UBERON:0001088,urine,UBERON_Instance_481020,16121255.txt.knowtator.xml
collecting ducts,UBERON:0001232,collecting duct of renal tubule,UBERON_Instance_490020,16121255.txt.knowtator.xml
muscularis propria,UBERON:0006660,muscular coat,UBERON_Instance_490014,16121255.txt.knowtator.xml
collecting duct,UBERON:0001232,collecting duct of renal tubule,UBERON_Instance_490016,16121255.txt.knowtator.xml
Left kidney,UBERON:0004538,left kidney,UBERON_Instance_490028,16121255.txt.knowtator.xml
renal collecting-duct,UBERON:0001232,collecting duct of renal tubule,UBERON_Instance_490010,16121255.txt.knowtator.xml
collecting-duct,UBERON:0001232,collecting duct of renal tubule,UBERON_Instance_480004,16121255.txt.knowtator.xml
proximal ... tubules,UBERON:0004134,proximal tubule,UBERON_Instance_481056,16121255.txt.knowtator.xml
distal tubules,UBERON:0004135,distal tubule,UBERON_Instance_481058,16121255.txt.knowtator.xml
renal pelvis,UBERON:0001224,renal pelvis,UBERON_Instance_481052,16121255.txt.knowtator.xml
collecting system,UBERON:0004100,renal collecting system,UBERON_Instance_481066,16121255.txt.knowtator.xml
renal parenchyma,UBERON:0008987,renal parenchyma,UBERON_Instance_481062,16121255.txt.knowtator.xml
Collecting Ducts,UBERON:0001232,collecting duct of renal tubule,UBERON_Instance_490034,16121255.txt.knowtator.xml
Kidney Collecting Ducts,UBERON:0001232,collecting duct of renal tubule,UBERON_Instance_490030,16121255.txt.knowtator.xml
ureter,UBERON:0000056,ureter,UBERON_Instance_481046,16121255.txt.knowtator.xml
urothelium,UBERON:0000365,urothelium,UBERON_Instance_481048,16121255.txt.knowtator.xml
papilla,UBERON:2001995,papilla,UBERON_Instance_481072,16121255.txt.knowtator.xml
testicles,UBERON:0000473,testis,UBERON_Instance_481258,16121256.txt.knowtator.xml
milk,UBERON:0001913,milk,UBERON_Instance_481234,16121256.txt.knowtator.xml
Musculoskeletal,UBERON:0002204,musculoskeletal system,UBERON_Instance_481268,16121256.txt.knowtator.xml
brown fat,UBERON:0001348,brown adipose tissue,UBERON_Instance_481094,16121256.txt.knowtator.xml
white fat,UBERON:0001347,white adipose tissue,UBERON_Instance_481102,16121256.txt.knowtator.xml
Rectal,UBERON:0001052,rectum,UBERON_Instance_481136,16121256.txt.knowtator.xml
Brown fat,UBERON:0001348,brown adipose tissue,UBERON_Instance_481186,16121256.txt.knowtator.xml
wall of ... aorta,UBERON:0004663,aorta wall,UBERON_Instance_480332,16121256.txt.knowtator.xml
nasopharynx,UBERON:0001728,nasopharynx,UBERON_Instance_481208,16121256.txt.knowtator.xml
cecum,UBERON:0001153,caecum,UBERON_Instance_481210,16121256.txt.knowtator.xml
DG,UBERON:0001885,dentate gyrus of hippocampal formation,UBERON_Instance_481754,16216087.txt.knowtator.xml
Forebrain,UBERON:0001890,forebrain,UBERON_Instance_480020,16216087.txt.knowtator.xml
brain regions,UBERON:0002616,regional part of brain,UBERON_Instance_490004,16216087.txt.knowtator.xml
hippocampal field,UBERON:0003876,hippocampal field,UBERON_Instance_481794,16216087.txt.knowtator.xml
Olfactory bulb,UBERON:0002264,olfactory bulb,UBERON_Instance_481346,16216087.txt.knowtator.xml
brain areas,UBERON:0002616,regional part of brain,UBERON_Instance_500010,16216087.txt.knowtator.xml
piriform cortex,UBERON:0004725,piriform cortex,UBERON_Instance_481554,16216087.txt.knowtator.xml
Piriform Cortex,UBERON:0004725,piriform cortex,UBERON_Instance_481558,16216087.txt.knowtator.xml
Olfactory Epithelium,UBERON:0001997,olfactory epithelium,UBERON_Instance_481520,16216087.txt.knowtator.xml
hippocampal CA3,UBERON:0003883,CA3 field of hippocampus,UBERON_Instance_500028,16216087.txt.knowtator.xml
hippocampal ... CA1,UBERON:0003881,CA1 field of hippocampus,UBERON_Instance_500030,16216087.txt.knowtator.xml
Head,UBERON:0000033,head,UBERON_Instance_480126,16216087.txt.knowtator.xml
amygdala,UBERON:0001876,amygdala,UBERON_Instance_481654,16216087.txt.knowtator.xml
CA1 pyramidal,UBERON:0014548,pyramidal layer of CA1,UBERON_Instance_481698,16216087.txt.knowtator.xml
vomeronasal organ,UBERON:0002255,vomeronasal organ,UBERON_Instance_481670,16216087.txt.knowtator.xml
hippocampal pyramidal,UBERON:0002313,hippocampus pyramidal layer,UBERON_Instance_481678,16216087.txt.knowtator.xml
circuits,UBERON:0024914,circuit part of central nervous system,UBERON_Instance_480370,16216087.txt.knowtator.xml
Me,UBERON:0001896,medulla oblongata,UBERON_Instance_481730,16216087.txt.knowtator.xml
FB,UBERON:0001890,forebrain,UBERON_Instance_481742,16216087.txt.knowtator.xml
A,UBERON:0001876,amygdala,UBERON_Instance_481718,16216087.txt.knowtator.xml
neural circuitries,UBERON:0024914,circuit part of central nervous system,UBERON_Instance_480360,16216087.txt.knowtator.xml
Cerebellum,UBERON:0002037,cerebellum,UBERON_Instance_481720,16216087.txt.knowtator.xml
circuitry,UBERON:0024914,circuit part of central nervous system,UBERON_Instance_480366,16216087.txt.knowtator.xml
Ce,UBERON:0002037,cerebellum,UBERON_Instance_481722,16216087.txt.knowtator.xml
bronchial epithelium,UBERON:0002031,epithelium of bronchus,UBERON_Instance_510714,16255782.txt.knowtator.xml
buccal,UBERON:0001567,cheek,UBERON_Instance_520024,16255782.txt.knowtator.xml
bronchial epithelial,UBERON:0002031,epithelium of bronchus,UBERON_Instance_510698,16255782.txt.knowtator.xml
Tails,UBERON:0002415,tail,UBERON_Instance_510330,16279840.txt.knowtator.xml
Neurologic,UBERON:0001016,nervous system,UBERON_Instance_511168,16279840.txt.knowtator.xml
Cortex,UBERON:0001851,cortex,UBERON_Instance_510796,16279840.txt.knowtator.xml
life span,UBERON:0000104,life cycle,UBERON_Instance_510316,16279840.txt.knowtator.xml
femora,UBERON:0000981,femur,UBERON_Instance_511042,16362077.txt.knowtator.xml
Periodontal,UBERON:0001758,periodontium,UBERON_Instance_511050,16362077.txt.knowtator.xml
fourth lumbar vertebra,UBERON:0004620,lumbar vertebra 4,UBERON_Instance_511030,16362077.txt.knowtator.xml
distal metaphysis,UBERON:0004377,distal metaphysis,UBERON_Instance_511034,16362077.txt.knowtator.xml
femoral epiphysis,UBERON:0004384,epiphysis of femur,UBERON_Instance_511064,16362077.txt.knowtator.xml
nasal septum,UBERON:0001706,nasal septum,UBERON_Instance_511060,16362077.txt.knowtator.xml
Femur,UBERON:0000981,femur,UBERON_Instance_511072,16362077.txt.knowtator.xml
diaphyseal,UBERON:0004769,diaphysis,UBERON_Instance_511066,16362077.txt.knowtator.xml
marrow,UBERON:0002371,bone marrow,UBERON_Instance_511106,16362077.txt.knowtator.xml
trabeculae,UBERON:0000440,trabecula,UBERON_Instance_511096,16362077.txt.knowtator.xml
Marrow stromal,UBERON:0007195,stroma of bone marrow,UBERON_Instance_511100,16362077.txt.knowtator.xml
Adult,UBERON:0000922,embryo,UBERON_Instance_510314,16362077.txt.knowtator.xml
bone marrow stromal,UBERON:0007195,stroma of bone marrow,UBERON_Instance_510434,16362077.txt.knowtator.xml
trabecular bone,UBERON:0002483,trabecular bone tissue,UBERON_Instance_510392,16362077.txt.knowtator.xml
fifth lumbar vertebrae,UBERON:0004621,lumbar vertebra 5,UBERON_Instance_511172,16362077.txt.knowtator.xml
Trabecular Bone,UBERON:0002483,trabecular bone tissue,UBERON_Instance_511174,16362077.txt.knowtator.xml
metaphysis ... of long bones,UBERON:0001438,metaphysis,UBERON_Instance_511186,16362077.txt.knowtator.xml
bone marrow,UBERON:0002371,bone marrow,UBERON_Instance_510372,16362077.txt.knowtator.xml
metaphyseal,UBERON:0001438,metaphysis,UBERON_Instance_510388,16362077.txt.knowtator.xml
Bone marrow,UBERON:0002371,bone marrow,UBERON_Instance_510524,16362077.txt.knowtator.xml
Bone Marrow,UBERON:0002371,bone marrow,UBERON_Instance_510552,16362077.txt.knowtator.xml
Long Bones,UBERON:0002495,long bone,UBERON_Instance_510562,16362077.txt.knowtator.xml
sympathetic nervous system,UBERON:0000013,sympathetic nervous system,UBERON_Instance_511196,16362077.txt.knowtator.xml
axial ... skeleton,UBERON:0011137,axial skeletal system,UBERON_Instance_511190,16362077.txt.knowtator.xml
Stromal,UBERON:0003891,stroma,UBERON_Instance_511198,16362077.txt.knowtator.xml
late-stage embryos,UBERON:0000323,late embryo,UBERON_Instance_520052,16362077.txt.knowtator.xml
dentin,UBERON:0001751,dentine,UBERON_Instance_660026,16362077.txt.knowtator.xml
Bones,UBERON:0001474,bone element,UBERON_Instance_691806,16362077.txt.knowtator.xml
Dentin,UBERON:0001751,dentine,UBERON_Instance_660032,16362077.txt.knowtator.xml
Skeleton,UBERON:0004288,skeleton,UBERON_Instance_510892,16362077.txt.knowtator.xml
appendicular skeleton,UBERON:0002091,appendicular skeleton,UBERON_Instance_510926,16362077.txt.knowtator.xml
femoral,UBERON:0000981,femur,UBERON_Instance_510938,16362077.txt.knowtator.xml
vertebral,UBERON:0002412,vertebra,UBERON_Instance_510940,16362077.txt.knowtator.xml
epiphysis ... of long bones,UBERON:0001437,epiphysis,UBERON_Instance_510912,16362077.txt.knowtator.xml
osteoid,UBERON:0008883,osteoid,UBERON_Instance_510960,16362077.txt.knowtator.xml
macula,UBERON:0000054,macula,UBERON_Instance_531428,16410827.txt.knowtator.xml
saccular,UBERON:0001854,saccule of membranous labyrinth,UBERON_Instance_531430,16410827.txt.knowtator.xml
vestibular system,UBERON:0004681,vestibular system,UBERON_Instance_531412,16410827.txt.knowtator.xml
saccular macula,UBERON:0002212,macula of saccule of membranous labyrinth,UBERON_Instance_531462,16410827.txt.knowtator.xml
sac,UBERON:0002212,macula of saccule of membranous labyrinth,UBERON_Instance_531480,16410827.txt.knowtator.xml
bv,UBERON:0001981,blood vessel,UBERON_Instance_531454,16410827.txt.knowtator.xml
base of ... cochlea,UBERON:0014626,base of cochlear canal,UBERON_Instance_531448,16410827.txt.knowtator.xml
intestinal epithelium,UBERON:0001277,intestinal epithelium,UBERON_Instance_531544,16410827.txt.knowtator.xml
ut,UBERON:0002214,macula of utricle of membranous labyrinth,UBERON_Instance_531484,16410827.txt.knowtator.xml
saccular maculae,UBERON:0002212,macula of saccule of membranous labyrinth,UBERON_Instance_531496,16410827.txt.knowtator.xml
utricular maculae,UBERON:0002214,macula of utricle of membranous labyrinth,UBERON_Instance_531494,16410827.txt.knowtator.xml
otic epithelium,UBERON:0003249,epithelium of otic placode,UBERON_Instance_531566,16410827.txt.knowtator.xml
utricular,UBERON:0001853,utricle of membranous labyrinth,UBERON_Instance_531572,16410827.txt.knowtator.xml
embryonic heads,UBERON:0008816,embryonic head,UBERON_Instance_530206,16410827.txt.knowtator.xml
Cristae,UBERON:0004721,crista ampullaris,UBERON_Instance_530004,16410827.txt.knowtator.xml
vestibule,UBERON:0001349,vestibule,UBERON_Instance_500002,16410827.txt.knowtator.xml
psc,UBERON:0001842,posterior semicircular canal,UBERON_Instance_530466,16410827.txt.knowtator.xml
posterior semicircular canals,UBERON:0001842,posterior semicircular canal,UBERON_Instance_530468,16410827.txt.knowtator.xml
lateral semicircular canal,UBERON:0001843,lateral semicircular canal,UBERON_Instance_530462,16410827.txt.knowtator.xml
posterior semicircular canal,UBERON:0001842,posterior semicircular canal,UBERON_Instance_530464,16410827.txt.knowtator.xml
lateral canal,UBERON:0001843,lateral semicircular canal,UBERON_Instance_530474,16410827.txt.knowtator.xml
semicircular canal,UBERON:0001840,semicircular canal,UBERON_Instance_530476,16410827.txt.knowtator.xml
anterior canal,UBERON:0001841,anterior semicircular canal,UBERON_Instance_530472,16410827.txt.knowtator.xml
asc,UBERON:0001841,anterior semicircular canal,UBERON_Instance_530458,16410827.txt.knowtator.xml
lsc,UBERON:0001843,lateral semicircular canal,UBERON_Instance_530460,16410827.txt.knowtator.xml
lateral semicircular canals,UBERON:0001843,lateral semicircular canal,UBERON_Instance_530454,16410827.txt.knowtator.xml
shell,UBERON:0006612,shell,UBERON_Instance_532140,16410827.txt.knowtator.xml
anterior semicircular canal,UBERON:0001841,anterior semicircular canal,UBERON_Instance_530456,16410827.txt.knowtator.xml
anterior ... canals,UBERON:0001841,anterior semicircular canal,UBERON_Instance_530482,16410827.txt.knowtator.xml
lateral canals,UBERON:0001843,lateral semicircular canal,UBERON_Instance_530480,16410827.txt.knowtator.xml
Inner Ear,UBERON:0001846,internal ear,UBERON_Instance_530642,16410827.txt.knowtator.xml
otocyst,UBERON:0003051,ear vesicle,UBERON_Instance_540014,16410827.txt.knowtator.xml
Inner Ears,UBERON:0001846,internal ear,UBERON_Instance_530702,16410827.txt.knowtator.xml
vestibular sensory organs,UBERON:0006585,vestibular organ,UBERON_Instance_540032,16410827.txt.knowtator.xml
Vestibule,UBERON:0001349,vestibule,UBERON_Instance_540056,16410827.txt.knowtator.xml
sensory organs,UBERON:0000020,sense organ,UBERON_Instance_530818,16410827.txt.knowtator.xml
sensory patches,UBERON:0000054,macula,UBERON_Instance_530808,16410827.txt.knowtator.xml
sensory organ,UBERON:0000020,sense organ,UBERON_Instance_530834,16410827.txt.knowtator.xml
Inner ears,UBERON:0001846,internal ear,UBERON_Instance_530774,16410827.txt.knowtator.xml
cochlear duct,UBERON:0001855,cochlear duct of membranous labyrinth,UBERON_Instance_531076,16410827.txt.knowtator.xml
cochlea duct,UBERON:0001855,cochlear duct of membranous labyrinth,UBERON_Instance_531088,16410827.txt.knowtator.xml
cd,UBERON:0001855,cochlear duct of membranous labyrinth,UBERON_Instance_531090,16410827.txt.knowtator.xml
Cochlea,UBERON:0001844,cochlea,UBERON_Instance_531100,16410827.txt.knowtator.xml
Cochleae,UBERON:0001844,cochlea,UBERON_Instance_531176,16410827.txt.knowtator.xml
maculae,UBERON:0000054,macula,UBERON_Instance_531286,16410827.txt.knowtator.xml
endolymphatic ... sac,UBERON:0002223,endolymphatic sac,UBERON_Instance_531280,16410827.txt.knowtator.xml
apical ... cochlear,UBERON:0002819,apex of cochlea,UBERON_Instance_531242,16410827.txt.knowtator.xml
basal cochlear,UBERON:0014626,base of cochlear canal,UBERON_Instance_531216,16410827.txt.knowtator.xml
pericardial sac,UBERON:0002406,pericardial sac,UBERON_Instance_531312,16410827.txt.knowtator.xml
sense organ,UBERON:0000020,sense organ,UBERON_Instance_531296,16410827.txt.knowtator.xml
ed,UBERON:0001860,endolymphatic duct,UBERON_Instance_531346,16410827.txt.knowtator.xml
common crus,UBERON:2005411,common crus,UBERON_Instance_531342,16410827.txt.knowtator.xml
ut,UBERON:0001853,utricle of membranous labyrinth,UBERON_Instance_531354,16410827.txt.knowtator.xml
sac,UBERON:0001854,saccule of membranous labyrinth,UBERON_Instance_531350,16410827.txt.knowtator.xml
anterior ... semicircular canals,UBERON:0001841,anterior semicircular canal,UBERON_Instance_531332,16410827.txt.knowtator.xml
nephric duct,UBERON:0009201,nephric duct,UBERON_Instance_531328,16410827.txt.knowtator.xml
early embryos,UBERON:0019248,early embryo,UBERON_Instance_530514,16433929.txt.knowtator.xml
copulation plugs,UBERON:0010148,mating plug,UBERON_Instance_530594,16433929.txt.knowtator.xml
blastocyts,UBERON:0000358,blastocyst,UBERON_Instance_531612,16433929.txt.knowtator.xml
8-cell stage,UBERON:0019252,8-cell stage embryo,UBERON_Instance_531642,16433929.txt.knowtator.xml
8-cell embryos,UBERON:0019252,8-cell stage embryo,UBERON_Instance_531638,16433929.txt.knowtator.xml
Gonadal,UBERON:0000991,gonad,UBERON_Instance_531832,16462940.txt.knowtator.xml
Livers,UBERON:0002107,liver,UBERON_Instance_531820,16462940.txt.knowtator.xml
abdominal fat,UBERON:0007808,adipose tissue of abdominal region,UBERON_Instance_540110,16462940.txt.knowtator.xml
fat pad,UBERON:0003916,fat pad,UBERON_Instance_531696,16462940.txt.knowtator.xml
cervical,UBERON:0000002,uterine cervix,UBERON_Instance_530508,16462940.txt.knowtator.xml
gonadal fat pads,UBERON:0003428,gonadal fat pad,UBERON_Instance_532166,16462940.txt.knowtator.xml
brain sites,UBERON:0002616,regional part of brain,UBERON_Instance_540126,16504143.txt.knowtator.xml
eyelid,UBERON:0001711,eyelid,UBERON_Instance_532072,16504143.txt.knowtator.xml
somatic motor,UBERON:0003945,somatic motor system,UBERON_Instance_532060,16504143.txt.knowtator.xml
pyramidal,UBERON:0002929,dentate gyrus pyramidal layer,UBERON_Instance_532196,16504143.txt.knowtator.xml
CA1 ... fields,UBERON:0003881,CA1 field of hippocampus,UBERON_Instance_532192,16504143.txt.knowtator.xml
CA3 fields,UBERON:0003883,CA3 field of hippocampus,UBERON_Instance_532194,16504143.txt.knowtator.xml
anklebone,UBERON:0001447,tarsal bone,UBERON_Instance_550268,16507151.txt.knowtator.xml
mucosal,UBERON:0000344,mucosa,UBERON_Instance_550382,16517939.txt.knowtator.xml
gastrointestinal,UBERON:0005409,gastrointestinal system,UBERON_Instance_550380,16517939.txt.knowtator.xml
gastric epithelial,UBERON:0001276,epithelium of stomach,UBERON_Instance_550394,16517939.txt.knowtator.xml
colon,UBERON:0001155,colon,UBERON_Instance_550366,16517939.txt.knowtator.xml
Life,UBERON:0000104,life cycle,UBERON_Instance_550188,16517939.txt.knowtator.xml
Gastrointestinal,UBERON:0005409,gastrointestinal system,UBERON_Instance_550434,16517939.txt.knowtator.xml
colorectal,UBERON:0012652,colorectum,UBERON_Instance_560012,16517939.txt.knowtator.xml
gastrointestinal tract,UBERON:0001555,digestive tract,UBERON_Instance_560016,16517939.txt.knowtator.xml
fecal,UBERON:0001988,feces,UBERON_Instance_550446,16517939.txt.knowtator.xml
colonic mucosa,UBERON:0000317,colonic mucosa,UBERON_Instance_550358,16517939.txt.knowtator.xml
colonic,UBERON:0001155,colon,UBERON_Instance_550356,16517939.txt.knowtator.xml
NR,UBERON:0003902,retinal neural layer,UBERON_Instance_550264,16539743.txt.knowtator.xml
pineal glands,UBERON:0001905,pineal body,UBERON_Instance_550638,16539743.txt.knowtator.xml
pineal,UBERON:0001905,pineal body,UBERON_Instance_550640,16539743.txt.knowtator.xml
layer of ... retina,UBERON:0001781,layer of retina,UBERON_Instance_560022,16539743.txt.knowtator.xml
late embryonic ... period,UBERON:0007220,late embryonic stage,UBERON_Instance_560042,16539743.txt.knowtator.xml
layer of retina,UBERON:0001781,layer of retina,UBERON_Instance_560032,16539743.txt.knowtator.xml
body fluids,UBERON:0006314,bodily fluid,UBERON_Instance_571020,16579849.txt.knowtator.xml
sinus,UBERON:0001825,paranasal sinus,UBERON_Instance_510000,16579849.txt.knowtator.xml
tail vein,UBERON:0003481,tail vein,UBERON_Instance_570830,16579849.txt.knowtator.xml
neonatal period,UBERON:0007221,neonate stage,UBERON_Instance_570898,16579849.txt.knowtator.xml
epithelium of ... small intestine,UBERON:0001902,epithelium of small intestine,UBERON_Instance_571166,16611361.txt.knowtator.xml
decidual,UBERON:0002450,decidua,UBERON_Instance_571194,16611361.txt.knowtator.xml
extraembryonic ... endoderm,UBERON:0008945,extraembryonic endoderm,UBERON_Instance_570004,16611361.txt.knowtator.xml
extraembryonic endoderm,UBERON:0008945,extraembryonic endoderm,UBERON_Instance_570400,16611361.txt.knowtator.xml
trophectoderm,UBERON:0004345,trophectoderm,UBERON_Instance_571302,16628246.txt.knowtator.xml
conceptuses,UBERON:0004716,conceptus,UBERON_Instance_580008,16628246.txt.knowtator.xml
deciduas,UBERON:0002450,decidua,UBERON_Instance_571310,16628246.txt.knowtator.xml
extraembryonic structures,UBERON:0000478,extraembryonic structure,UBERON_Instance_580018,16628246.txt.knowtator.xml
embryonic ... structures,UBERON:0002050,embryonic structure,UBERON_Instance_580020,16628246.txt.knowtator.xml
embryonic structures,UBERON:0002050,embryonic structure,UBERON_Instance_580016,16628246.txt.knowtator.xml
zona pellucida,UBERON:0000086,zona pellucida,UBERON_Instance_571288,16628246.txt.knowtator.xml
Trophectoderm,UBERON:0004345,trophectoderm,UBERON_Instance_571902,16628246.txt.knowtator.xml
conceptus,UBERON:0004716,conceptus,UBERON_Instance_571332,16628246.txt.knowtator.xml
chorionic ectoderm,UBERON:0003374,chorionic ectoderm,UBERON_Instance_571318,16628246.txt.knowtator.xml
nf,UBERON:0005062,neural fold,UBERON_Instance_580026,16628246.txt.knowtator.xml
n,UBERON:0002328,notochord,UBERON_Instance_580028,16628246.txt.knowtator.xml
Extraembryonic Tissues,UBERON:0005292,extraembryonic tissue,UBERON_Instance_570708,16628246.txt.knowtator.xml
Trophoblast,UBERON:0000088,trophoblast,UBERON_Instance_571326,16628246.txt.knowtator.xml
ectoplacental cavities,UBERON:0008851,ectoplacental cavity,UBERON_Instance_570772,16628246.txt.knowtator.xml
ep,UBERON:0004364,ectoplacental cone,UBERON_Instance_570800,16628246.txt.knowtator.xml
ectoplacental cavity,UBERON:0008851,ectoplacental cavity,UBERON_Instance_570794,16628246.txt.knowtator.xml
ec,UBERON:0008851,ectoplacental cavity,UBERON_Instance_570796,16628246.txt.knowtator.xml
epc,UBERON:0004364,ectoplacental cone,UBERON_Instance_570804,16628246.txt.knowtator.xml
uterine horns,UBERON:0002247,uterine horn,UBERON_Instance_571406,16628246.txt.knowtator.xml
amniotic cavity,UBERON:0000301,amniotic cavity,UBERON_Instance_571440,16628246.txt.knowtator.xml
ac,UBERON:0000301,amniotic cavity,UBERON_Instance_571442,16628246.txt.knowtator.xml
ve,UBERON:0004877,visceral endoderm,UBERON_Instance_571424,16628246.txt.knowtator.xml
ce,UBERON:0003374,chorionic ectoderm,UBERON_Instance_571420,16628246.txt.knowtator.xml
t,UBERON:0000088,trophoblast,UBERON_Instance_571468,16628246.txt.knowtator.xml
e,UBERON:0002532,epiblast (generic),UBERON_Instance_571450,16628246.txt.knowtator.xml
c,UBERON:0003124,chorion,UBERON_Instance_571446,16628246.txt.knowtator.xml
Reichert's membrane,UBERON:0004369,Reichert's membrane,UBERON_Instance_571456,16628246.txt.knowtator.xml
rm,UBERON:0004369,Reichert's membrane,UBERON_Instance_571458,16628246.txt.knowtator.xml
exocoelomic cavity,UBERON:0003888,extraembryonic coelom,UBERON_Instance_571452,16628246.txt.knowtator.xml
ecc,UBERON:0003888,extraembryonic coelom,UBERON_Instance_571454,16628246.txt.knowtator.xml
Early Embryonic,UBERON:0019248,early embryo,UBERON_Instance_570376,16628246.txt.knowtator.xml
icm,UBERON:0000087,inner cell mass,UBERON_Instance_570946,16628246.txt.knowtator.xml
ne,UBERON:0002346,neurectoderm,UBERON_Instance_570920,16628246.txt.knowtator.xml
chorionic,UBERON:0003124,chorion,UBERON_Instance_571516,16628246.txt.knowtator.xml
amniotic ... cavities,UBERON:0000301,amniotic cavity,UBERON_Instance_571236,16628246.txt.knowtator.xml
exocoelomic ... cavities,UBERON:0003888,extraembryonic coelom,UBERON_Instance_571238,16628246.txt.knowtator.xml
trophectoderm layer,UBERON:0004345,trophectoderm,UBERON_Instance_571258,16628246.txt.knowtator.xml
mesenteric fat pad,UBERON:0015143,mesenteric fat pad,UBERON_Instance_571578,16670015.txt.knowtator.xml
MFP,UBERON:0015143,mesenteric fat pad,UBERON_Instance_571580,16670015.txt.knowtator.xml
femoral fat pad,UBERON:0012283,femoral fat pad,UBERON_Instance_571574,16670015.txt.knowtator.xml
FFP,UBERON:0012283,femoral fat pad,UBERON_Instance_571576,16670015.txt.knowtator.xml
RFP,UBERON:0010411,retroperitoneal fat pad,UBERON_Instance_571562,16670015.txt.knowtator.xml
retroperitoneal fat pad,UBERON:0010411,retroperitoneal fat pad,UBERON_Instance_571564,16670015.txt.knowtator.xml
gonadal fat pad,UBERON:0003428,gonadal fat pad,UBERON_Instance_571570,16670015.txt.knowtator.xml
carcass,UBERON:0008979,carcass,UBERON_Instance_571918,16670015.txt.knowtator.xml
GFP,UBERON:0003428,gonadal fat pad,UBERON_Instance_571572,16670015.txt.knowtator.xml
GI,UBERON:0005409,gastrointestinal system,UBERON+extensions+nested_Instance_20030,16670015.txt.knowtator.xml
naso,UBERON:0000004,olfactory apparatus,UBERON_Instance_580030,16670015.txt.knowtator.xml
total body,UBERON:0000468,multicellular organism,UBERON_Instance_580034,16670015.txt.knowtator.xml
carcasses,UBERON:0008979,carcass,UBERON_Instance_571678,16670015.txt.knowtator.xml
Femoral fat pad,UBERON:0012283,femoral fat pad,UBERON_Instance_571720,16670015.txt.knowtator.xml
Carcasses,UBERON:0008979,carcass,UBERON_Instance_571744,16670015.txt.knowtator.xml
Carcass,UBERON:0008979,carcass,UBERON_Instance_571748,16670015.txt.knowtator.xml
gastrointestinal ... tract,UBERON:0001555,digestive tract,UBERON_Instance_571738,16670015.txt.knowtator.xml
mesenteric ... fat pads,UBERON:0015143,mesenteric fat pad,UBERON_Instance_571548,16670015.txt.knowtator.xml
femoral ... fat pads,UBERON:0012283,femoral fat pad,UBERON_Instance_571544,16670015.txt.knowtator.xml
retroperitoneal ... fat pads,UBERON:0010411,retroperitoneal fat pad,UBERON_Instance_571556,16670015.txt.knowtator.xml
gonadal ... fat pads,UBERON:0003428,gonadal fat pad,UBERON_Instance_571552,16670015.txt.knowtator.xml
reproductive organs,UBERON:0003133,reproductive organ,UBERON_Instance_580002,16700629.txt.knowtator.xml
testis cords,UBERON:0005297,testis sex cord,UBERON_Instance_590038,16700629.txt.knowtator.xml
testis cord,UBERON:0005297,testis sex cord,UBERON_Instance_590034,16700629.txt.knowtator.xml
Testis cords,UBERON:0005297,testis sex cord,UBERON_Instance_590058,16700629.txt.knowtator.xml
cords,UBERON:0005297,testis sex cord,UBERON_Instance_610248,16700629.txt.knowtator.xml
mesonephric,UBERON:0000080,mesonephros,UBERON_Instance_610242,16700629.txt.knowtator.xml
field,UBERON:0007688,anlage,UBERON_Instance_620008,16700629.txt.knowtator.xml
fields,UBERON:0007688,anlage,UBERON_Instance_620006,16700629.txt.knowtator.xml
nephrogenous mesenchyme,UBERON:0004208,nephrogenic mesenchyme,UBERON_Instance_620014,16700629.txt.knowtator.xml
amnions,UBERON:0000305,amnion,UBERON_Instance_620020,16700629.txt.knowtator.xml
g,UBERON:0000991,gonad,UBERON_Instance_591100,16700629.txt.knowtator.xml
Gonad,UBERON:0000991,gonad,UBERON_Instance_591090,16700629.txt.knowtator.xml
ovarian,UBERON:0000992,female gonad,UBERON_Instance_591130,16700629.txt.knowtator.xml
primordium,UBERON:0001048,primordium,UBERON_Instance_591134,16700629.txt.knowtator.xml
mesonephric tubules,UBERON:0000083,mesonephric tubule,UBERON_Instance_591166,16700629.txt.knowtator.xml
genital ridges,UBERON:0005294,genital ridge,UBERON_Instance_591160,16700629.txt.knowtator.xml
mesonephroi,UBERON:0000080,mesonephros,UBERON_Instance_591162,16700629.txt.knowtator.xml
genital,UBERON:3011048,genital system,UBERON_Instance_591178,16700629.txt.knowtator.xml
mesonephric ... ducts,UBERON:0003074,mesonephric duct,UBERON_Instance_591168,16700629.txt.knowtator.xml
urogenital,UBERON:0004122,genitourinary system,UBERON_Instance_591198,16700629.txt.knowtator.xml
m,UBERON:0000080,mesonephros,UBERON_Instance_591208,16700629.txt.knowtator.xml
coelomic,UBERON:0011997,coelom,UBERON_Instance_591186,16700629.txt.knowtator.xml
m,UBERON:0000083,mesonephric tubule,UBERON_Instance_591222,16700629.txt.knowtator.xml
stratified cuboidal epithelium,UBERON:0007603,stratified cuboidal epithelium,UBERON_Instance_610256,16787536.txt.knowtator.xml
stratified epithelium,UBERON:0000486,multilaminar epithelium,UBERON_Instance_610254,16787536.txt.knowtator.xml
ileum,UBERON:0002116,ileum,UBERON_Instance_610266,16787536.txt.knowtator.xml
renal proximal convoluted tubule,UBERON:0001287,proximal convoluted tubule,UBERON_Instance_610262,16787536.txt.knowtator.xml
simple columnar epithelium,UBERON:0000485,simple columnar epithelium,UBERON_Instance_610282,16787536.txt.knowtator.xml
saphenous vein,UBERON:0007318,saphenous vein,UBERON_Instance_610284,16787536.txt.knowtator.xml
simple squamous epithelium,UBERON:0000487,simple squamous epithelium,UBERON_Instance_620032,16787536.txt.knowtator.xml
yolk sac ... endoderm,UBERON:0003257,yolk sac endoderm,UBERON_Instance_620034,16787536.txt.knowtator.xml
simple columnar ... epithelium,UBERON:0000485,simple columnar epithelium,UBERON_Instance_620030,16787536.txt.knowtator.xml
allantoic blood vessels,UBERON:0010260,umbilical blood vessel,UBERON_Instance_620038,16787536.txt.knowtator.xml
endoderm of ... embryos,UBERON:0005439,definitive endoderm,UBERON_Instance_620048,16787536.txt.knowtator.xml
yolk sac endodermal,UBERON:0003257,yolk sac endoderm,UBERON_Instance_620050,16787536.txt.knowtator.xml
VE,UBERON:0004877,visceral endoderm,UBERON_Instance_591242,16787536.txt.knowtator.xml
Yolk sac blood islands,UBERON:0011919,yolk sac blood island,UBERON_Instance_591252,16787536.txt.knowtator.xml
Am,UBERON:0000305,amnion,UBERON_Instance_591314,16787536.txt.knowtator.xml
A,UBERON:0004340,allantois,UBERON_Instance_591310,16787536.txt.knowtator.xml
S,UBERON:0002329,somite,UBERON_Instance_591318,16787536.txt.knowtator.xml
H,UBERON:0000948,heart,UBERON_Instance_591378,16787536.txt.knowtator.xml
paired dorsal aortae,UBERON:0010190,pair of dorsal aortae,UBERON_Instance_591358,16787536.txt.knowtator.xml
YS,UBERON:0001040,yolk sac,UBERON_Instance_591382,16787536.txt.knowtator.xml
embryonic endoderm,UBERON:0005439,definitive endoderm,UBERON_Instance_590346,16787536.txt.knowtator.xml
EE,UBERON:0005439,definitive endoderm,UBERON_Instance_590348,16787536.txt.knowtator.xml
Yolk sac,UBERON:0001040,yolk sac,UBERON_Instance_591416,16787536.txt.knowtator.xml
allantoic,UBERON:0004340,allantois,UBERON_Instance_591450,16787536.txt.knowtator.xml
definitive embryonic endoderm,UBERON:0005439,definitive endoderm,UBERON_Instance_591502,16787536.txt.knowtator.xml
embryonic endodermal,UBERON:0005439,definitive endoderm,UBERON_Instance_590506,16787536.txt.knowtator.xml
neural folds,UBERON:0005062,neural fold,UBERON_Instance_590694,16787536.txt.knowtator.xml
NF,UBERON:0005062,neural fold,UBERON_Instance_590696,16787536.txt.knowtator.xml
Br,UBERON:0000955,brain,UBERON_Instance_580004,16800892.txt.knowtator.xml
extremities,UBERON:0000026,appendage,UBERON_Instance_620072,16800892.txt.knowtator.xml
Lv,UBERON:0002107,liver,UBERON_Instance_610150,16800892.txt.knowtator.xml
adipose,UBERON:0001013,adipose tissue,UBERON_Instance_610152,16800892.txt.knowtator.xml
Kd,UBERON:0002113,kidney,UBERON_Instance_610146,16800892.txt.knowtator.xml
Co,UBERON:0001155,colon,UBERON_Instance_610158,16800892.txt.knowtator.xml
Te,UBERON:0000473,testis,UBERON_Instance_590066,16800892.txt.knowtator.xml
Ad,UBERON:0001013,adipose tissue,UBERON_Instance_610154,16800892.txt.knowtator.xml
femurs,UBERON:0000981,femur,UBERON_Instance_610130,16800892.txt.knowtator.xml
vertebrae,UBERON:0002412,vertebra,UBERON_Instance_610132,16800892.txt.knowtator.xml
splenic,UBERON:0002106,spleen,UBERON_Instance_610140,16800892.txt.knowtator.xml
Ht,UBERON:0000948,heart,UBERON_Instance_610190,16800892.txt.knowtator.xml
Sp,UBERON:0002106,spleen,UBERON_Instance_610196,16800892.txt.knowtator.xml
Ov,UBERON:0000992,female gonad,UBERON_Instance_610172,16800892.txt.knowtator.xml
SI,UBERON:0002108,small intestine,UBERON_Instance_610162,16800892.txt.knowtator.xml
St,UBERON:0000945,stomach,UBERON_Instance_610200,16800892.txt.knowtator.xml
BM,UBERON:0002371,bone marrow,UBERON_Instance_590716,16800892.txt.knowtator.xml
egg,UBERON:0007379,egg,UBERON_Instance_620078,16870721.txt.knowtator.xml
coronal suture,UBERON:0002489,coronal suture,UBERON_Instance_640064,16968134.txt.knowtator.xml
calvarial,UBERON:0004339,vault of skull,UBERON_Instance_640066,16968134.txt.knowtator.xml
meningeal layer,UBERON:0002360,meninx,UBERON_Instance_640076,16968134.txt.knowtator.xml
coronal sutures,UBERON:0002489,coronal suture,UBERON_Instance_640044,16968134.txt.knowtator.xml
vibrissae,UBERON:0006378,strand of vibrissa hair,UBERON_Instance_641328,16968134.txt.knowtator.xml
skull vault,UBERON:0004339,vault of skull,UBERON_Instance_640132,16968134.txt.knowtator.xml
Vibrissae,UBERON:0006378,strand of vibrissa hair,UBERON_Instance_641350,16968134.txt.knowtator.xml
foramen,UBERON:0005744,bone foramen,UBERON_Instance_640144,16968134.txt.knowtator.xml
Calvarial,UBERON:0004339,vault of skull,UBERON_Instance_640118,16968134.txt.knowtator.xml
rhombomeric,UBERON:0001892,rhombomere,UBERON_Instance_641346,16968134.txt.knowtator.xml
parietal ... bone,UBERON:0000210,tetrapod parietal bone,UBERON_Instance_641364,16968134.txt.knowtator.xml
whiskers,UBERON:0006378,strand of vibrissa hair,UBERON_Instance_640204,16968134.txt.knowtator.xml
calvaria,UBERON:0004339,vault of skull,UBERON_Instance_640272,16968134.txt.knowtator.xml
Coronal suture,UBERON:0002489,coronal suture,UBERON_Instance_640252,16968134.txt.knowtator.xml
frontal,UBERON:0000209,tetrapod frontal bone,UBERON_Instance_640254,16968134.txt.knowtator.xml
Foramen,UBERON:0005744,bone foramen,UBERON_Instance_640264,16968134.txt.knowtator.xml
cranium,UBERON:0003128,cranium,UBERON_Instance_650032,16968134.txt.knowtator.xml
foramina,UBERON:0005744,bone foramen,UBERON_Instance_650038,16968134.txt.knowtator.xml
frontal bones,UBERON:0000209,tetrapod frontal bone,UBERON_Instance_631038,16968134.txt.knowtator.xml
frontal bone,UBERON:0000209,tetrapod frontal bone,UBERON_Instance_631040,16968134.txt.knowtator.xml
parietal bone,UBERON:0000210,tetrapod parietal bone,UBERON_Instance_631034,16968134.txt.knowtator.xml
nasal bones,UBERON:0001681,nasal bone,UBERON_Instance_631022,16968134.txt.knowtator.xml
cranial ... bones,UBERON:0004766,cranial bone,UBERON_Instance_631024,16968134.txt.knowtator.xml
Frontal Bone,UBERON:0000209,tetrapod frontal bone,UBERON_Instance_631050,16968134.txt.knowtator.xml
forehead,UBERON:0008200,forehead,UBERON_Instance_630216,16968134.txt.knowtator.xml
pb,UBERON:0000210,tetrapod parietal bone,UBERON_Instance_631110,16968134.txt.knowtator.xml
fb,UBERON:0000209,tetrapod frontal bone,UBERON_Instance_631106,16968134.txt.knowtator.xml
Frontal Bones,UBERON:0000209,tetrapod frontal bone,UBERON_Instance_631088,16968134.txt.knowtator.xml
rhombomeres,UBERON:0001892,rhombomere,UBERON_Instance_640014,16968134.txt.knowtator.xml
cortex of ... thymus,UBERON:0002123,cortex of thymus,UBERON+extensions+nested_Instance_40020,17002498.txt.knowtator.xml
oral cavities,UBERON:0000167,oral cavity,UBERON_Instance_641386,17002498.txt.knowtator.xml
Intestinal,UBERON:0000160,intestine,UBERON_Instance_641404,17002498.txt.knowtator.xml
teeth,UBERON:0001091,calcareous tooth,UBERON_Instance_650076,17002498.txt.knowtator.xml
oral ... epithelia,UBERON:0002424,oral epithelium,UBERON_Instance_640304,17002498.txt.knowtator.xml
epidermoid,UBERON:0007376,outer epithelium,UBERON_Instance_650068,17002498.txt.knowtator.xml
corneal epithelia,UBERON:0001772,corneal epithelium,UBERON_Instance_640306,17002498.txt.knowtator.xml
maxillary,UBERON:0002397,maxilla,UBERON_Instance_650070,17002498.txt.knowtator.xml
stages of life,UBERON:0000105,life cycle stage,UBERON_Instance_650086,17002498.txt.knowtator.xml
Thymus,UBERON:0002370,thymus,UBERON_Instance_640286,17002498.txt.knowtator.xml
squamous epithelia,UBERON:0006914,squamous epithelium,UBERON_Instance_640296,17002498.txt.knowtator.xml
stratified epithelia,UBERON:0000486,multilaminar epithelium,UBERON_Instance_640292,17002498.txt.knowtator.xml
ectodermally,UBERON:0000924,ectoderm,UBERON_Instance_640294,17002498.txt.knowtator.xml
oral ... glands,UBERON:0010047,oral gland,UBERON_Instance_650140,17002498.txt.knowtator.xml
primary teeth,UBERON:0007115,deciduous tooth,UBERON_Instance_650138,17002498.txt.knowtator.xml
lobule,UBERON:0009911,lobule,UBERON_Instance_650146,17002498.txt.knowtator.xml
lower incisors,UBERON:0003451,lower jaw incisor,UBERON_Instance_650098,17002498.txt.knowtator.xml
basal epidermis,UBERON:0002025,stratum basale of epidermis,UBERON_Instance_650126,17002498.txt.knowtator.xml
cranial neural crest–derived mesenchyme,UBERON:0007213,mesenchyme derived from head neural crest,UBERON_Instance_650134,17002498.txt.knowtator.xml
spinous ... layers of epidermis,UBERON:0002026,stratum spinosum of epidermis,UBERON_Instance_650122,17002498.txt.knowtator.xml
upper gastrointestinal tract,UBERON:0004908,upper digestive tract,UBERON_Instance_650176,17002498.txt.knowtator.xml
medulla of ... thymus,UBERON:0002124,medulla of thymus,UBERON_Instance_640404,17002498.txt.knowtator.xml
suprabasal epidermis,UBERON:0010402,epidermis suprabasal layer,UBERON_Instance_650186,17002498.txt.knowtator.xml
thymic epithelial,UBERON:0003846,thymus epithelium,UBERON_Instance_640400,17002498.txt.knowtator.xml
odonto,UBERON:0001091,calcareous tooth,UBERON_Instance_650214,17002498.txt.knowtator.xml
incisors,UBERON:0001098,incisor tooth,UBERON_Instance_640434,17002498.txt.knowtator.xml
stomatological,UBERON:0000165,mouth,UBERON_Instance_650216,17002498.txt.knowtator.xml
eyelids,UBERON:0001711,eyelid,UBERON_Instance_640428,17002498.txt.knowtator.xml
tips of ... tails,UBERON:0010162,post-anal tail tip,UBERON_Instance_650222,17002498.txt.knowtator.xml
molars,UBERON:0003655,molar tooth,UBERON_Instance_640438,17002498.txt.knowtator.xml
stomachs,UBERON:0000945,stomach,UBERON_Instance_640440,17002498.txt.knowtator.xml
external ears,UBERON:0001691,external ear,UBERON_Instance_640414,17002498.txt.knowtator.xml
pelage hairs,UBERON:0010509,strand of pelage hair,UBERON_Instance_640424,17002498.txt.knowtator.xml
pelage hair,UBERON:0010509,strand of pelage hair,UBERON_Instance_640418,17002498.txt.knowtator.xml
Teeth,UBERON:0001091,calcareous tooth,UBERON_Instance_650230,17002498.txt.knowtator.xml
pinnnae,UBERON:0001757,pinna,UBERON_Instance_650226,17002498.txt.knowtator.xml
foreheads,UBERON:0008200,forehead,UBERON_Instance_630222,17002498.txt.knowtator.xml
maxillary incisors,UBERON:0003450,upper jaw incisor,UBERON_Instance_640464,17002498.txt.knowtator.xml
maxillary ... molars,UBERON:0003666,upper jaw molar,UBERON_Instance_640460,17002498.txt.knowtator.xml
inner root sheath,UBERON:0005941,hair inner root sheath,UBERON_Instance_640516,17002498.txt.knowtator.xml
Hair Follicles,UBERON:0002073,hair follicle,UBERON_Instance_640496,17002498.txt.knowtator.xml
basal layer of epidermis,UBERON:0002025,stratum basale of epidermis,UBERON_Instance_640546,17002498.txt.knowtator.xml
ORS of hair follicles,UBERON:0005942,hair outer root sheath,UBERON_Instance_640540,17002498.txt.knowtator.xml
granular layers of epidermis,UBERON:0002069,stratum granulosum of epidermis,UBERON_Instance_640550,17002498.txt.knowtator.xml
ORS of ... hair follicle,UBERON:0005942,hair outer root sheath,UBERON_Instance_640552,17002498.txt.knowtator.xml
hair follicle bulb,UBERON:0005932,bulb of hair follicle,UBERON_Instance_640522,17002498.txt.knowtator.xml
subcutaneous fat,UBERON:0002190,subcutaneous adipose tissue,UBERON_Instance_640530,17002498.txt.knowtator.xml
hair shaft,UBERON:0002074,hair shaft,UBERON_Instance_640526,17002498.txt.knowtator.xml
ORS of ... hair follicles,UBERON:0005942,hair outer root sheath,UBERON_Instance_640566,17002498.txt.knowtator.xml
hair follicle bulbs,UBERON:0005932,bulb of hair follicle,UBERON_Instance_640560,17002498.txt.knowtator.xml
hair bulbs,UBERON:0005932,bulb of hair follicle,UBERON_Instance_640578,17002498.txt.knowtator.xml
tooth,UBERON:0001091,calcareous tooth,UBERON_Instance_640620,17002498.txt.knowtator.xml
epithelia of cornea,UBERON:0001772,corneal epithelium,UBERON_Instance_640642,17002498.txt.knowtator.xml
Tooth,UBERON:0001091,calcareous tooth,UBERON_Instance_640616,17002498.txt.knowtator.xml
epithelia of ... salivary ... glands,UBERON:0004809,salivary gland epithelium,UBERON_Instance_640648,17002498.txt.knowtator.xml
epithelia of ... Hardarian glands,UBERON:0004694,Harderian gland epithelium,UBERON_Instance_640650,17002498.txt.knowtator.xml
Hassall's corpuscles,UBERON:0003987,Hassall's corpuscle,UBERON_Instance_640714,17002498.txt.knowtator.xml
lobules,UBERON:0009911,lobule,UBERON_Instance_640720,17002498.txt.knowtator.xml
Hassall's corpuscle,UBERON:0003987,Hassall's corpuscle,UBERON_Instance_640760,17002498.txt.knowtator.xml
embryonic ectodermal,UBERON:0000924,ectoderm,UBERON_Instance_630474,17002498.txt.knowtator.xml
vibrissae,UBERON:0010419,vibrissa follicle,UBERON_Instance_640812,17002498.txt.knowtator.xml
pelage,UBERON:0010509,strand of pelage hair,UBERON_Instance_640814,17002498.txt.knowtator.xml
coat of hair,UBERON:0010166,coat of hair,UBERON_Instance_630552,17002498.txt.knowtator.xml
cortico,UBERON:0001851,cortex,UBERON_Instance_640892,17002498.txt.knowtator.xml
appendage,UBERON:0004529,anatomical projection,UBERON_Instance_840368,17002498.txt.knowtator.xml
Appendages,UBERON:0004529,anatomical projection,UBERON_Instance_840370,17002498.txt.knowtator.xml
Thymi,UBERON:0002370,thymus,UBERON_Instance_640990,17002498.txt.knowtator.xml
tooth buds,UBERON:0008281,tooth bud,UBERON_Instance_630898,17002498.txt.knowtator.xml
T,UBERON:0002370,thymus,UBERON_Instance_641038,17002498.txt.knowtator.xml
tooth bud,UBERON:0008281,tooth bud,UBERON_Instance_630904,17002498.txt.knowtator.xml
L,UBERON:0002107,liver,UBERON_Instance_641042,17002498.txt.knowtator.xml
molar ... teeth,UBERON:0003655,molar tooth,UBERON_Instance_641026,17002498.txt.knowtator.xml
M ... teeth,UBERON:0003655,molar tooth,UBERON_Instance_641028,17002498.txt.knowtator.xml
incisor ... teeth,UBERON:0001098,incisor tooth,UBERON_Instance_641022,17002498.txt.knowtator.xml
I ... teeth,UBERON:0001098,incisor tooth,UBERON_Instance_641024,17002498.txt.knowtator.xml
foot pads,UBERON:0013623,pedal autopod pad,UBERON_Instance_641070,17002498.txt.knowtator.xml
oral cavity,UBERON:0000167,oral cavity,UBERON_Instance_641054,17002498.txt.knowtator.xml
hair bulb,UBERON:0005932,bulb of hair follicle,UBERON_Instance_641060,17002498.txt.knowtator.xml
mandibular bone,UBERON:0001684,mandible,UBERON_Instance_631130,17002498.txt.knowtator.xml
lymphoid tissue,UBERON:0001744,lymphoid tissue,UBERON_Instance_631228,17002498.txt.knowtator.xml
cornified layer,UBERON:0002027,stratum corneum of epidermis,UBERON_Instance_641126,17020410.txt.knowtator.xml
sebacious gland,UBERON:0001821,sebaceous gland,UBERON_Instance_641130,17020410.txt.knowtator.xml
pelvis,UBERON:0002355,pelvis,UBERON_Instance_641140,17020410.txt.knowtator.xml
hair-shaft,UBERON:0002074,hair shaft,UBERON_Instance_641168,17020410.txt.knowtator.xml
nails,UBERON:0001705,nail,UBERON_Instance_641090,17020410.txt.knowtator.xml
spinal column,UBERON:0001130,vertebral column,UBERON_Instance_650240,17020410.txt.knowtator.xml
lives,UBERON:0000104,life cycle,UBERON_Instance_650236,17020410.txt.knowtator.xml
cartoid artery,UBERON:0005396,carotid artery segment,UBERON_Instance_641282,17022820.txt.knowtator.xml
Arterial,UBERON:0001637,artery,UBERON_Instance_641294,17022820.txt.knowtator.xml
venous,UBERON:0001638,vein,UBERON_Instance_641264,17022820.txt.knowtator.xml
left common carotid artery,UBERON:0001536,left common carotid artery plus branches,UBERON_Instance_641272,17022820.txt.knowtator.xml
sebaceous glands,UBERON:0001821,sebaceous gland,UBERON_Instance_641298,17022820.txt.knowtator.xml
thrombus,UBERON:0010210,blood clot,UBERON_Instance_641430,17022820.txt.knowtator.xml
carotid,UBERON:0005396,carotid artery segment,UBERON_Instance_641182,17022820.txt.knowtator.xml
Clot,UBERON:0010210,blood clot,UBERON_Instance_641462,17022820.txt.knowtator.xml
Thrombus,UBERON:0010210,blood clot,UBERON_Instance_641454,17022820.txt.knowtator.xml
carotids,UBERON:0005396,carotid artery segment,UBERON_Instance_641216,17022820.txt.knowtator.xml
fibrin clot,UBERON:0010210,blood clot,UBERON_Instance_641484,17022820.txt.knowtator.xml
clot,UBERON:0010210,blood clot,UBERON_Instance_641486,17022820.txt.knowtator.xml
bullae,UBERON:0008959,auditory bulla,UBERON_Instance_690068,17029558.txt.knowtator.xml
middle ear,UBERON:0001756,middle ear,UBERON_Instance_690050,17029558.txt.knowtator.xml
middle ear cavity,UBERON:0004114,tympanic cavity,UBERON_Instance_690058,17029558.txt.knowtator.xml
MEC,UBERON:0004114,tympanic cavity,UBERON_Instance_690060,17029558.txt.knowtator.xml
middle ears,UBERON:0001756,middle ear,UBERON_Instance_690054,17029558.txt.knowtator.xml
serous,UBERON:0007794,serous fluid,UBERON_Instance_690104,17029558.txt.knowtator.xml
MECs,UBERON:0004114,tympanic cavity,UBERON_Instance_690082,17029558.txt.knowtator.xml
respiratory tract,UBERON:0000065,respiratory tract,UBERON_Instance_690126,17029558.txt.knowtator.xml
serous fluid,UBERON:0007794,serous fluid,UBERON_Instance_690118,17029558.txt.knowtator.xml
exudate,UBERON:0007780,exudate,UBERON_Instance_690160,17029558.txt.knowtator.xml
tympanic membrane,UBERON:0002364,tympanic membrane,UBERON_Instance_690172,17029558.txt.knowtator.xml
outer ear canal,UBERON:0001352,external acoustic meatus,UBERON_Instance_690174,17029558.txt.knowtator.xml
temporal bone,UBERON:0001678,temporal bone,UBERON_Instance_690148,17029558.txt.knowtator.xml
exudates,UBERON:0007780,exudate,UBERON_Instance_690150,17029558.txt.knowtator.xml
Nose,UBERON:0000004,olfactory apparatus,UBERON_Instance_690144,17029558.txt.knowtator.xml
OEC,UBERON:0001352,external acoustic meatus,UBERON_Instance_690198,17029558.txt.knowtator.xml
NS,UBERON:0001706,nasal septum,UBERON_Instance_690192,17029558.txt.knowtator.xml
TM,UBERON:0002364,tympanic membrane,UBERON_Instance_690206,17029558.txt.knowtator.xml
TB,UBERON:0001678,temporal bone,UBERON_Instance_690202,17029558.txt.knowtator.xml
E,UBERON:0007780,exudate,UBERON_Instance_690182,17029558.txt.knowtator.xml
NC,UBERON:0001707,nasal cavity,UBERON_Instance_690186,17029558.txt.knowtator.xml
eardrum,UBERON:0002364,tympanic membrane,UBERON_Instance_690234,17029558.txt.knowtator.xml
lymphatics,UBERON:0001473,lymphatic vessel,UBERON_Instance_700012,17029558.txt.knowtator.xml
eustachian tube,UBERON:0002393,pharyngotympanic tube,UBERON_Instance_690242,17029558.txt.knowtator.xml
ossicular,UBERON:0010911,ossicle,UBERON_Instance_700008,17029558.txt.knowtator.xml
mucous,UBERON:0000912,mucus,UBERON_Instance_700020,17029558.txt.knowtator.xml
bronchiolar,UBERON:0002186,bronchiole,UBERON_Instance_690216,17029558.txt.knowtator.xml
Exudate,UBERON:0007780,exudate,UBERON_Instance_690210,17029558.txt.knowtator.xml
alveolar septae,UBERON:0004893,interalveolar septum,UBERON_Instance_690222,17029558.txt.knowtator.xml
whole-body,UBERON:0000468,multicellular organism,UBERON_Instance_690280,17029558.txt.knowtator.xml
gastrointestinal systems,UBERON:0005409,gastrointestinal system,UBERON_Instance_690264,17029558.txt.knowtator.xml
systemic,UBERON:0000467,anatomical system,UBERON_Instance_700030,17029558.txt.knowtator.xml
upper respiratory tract,UBERON:0001557,upper respiratory tract,UBERON_Instance_690270,17029558.txt.knowtator.xml
Heads,UBERON:0000033,head,UBERON_Instance_690324,17029558.txt.knowtator.xml
nasal turbinates,UBERON:0001762,nasal concha,UBERON_Instance_690328,17029558.txt.knowtator.xml
oropharynx,UBERON:0001729,oropharynx,UBERON_Instance_690330,17029558.txt.knowtator.xml
nasopharyngeal,UBERON:0001728,nasopharynx,UBERON_Instance_690318,17029558.txt.knowtator.xml
mandibles,UBERON:0001684,mandible,UBERON_Instance_690362,17029558.txt.knowtator.xml
Immune,UBERON:0002405,immune system,UBERON_Instance_830056,17029558.txt.knowtator.xml
snouts,UBERON:0006333,snout,UBERON_Instance_690348,17029558.txt.knowtator.xml
hematopoietic tissues,UBERON:0012429,hemopoietic tissue,UBERON_Instance_691728,17029558.txt.knowtator.xml
B,UBERON:0002186,bronchiole,UBERON_Instance_691722,17029558.txt.knowtator.xml
urogenital ... systems,UBERON:0004122,genitourinary system,UBERON_Instance_691730,17029558.txt.knowtator.xml
middle ... ears,UBERON:0001756,middle ear,UBERON_Instance_680022,17029558.txt.knowtator.xml
tympanic ring,UBERON:0002218,tympanic ring,UBERON_Instance_690008,17029558.txt.knowtator.xml
hind limbs,UBERON:0002103,hindlimb,UBERON_Instance_680062,17029558.txt.knowtator.xml
Middle Ear,UBERON:0001756,middle ear,UBERON_Instance_690036,17029558.txt.knowtator.xml
GC,UBERON:0001792,ganglionic layer of retina,UBERON_Instance_690766,17069463.txt.knowtator.xml
pupils,UBERON:0001771,pupil,UBERON_Instance_690814,17069463.txt.knowtator.xml
optic vesicle,UBERON:0004128,optic vesicle,UBERON_Instance_690910,17069463.txt.knowtator.xml
embryonically,UBERON:0000922,embryo,UBERON_Instance_690564,17069463.txt.knowtator.xml
neuroretinal,UBERON:0001781,layer of retina,UBERON_Instance_700046,17069463.txt.knowtator.xml
Venous,UBERON:0001638,vein,UBERON_Instance_691038,17069463.txt.knowtator.xml
AP-septal,UBERON:0006207,aortico-pulmonary spiral septum,UBERON_Instance_692000,17078885.txt.knowtator.xml
conotruncal,UBERON:0006060,conotruncus,UBERON_Instance_691994,17078885.txt.knowtator.xml
OFT,UBERON:0004145,outflow tract,UBERON_Instance_691996,17078885.txt.knowtator.xml
AP-septum,UBERON:0006207,aortico-pulmonary spiral septum,UBERON_Instance_692010,17078885.txt.knowtator.xml
NC,UBERON:0002342,neural crest,UBERON_Instance_692006,17078885.txt.knowtator.xml
6th ... PAAs,UBERON:0003123,pharyngeal arch artery 6,UBERON_Instance_691978,17078885.txt.knowtator.xml
4th ... PAAs,UBERON:0003121,pharyngeal arch artery 4,UBERON_Instance_691976,17078885.txt.knowtator.xml
6th PAAs,UBERON:0003123,pharyngeal arch artery 6,UBERON_Instance_691984,17078885.txt.knowtator.xml
6,UBERON:0003123,pharyngeal arch artery 6,UBERON_Instance_692048,17078885.txt.knowtator.xml
6th PAA,UBERON:0003123,pharyngeal arch artery 6,UBERON_Instance_692050,17078885.txt.knowtator.xml
sixth PAAs,UBERON:0003123,pharyngeal arch artery 6,UBERON_Instance_692016,17078885.txt.knowtator.xml
truncus,UBERON:0002061,truncus arteriosus,UBERON_Instance_692018,17078885.txt.knowtator.xml
aortic sac,UBERON:0005432,aortic sac,UBERON_Instance_692014,17078885.txt.knowtator.xml
truncus artriosus,UBERON:0002061,truncus arteriosus,UBERON_Instance_692078,17078885.txt.knowtator.xml
cardiac neural crest,UBERON:0000095,cardiac neural crest,UBERON_Instance_690784,17078885.txt.knowtator.xml
4th PAAs,UBERON:0003121,pharyngeal arch artery 4,UBERON_Instance_692080,17078885.txt.knowtator.xml
truncus arteriosus,UBERON:0002061,truncus arteriosus,UBERON_Instance_692074,17078885.txt.knowtator.xml
cardiac OFT,UBERON:0004145,outflow tract,UBERON_Instance_692070,17078885.txt.knowtator.xml
PAAs,UBERON:0004363,pharyngeal arch artery,UBERON_Instance_692064,17078885.txt.knowtator.xml
late stage embryos,UBERON:0000323,late embryo,UBERON_Instance_690852,17078885.txt.knowtator.xml
secondary heart field,UBERON:0009889,secondary heart field,UBERON_Instance_692094,17078885.txt.knowtator.xml
SHF,UBERON:0009889,secondary heart field,UBERON_Instance_692096,17078885.txt.knowtator.xml
aortic arch,UBERON:0004363,pharyngeal arch artery,UBERON_Instance_690846,17078885.txt.knowtator.xml
aortic arch arteries,UBERON:0004363,pharyngeal arch artery,UBERON_Instance_690848,17078885.txt.knowtator.xml
3rd ... pharyngeal arch arteries,UBERON:0003120,pharyngeal arch artery 3,UBERON_Instance_692142,17078885.txt.knowtator.xml
4th ... pharyngeal arch arteries,UBERON:0003121,pharyngeal arch artery 4,UBERON_Instance_692144,17078885.txt.knowtator.xml
third somite,UBERON:2000732,somite 3,UBERON_Instance_692138,17078885.txt.knowtator.xml
6th pharyngeal arch arteries,UBERON:0003123,pharyngeal arch artery 6,UBERON_Instance_692140,17078885.txt.knowtator.xml
aortico,UBERON:0000947,aorta,UBERON_Instance_700058,17078885.txt.knowtator.xml
descending part of ... aortic arch,UBERON:0016920,descending trunk of arch of aorta,UBERON_Instance_700066,17078885.txt.knowtator.xml
truncal,UBERON:0002061,truncus arteriosus,UBERON_Instance_700096,17078885.txt.knowtator.xml
conal,UBERON:0003983,conus arteriosus,UBERON_Instance_700082,17078885.txt.knowtator.xml
neck region,UBERON:0005434,cervical region,UBERON_Instance_700120,17078885.txt.knowtator.xml
neural crest derived mesenchyme,UBERON:0014387,mesenchyme derived from neural crest,UBERON_Instance_700122,17078885.txt.knowtator.xml
pharyngeal arch arteries,UBERON:0004363,pharyngeal arch artery,UBERON_Instance_691098,17078885.txt.knowtator.xml
pharyngeal,UBERON:0006562,pharynx,UBERON_Instance_691096,17078885.txt.knowtator.xml
OFT cushion,UBERON:0005967,conotruncal ridge,UBERON_Instance_700110,17078885.txt.knowtator.xml
s,UBERON:0005432,aortic sac,UBERON_Instance_700104,17078885.txt.knowtator.xml
neural crest-derived mesenchyme,UBERON:0014387,mesenchyme derived from neural crest,UBERON_Instance_700118,17078885.txt.knowtator.xml
mandibular,UBERON:0001684,mandible,UBERON_Instance_691122,17078885.txt.knowtator.xml
pulmonary trunk,UBERON:0002333,pulmonary trunk,UBERON_Instance_691162,17078885.txt.knowtator.xml
brachiocephalic ... arteries,UBERON:0001529,brachiocephalic artery,UBERON_Instance_691166,17078885.txt.knowtator.xml
left subclavian arteries,UBERON:0001584,left subclavian artery,UBERON_Instance_691170,17078885.txt.knowtator.xml
pharyngeal arch artery,UBERON:0004363,pharyngeal arch artery,UBERON_Instance_691142,17078885.txt.knowtator.xml
PT,UBERON:0002333,pulmonary trunk,UBERON_Instance_691202,17078885.txt.knowtator.xml
Ao,UBERON:0001496,ascending aorta,UBERON_Instance_691198,17078885.txt.knowtator.xml
carotid arteries,UBERON:0005396,carotid artery segment,UBERON_Instance_691208,17078885.txt.knowtator.xml
left subclavian artery,UBERON:0001584,left subclavian artery,UBERON_Instance_691178,17078885.txt.knowtator.xml
right pulmonary arteries,UBERON:0001651,right pulmonary artery,UBERON_Instance_691192,17078885.txt.knowtator.xml
right ... subclavian arteries,UBERON:0001534,right subclavian artery,UBERON_Instance_691188,17078885.txt.knowtator.xml
left ... pulmonary arteries,UBERON:0001652,left pulmonary artery,UBERON_Instance_691190,17078885.txt.knowtator.xml
carotid duct,UBERON:0010198,carotid duct,UBERON_Instance_691248,17078885.txt.knowtator.xml
dorsal aorta,UBERON:0005805,dorsal aorta,UBERON_Instance_691246,17078885.txt.knowtator.xml
Ao,UBERON:0000947,aorta,UBERON_Instance_691214,17078885.txt.knowtator.xml
LSA,UBERON:0001584,left subclavian artery,UBERON_Instance_691234,17078885.txt.knowtator.xml
right subclavian artery,UBERON:0001534,right subclavian artery,UBERON_Instance_691220,17078885.txt.knowtator.xml
RSA,UBERON:0001534,right subclavian artery,UBERON_Instance_691222,17078885.txt.knowtator.xml
brachiocephalic artery,UBERON:0001529,brachiocephalic artery,UBERON_Instance_691274,17078885.txt.knowtator.xml
TA,UBERON:0002061,truncus arteriosus,UBERON_Instance_691270,17078885.txt.knowtator.xml
Aorta,UBERON:0000947,aorta,UBERON_Instance_691264,17078885.txt.knowtator.xml
conotruncal ridges,UBERON:0005967,conotruncal ridge,UBERON_Instance_691306,17078885.txt.knowtator.xml
Aortic sac,UBERON:0005432,aortic sac,UBERON_Instance_691314,17078885.txt.knowtator.xml
Aortic Sac,UBERON:0005432,aortic sac,UBERON_Instance_691286,17078885.txt.knowtator.xml
aortico-pulmonary septation complex,UBERON:0006207,aortico-pulmonary spiral septum,UBERON_Instance_691336,17078885.txt.knowtator.xml
aortico-pulmonary septal,UBERON:0006207,aortico-pulmonary spiral septum,UBERON_Instance_691316,17078885.txt.knowtator.xml
aortico-pulmonary ... septum,UBERON:0006207,aortico-pulmonary spiral septum,UBERON_Instance_691334,17078885.txt.knowtator.xml
AP septum,UBERON:0006207,aortico-pulmonary spiral septum,UBERON_Instance_691368,17078885.txt.knowtator.xml
AP septal,UBERON:0006207,aortico-pulmonary spiral septum,UBERON_Instance_691404,17078885.txt.knowtator.xml
AS,UBERON:0005432,aortic sac,UBERON_Instance_691390,17078885.txt.knowtator.xml
t,UBERON:0002061,truncus arteriosus,UBERON_Instance_691384,17078885.txt.knowtator.xml
third pharyngeal pouch endoderm,UBERON:0007124,pharyngeal pouch 3,UBERON_Instance_691448,17078885.txt.knowtator.xml
superior mediastinum,UBERON:0008818,superior mediastinum,UBERON_Instance_691452,17078885.txt.knowtator.xml
Pharyngeal,UBERON:0006562,pharynx,UBERON_Instance_691432,17078885.txt.knowtator.xml
thymic primordia,UBERON:0005562,thymus primordium,UBERON_Instance_691496,17078885.txt.knowtator.xml
parathyroids,UBERON:0001132,parathyroid gland,UBERON_Instance_691464,17078885.txt.knowtator.xml
thyroids,UBERON:0002046,thyroid gland,UBERON_Instance_691474,17078885.txt.knowtator.xml
Th,UBERON:0002046,thyroid gland,UBERON_Instance_691518,17078885.txt.knowtator.xml
thyroid glands,UBERON:0002046,thyroid gland,UBERON_Instance_691504,17078885.txt.knowtator.xml
c,UBERON:0003983,conus arteriosus,UBERON_Instance_691798,17078885.txt.knowtator.xml
conus,UBERON:0003983,conus arteriosus,UBERON_Instance_691794,17078885.txt.knowtator.xml
CNC,UBERON:0000095,cardiac neural crest,UBERON_Instance_691842,17078885.txt.knowtator.xml
otic placode,UBERON:0003069,otic placode,UBERON_Instance_691848,17078885.txt.knowtator.xml
fourth aortic arch artery,UBERON:0003121,pharyngeal arch artery 4,UBERON_Instance_691888,17078885.txt.knowtator.xml
outflow tract cushions,UBERON:0005967,conotruncal ridge,UBERON_Instance_691890,17078885.txt.knowtator.xml
aortico-pulmonary septum,UBERON:0006207,aortico-pulmonary spiral septum,UBERON_Instance_691868,17078885.txt.knowtator.xml
4th PAA,UBERON:0003121,pharyngeal arch artery 4,UBERON_Instance_691924,17078885.txt.knowtator.xml
carotid ... arteries,UBERON:0005396,carotid artery segment,UBERON_Instance_691902,17078885.txt.knowtator.xml
3rd ... PAAs,UBERON:0003120,pharyngeal arch artery 3,UBERON_Instance_691950,17078885.txt.knowtator.xml
two- ... cell stage,UBERON:0007232,2 cell stage,UBERON_Instance_691658,17083276.txt.knowtator.xml
two-cell stage,UBERON:0007232,2 cell stage,UBERON_Instance_691660,17083276.txt.knowtator.xml
two-cell ... stages,UBERON:0007232,2 cell stage,UBERON_Instance_691668,17083276.txt.knowtator.xml
four-cell ... stages,UBERON:0007233,4 cell stage,UBERON_Instance_691672,17083276.txt.knowtator.xml
eight- ... cell stage,UBERON:0007236,8 cell stage,UBERON_Instance_691678,17083276.txt.knowtator.xml
early ... embryos,UBERON:0019248,early embryo,UBERON_Instance_700182,17083276.txt.knowtator.xml
one-cell stage,UBERON:0000106,zygote stage,UBERON_Instance_700186,17083276.txt.knowtator.xml
shaft of femur,UBERON:0006862,diaphysis of femur,UBERON_Instance_711278,17194222.txt.knowtator.xml
bone marrow cavity,UBERON:0002484,bone marrow cavity,UBERON_Instance_711268,17194222.txt.knowtator.xml
AER,UBERON:0004356,apical ectodermal ridge,UBERON_Instance_710176,17194222.txt.knowtator.xml
bone shaft,UBERON:0004769,diaphysis,UBERON_Instance_711280,17194222.txt.knowtator.xml
cortical bone,UBERON:0001439,compact bone tissue,UBERON_Instance_711256,17194222.txt.knowtator.xml
bm,UBERON:0002484,bone marrow cavity,UBERON_Instance_711266,17194222.txt.knowtator.xml
secondary ossification center,UBERON:0010357,secondary ossification center,UBERON_Instance_711260,17194222.txt.knowtator.xml
digit rays,UBERON:5002544,digit plus metapodial segment,UBERON_Instance_710222,17194222.txt.knowtator.xml
hand plate,UBERON:0006875,handplate,UBERON_Instance_710220,17194222.txt.knowtator.xml
limb mesechyme,UBERON:0009749,limb mesenchyme,UBERON_Instance_710206,17194222.txt.knowtator.xml
Distal femurs,UBERON:0004406,distal epiphysis of femur,UBERON_Instance_711294,17194222.txt.knowtator.xml
hindlimb skeletons,UBERON:0001441,hindlimb skeleton,UBERON_Instance_711290,17194222.txt.knowtator.xml
proximal femur,UBERON:0004412,proximal epiphysis of femur,UBERON_Instance_711292,17194222.txt.knowtator.xml
limb skeletons,UBERON:0004381,skeleton of limb,UBERON_Instance_710256,17194222.txt.knowtator.xml
scapula,UBERON:0006849,scapula,UBERON_Instance_710266,17194222.txt.knowtator.xml
appendicular skeletal,UBERON:0002091,appendicular skeleton,UBERON_Instance_710284,17194222.txt.knowtator.xml
distal tip of ... digit,UBERON:0009551,distal segment of digit,UBERON_Instance_720006,17194222.txt.knowtator.xml
hypertrophic zone of ... growth plate,UBERON:0006772,long bone epiphyseal plate hypertrophic zone,UBERON_Instance_720010,17194222.txt.knowtator.xml
autopods,UBERON:0002470,autopod region,UBERON_Instance_710312,17194222.txt.knowtator.xml
scapular,UBERON:0006849,scapula,UBERON_Instance_710322,17194222.txt.knowtator.xml
stylopods,UBERON:0002472,stylopod,UBERON_Instance_710302,17194222.txt.knowtator.xml
joint articulations,UBERON:0004905,articulation,UBERON_Instance_710306,17194222.txt.knowtator.xml
last phalanx,UBERON:0004300,distal phalanx,UBERON_Instance_710326,17194222.txt.knowtator.xml
digit III,UBERON:0006050,digit 3,UBERON_Instance_710328,17194222.txt.knowtator.xml
distal tips of ... digit,UBERON:0009551,distal segment of digit,UBERON_Instance_700004,17194222.txt.knowtator.xml
fibulae,UBERON:0001446,fibula,UBERON_Instance_710336,17194222.txt.knowtator.xml
Interdigital,UBERON:0006012,interdigital region,UBERON_Instance_710380,17194222.txt.knowtator.xml
digits of ... forelimb,UBERON:0002389,manual digit,UBERON_Instance_710360,17194222.txt.knowtator.xml
digits of ... hindlimb,UBERON:0001466,pedal digit,UBERON_Instance_710362,17194222.txt.knowtator.xml
distal phalanx,UBERON:0004300,distal phalanx,UBERON_Instance_710438,17194222.txt.knowtator.xml
terminal phalanx,UBERON:0004300,distal phalanx,UBERON_Instance_710442,17194222.txt.knowtator.xml
skeletal element,UBERON:0004765,skeletal element,UBERON_Instance_710468,17194222.txt.knowtator.xml
interdigitally,UBERON:0006012,interdigital region,UBERON_Instance_710472,17194222.txt.knowtator.xml
digit 1,UBERON:0006048,digit 1,UBERON_Instance_710462,17194222.txt.knowtator.xml
digit of ... forelimbs,UBERON:0002389,manual digit,UBERON_Instance_710458,17194222.txt.knowtator.xml
forelimb digits,UBERON:0002389,manual digit,UBERON_Instance_710558,17194222.txt.knowtator.xml
hindlimb bud,UBERON:0005418,hindlimb bud,UBERON_Instance_710570,17194222.txt.knowtator.xml
forelimb mesenchyme,UBERON:0003859,forelimb mesenchyme,UBERON_Instance_710546,17194222.txt.knowtator.xml
limb skeleton,UBERON:0004381,skeleton of limb,UBERON_Instance_710602,17194222.txt.knowtator.xml
humerus,UBERON:0000976,humerus,UBERON_Instance_710632,17194222.txt.knowtator.xml
Limb Buds,UBERON:0004347,limb bud,UBERON_Instance_710620,17194222.txt.knowtator.xml
humeri,UBERON:0000976,humerus,UBERON_Instance_710608,17194222.txt.knowtator.xml
cartilage elements,UBERON:0007844,cartilage element,UBERON_Instance_710606,17194222.txt.knowtator.xml
diaphyseal region,UBERON:0004769,diaphysis,UBERON_Instance_710682,17194222.txt.knowtator.xml
endochondral,UBERON:0010363,endochondral element,UBERON_Instance_710656,17194222.txt.knowtator.xml
mineralized cartilage,UBERON:4000088,mineralized cartilage tissue,UBERON_Instance_710718,17194222.txt.knowtator.xml
site of hypertrophic cartilage,UBERON:0008187,hypertrophic cartilage zone,UBERON_Instance_710704,17194222.txt.knowtator.xml
anlagen,UBERON:0007688,anlage,UBERON_Instance_710770,17194222.txt.knowtator.xml
void,UBERON:0000464,anatomical space,UBERON_Instance_710732,17194222.txt.knowtator.xml
trabecular ... bone,UBERON:0002483,trabecular bone tissue,UBERON_Instance_710754,17194222.txt.knowtator.xml
final phalanx,UBERON:0004300,distal phalanx,UBERON_Instance_710792,17194222.txt.knowtator.xml
final phalanges,UBERON:0004300,distal phalanx,UBERON_Instance_710796,17194222.txt.knowtator.xml
limb digits,UBERON:0002544,digit,UBERON_Instance_710780,17194222.txt.knowtator.xml
distal phalanges,UBERON:0004300,distal phalanx,UBERON_Instance_710820,17194222.txt.knowtator.xml
digit ray,UBERON:5002544,digit plus metapodial segment,UBERON_Instance_710842,17194222.txt.knowtator.xml
primordial,UBERON:0001048,primordium,UBERON_Instance_710888,17194222.txt.knowtator.xml
3/4 interdigit,UBERON:0006022,interdigital region between digits 3 and 4,UBERON_Instance_710870,17194222.txt.knowtator.xml
webbing between ... digits,UBERON:0006015,webbed interdigital region,UBERON_Instance_710876,17194222.txt.knowtator.xml
viscera,UBERON:0002075,viscus,UBERON_Instance_710934,17194222.txt.knowtator.xml
adipose tissues,UBERON:0001013,adipose tissue,UBERON_Instance_710936,17194222.txt.knowtator.xml
Forelimbs,UBERON:0002102,forelimb,UBERON_Instance_711004,17194222.txt.knowtator.xml
skeletons of forelimbs,UBERON:0001440,forelimb skeleton,UBERON_Instance_711032,17194222.txt.knowtator.xml
skeletons of ... hindlimbs,UBERON:0001441,hindlimb skeleton,UBERON_Instance_711034,17194222.txt.knowtator.xml
Limb Skeleton,UBERON:0004381,skeleton of limb,UBERON_Instance_711030,17194222.txt.knowtator.xml
limb skeletal,UBERON:0004381,skeleton of limb,UBERON_Instance_711082,17194222.txt.knowtator.xml
Mesenchymal,UBERON:0003104,mesenchyme,UBERON_Instance_711076,17194222.txt.knowtator.xml
limb bud mesenchyme,UBERON:0010328,limb bud mesenchyme,UBERON_Instance_710012,17194222.txt.knowtator.xml
Forelimb,UBERON:0002102,forelimb,UBERON_Instance_711104,17194222.txt.knowtator.xml
phalanx,UBERON:0003221,phalanx,UBERON_Instance_711098,17194222.txt.knowtator.xml
skeletal tissues,UBERON:0004755,skeletal tissue,UBERON_Instance_710048,17194222.txt.knowtator.xml
bone tissue,UBERON:0002481,bone tissue,UBERON_Instance_710044,17194222.txt.knowtator.xml
cartilaginous elements,UBERON:0007844,cartilage element,UBERON_Instance_710040,17194222.txt.knowtator.xml
mesenchyme of ... hand plate,UBERON:0009523,mesenchyme of handplate,UBERON_Instance_710112,17194222.txt.knowtator.xml
Humeri,UBERON:0000976,humerus,UBERON_Instance_711200,17194222.txt.knowtator.xml
Distal ulna,UBERON:0004408,distal epiphysis of ulna,UBERON_Instance_711186,17194222.txt.knowtator.xml
Mineralized cartilage,UBERON:4000088,mineralized cartilage tissue,UBERON_Instance_711196,17194222.txt.knowtator.xml
distal ulna,UBERON:0004408,distal epiphysis of ulna,UBERON_Instance_711190,17194222.txt.knowtator.xml
distal ... radius,UBERON:0004407,distal epiphysis of radius,UBERON_Instance_711192,17194222.txt.knowtator.xml
proximal ulna,UBERON:0006822,proximal epiphysis of ulna,UBERON_Instance_711230,17194222.txt.knowtator.xml
proximal ... radius,UBERON:0004413,proximal epiphysis of radius,UBERON_Instance_711232,17194222.txt.knowtator.xml
distal femurs,UBERON:0004406,distal epiphysis of femur,UBERON_Instance_711250,17194222.txt.knowtator.xml
proximal radius,UBERON:0004413,proximal epiphysis of radius,UBERON_Instance_711212,17194222.txt.knowtator.xml
ducts,UBERON:0000058,duct,UBERON_Instance_711846,17201918.txt.knowtator.xml
mammary,UBERON:0000310,breast,UBERON_Instance_711848,17201918.txt.knowtator.xml
TEBs,UBERON:0005313,mammary duct terminal end bud,UBERON_Instance_711862,17201918.txt.knowtator.xml
Mammary,UBERON:0000310,breast,UBERON_Instance_711836,17201918.txt.knowtator.xml
mammary mesenchymes,UBERON:0003326,mesenchyme of mammary gland,UBERON_Instance_711842,17201918.txt.knowtator.xml
ductal,UBERON:0000058,duct,UBERON_Instance_711886,17201918.txt.knowtator.xml
lifetime,UBERON:0000104,life cycle,UBERON_Instance_711910,17201918.txt.knowtator.xml
Lifetime,UBERON:0000104,life cycle,UBERON_Instance_711898,17201918.txt.knowtator.xml
lifespan,UBERON:0000105,life cycle stage,UBERON_Instance_711340,17201918.txt.knowtator.xml
terminal end bud,UBERON:0005313,mammary duct terminal end bud,UBERON_Instance_711940,17201918.txt.knowtator.xml
TEB,UBERON:0005313,mammary duct terminal end bud,UBERON_Instance_711938,17201918.txt.knowtator.xml
mammary epithelial,UBERON:0003244,epithelium of mammary gland,UBERON_Instance_711924,17201918.txt.knowtator.xml
Ovarian,UBERON:0000992,female gonad,UBERON_Instance_711382,17201918.txt.knowtator.xml
mammary fat pad,UBERON:0012282,mammary fat pad,UBERON_Instance_711380,17201918.txt.knowtator.xml
ductal epithelial,UBERON:0034969,epithelial layer of duct,UBERON_Instance_720044,17201918.txt.knowtator.xml
ductal ... epithelial,UBERON:0034969,epithelial layer of duct,UBERON_Instance_720030,17201918.txt.knowtator.xml
ductal ... epithelium,UBERON:0034969,epithelial layer of duct,UBERON_Instance_720038,17201918.txt.knowtator.xml
terminal end buds,UBERON:0005313,mammary duct terminal end bud,UBERON_Instance_711982,17201918.txt.knowtator.xml
alveolus,UBERON:0003215,alveolus,UBERON_Instance_712028,17201918.txt.knowtator.xml
mammary fat pads,UBERON:0012282,mammary fat pad,UBERON_Instance_711438,17201918.txt.knowtator.xml
Mammary epithelial,UBERON:0003244,epithelium of mammary gland,UBERON_Instance_712016,17201918.txt.knowtator.xml
inguinoabdominal,UBERON:0008337,inguinal part of abdomen,UBERON_Instance_711440,17201918.txt.knowtator.xml
Perinatal,UBERON:0012101,perinatal stage,UBERON_Instance_712066,17201918.txt.knowtator.xml
Terminal end buds,UBERON:0005313,mammary duct terminal end bud,UBERON_Instance_711520,17201918.txt.knowtator.xml
life,UBERON:0000105,life cycle stage,UBERON_Instance_711680,17201918.txt.knowtator.xml
duct,UBERON:0000058,duct,UBERON_Instance_711822,17201918.txt.knowtator.xml
ovarian follicles,UBERON:0001305,ovarian follicle,UBERON_Instance_711802,17201918.txt.knowtator.xml
inner medullary collecting duct,UBERON:0004205,inner medullary collecting duct,UBERON_Instance_712148,17206865.txt.knowtator.xml
cortex of ... kidney,UBERON:0001225,cortex of kidney,UBERON_Instance_712424,17206865.txt.knowtator.xml
kidney cortex,UBERON:0001225,cortex of kidney,UBERON_Instance_712420,17206865.txt.knowtator.xml
kidney epithelial,UBERON:0004819,kidney epithelium,UBERON_Instance_712160,17206865.txt.knowtator.xml
tubules,UBERON:0000025,tube,UBERON_Instance_712426,17206865.txt.knowtator.xml
kidney collecting duct epithelial,UBERON:0014388,kidney collecting duct epithelium,UBERON_Instance_712140,17206865.txt.knowtator.xml
tubule,UBERON:0000025,tube,UBERON_Instance_712440,17206865.txt.knowtator.xml
white ... fat,UBERON:0001347,white adipose tissue,UBERON_Instance_712178,17206865.txt.knowtator.xml
renal tubule,UBERON:0009773,renal tubule,UBERON_Instance_712220,17206865.txt.knowtator.xml
proximal tubule,UBERON:0004134,proximal tubule,UBERON_Instance_712216,17206865.txt.knowtator.xml
proximal tubules,UBERON:0004134,proximal tubule,UBERON_Instance_712218,17206865.txt.knowtator.xml
cortex of kidneys,UBERON:0001225,cortex of kidney,UBERON_Instance_712226,17206865.txt.knowtator.xml
collecting ducts of ... renal medulla,UBERON:0005185,renal medulla collecting duct,UBERON_Instance_712200,17206865.txt.knowtator.xml
pancreatic islets,UBERON:0000006,islet of Langerhans,UBERON_Instance_712250,17206865.txt.knowtator.xml
tubular,UBERON:0000025,tube,UBERON_Instance_712254,17206865.txt.knowtator.xml
kidney medulla,UBERON:0000362,renal medulla,UBERON_Instance_712294,17206865.txt.knowtator.xml
kidney cortical,UBERON:0001225,cortex of kidney,UBERON_Instance_712332,17206865.txt.knowtator.xml
proximal tubular,UBERON:0004134,proximal tubule,UBERON_Instance_720064,17206865.txt.knowtator.xml
kidney proximal tubules,UBERON:0004134,proximal tubule,UBERON_Instance_712088,17206865.txt.knowtator.xml
Kidney Cortex,UBERON:0001225,cortex of kidney,UBERON_Instance_712356,17206865.txt.knowtator.xml
Kidney cortices,UBERON:0001225,cortex of kidney,UBERON_Instance_712346,17206865.txt.knowtator.xml
seminiferous tubules,UBERON:0001343,seminiferous tubule of testis,UBERON_Instance_712384,17206865.txt.knowtator.xml
epididymus,UBERON:0001301,epididymis,UBERON_Instance_712386,17206865.txt.knowtator.xml
kidney tubules,UBERON:0001231,nephron tubule,UBERON_Instance_712120,17206865.txt.knowtator.xml
Kidney Epithelial,UBERON:0004819,kidney epithelium,UBERON_Instance_712372,17206865.txt.knowtator.xml
Testis,UBERON:0000473,testis,UBERON_Instance_712382,17206865.txt.knowtator.xml
LNs,UBERON:0000029,lymph node,UBERON_Instance_712474,17244351.txt.knowtator.xml
LN,UBERON:0000029,lymph node,UBERON_Instance_712478,17244351.txt.knowtator.xml
lymph node,UBERON:0000029,lymph node,UBERON_Instance_712484,17244351.txt.knowtator.xml
Lymph nodes,UBERON:0000029,lymph node,UBERON_Instance_712460,17244351.txt.knowtator.xml
ureteric,UBERON:0000056,ureter,UBERON_Instance_730374,17425782.txt.knowtator.xml
paramesonephric duct,UBERON:0003890,Mullerian duct,UBERON_Instance_730352,17425782.txt.knowtator.xml
paramesonephric ducts,UBERON:0003890,Mullerian duct,UBERON_Instance_730400,17425782.txt.knowtator.xml
paramesonephric ... ducts,UBERON:0003890,Mullerian duct,UBERON_Instance_730398,17425782.txt.knowtator.xml
ureteric tips,UBERON:0006364,ureteric bud tip,UBERON_Instance_730432,17425782.txt.knowtator.xml
ureteric tip,UBERON:0006364,ureteric bud tip,UBERON_Instance_730434,17425782.txt.knowtator.xml
metanephric mesenchyme,UBERON:0003220,metanephric mesenchyme,UBERON_Instance_730446,17425782.txt.knowtator.xml
collecting ducts ... of ... kidney,UBERON:0001232,collecting duct of renal tubule,UBERON_Instance_730418,17425782.txt.knowtator.xml
S-shaped bodies,UBERON:0004199,S-shaped body,UBERON_Instance_730452,17425782.txt.knowtator.xml
renal ... tubules,UBERON:0009773,renal tubule,UBERON_Instance_730454,17425782.txt.knowtator.xml
renal vesicles,UBERON:0004209,renal vesicle,UBERON_Instance_730450,17425782.txt.knowtator.xml
renal ... glomeruli,UBERON:0000074,renal glomerulus,UBERON_Instance_730456,17425782.txt.knowtator.xml
nephron,UBERON:0001285,nephron,UBERON_Instance_730504,17425782.txt.knowtator.xml
tubules of ... kidney,UBERON:0009773,renal tubule,UBERON_Instance_730508,17425782.txt.knowtator.xml
leg,UBERON:0005895,insect leg,UBERON_Instance_730544,17425782.txt.knowtator.xml
ureteric bud tips,UBERON:0006364,ureteric bud tip,UBERON_Instance_730572,17425782.txt.knowtator.xml
nephrons,UBERON:0001285,nephron,UBERON_Instance_730052,17425782.txt.knowtator.xml
midgut,UBERON:0001045,midgut,UBERON_Instance_730554,17425782.txt.knowtator.xml
Nephron,UBERON:0001285,nephron,UBERON_Instance_730028,17425782.txt.knowtator.xml
imaginal discs,UBERON:0000939,imaginal disc,UBERON_Instance_730550,17425782.txt.knowtator.xml
cuticle,UBERON:0001002,cuticle,UBERON_Instance_730552,17425782.txt.knowtator.xml
imaginal disc,UBERON:0000939,imaginal disc,UBERON_Instance_730562,17425782.txt.knowtator.xml
ureteric buds,UBERON:0000084,ureteric bud,UBERON_Instance_730638,17425782.txt.knowtator.xml
capping mesenchyme,UBERON:0005107,metanephric cap,UBERON_Instance_730124,17425782.txt.knowtator.xml
collecting-duct system,UBERON:0004100,renal collecting system,UBERON_Instance_760008,17425782.txt.knowtator.xml
Ureteric bud tips,UBERON:0006364,ureteric bud tip,UBERON_Instance_730666,17425782.txt.knowtator.xml
renal ... glomerular,UBERON:0000074,renal glomerulus,UBERON_Instance_730164,17425782.txt.knowtator.xml
capping metanephric mesenchyme,UBERON:0005107,metanephric cap,UBERON_Instance_730158,17425782.txt.knowtator.xml
medulla of ... kidney,UBERON:0000362,renal medulla,UBERON_Instance_730210,17425782.txt.knowtator.xml
comma-shaped bodies,UBERON:0004198,comma-shaped body,UBERON_Instance_730214,17425782.txt.knowtator.xml
ureteric stalk,UBERON:0012238,ureteric bud trunk,UBERON_Instance_730248,17425782.txt.knowtator.xml
ureteric bud-tip,UBERON:0006364,ureteric bud tip,UBERON_Instance_730228,17425782.txt.knowtator.xml
stalks ... of ... ureteric bud,UBERON:0012238,ureteric bud trunk,UBERON_Instance_730230,17425782.txt.knowtator.xml
tips of ... ureteric bud,UBERON:0006364,ureteric bud tip,UBERON_Instance_730232,17425782.txt.knowtator.xml
otic vesicle,UBERON:0003051,ear vesicle,UBERON_Instance_730272,17425782.txt.knowtator.xml
apical ectodermal ridges,UBERON:0004356,apical ectodermal ridge,UBERON_Instance_730274,17425782.txt.knowtator.xml
pharyngeal pouches,UBERON:0004117,pharyngeal pouch,UBERON_Instance_730284,17425782.txt.knowtator.xml
urogenital system,UBERON:0004122,genitourinary system,UBERON_Instance_730298,17425782.txt.knowtator.xml
Testes,UBERON:0000473,testis,UBERON_Instance_730992,17447844.txt.knowtator.xml
Testicular,UBERON:0000473,testis,UBERON_Instance_730990,17447844.txt.knowtator.xml
Ovaries,UBERON:0000992,female gonad,UBERON_Instance_731022,17447844.txt.knowtator.xml
layer of cells,UBERON:0000119,cell layer,UBERON_Instance_730986,17447844.txt.knowtator.xml
adult life,UBERON:0000113,post-juvenile adult stage,UBERON_Instance_730724,17447844.txt.knowtator.xml
epididymal,UBERON:0001301,epididymis,UBERON_Instance_730878,17447844.txt.knowtator.xml
seminiferous tubule,UBERON:0001343,seminiferous tubule of testis,UBERON_Instance_730912,17447844.txt.knowtator.xml
islets,UBERON:0000006,islet of Langerhans,UBERON_Instance_740658,17465682.txt.knowtator.xml
Islets,UBERON:0000006,islet of Langerhans,UBERON_Instance_740668,17465682.txt.knowtator.xml
Adipose Tissue,UBERON:0001013,adipose tissue,UBERON_Instance_740664,17465682.txt.knowtator.xml
WAT,UBERON:0001347,white adipose tissue,UBERON_Instance_740678,17465682.txt.knowtator.xml
white adipose tissue,UBERON:0001347,white adipose tissue,UBERON_Instance_740680,17465682.txt.knowtator.xml
Adipose tissue,UBERON:0001013,adipose tissue,UBERON_Instance_740748,17465682.txt.knowtator.xml
white ... adipose tissue,UBERON:0001347,white adipose tissue,UBERON_Instance_740070,17465682.txt.knowtator.xml
islet,UBERON:0000006,islet of Langerhans,UBERON_Instance_740100,17465682.txt.knowtator.xml
duodenal,UBERON:0002114,duodenum,UBERON_Instance_740244,17465682.txt.knowtator.xml
Pancreatic Islets,UBERON:0000006,islet of Langerhans,UBERON_Instance_740284,17465682.txt.knowtator.xml
pancreatic islet,UBERON:0000006,islet of Langerhans,UBERON_Instance_740506,17465682.txt.knowtator.xml
hypothalamic,UBERON:0001898,hypothalamus,UBERON_Instance_750036,17503968.txt.knowtator.xml
Islet,UBERON:0000006,islet of Langerhans,UBERON_Instance_750040,17503968.txt.knowtator.xml
Islets of Langerhans,UBERON:0000006,islet of Langerhans,UBERON_Instance_650000,17503968.txt.knowtator.xml
pancreatic islets of Langerhans,UBERON:0000006,islet of Langerhans,UBERON_Instance_750022,17503968.txt.knowtator.xml
PPs,UBERON:0001211,Peyer's patch,UBERON_Instance_770252,17565376.txt.knowtator.xml
LFs,UBERON:0000444,lymphoid follicle,UBERON_Instance_770254,17565376.txt.knowtator.xml
PP,UBERON:0001211,Peyer's patch,UBERON_Instance_770248,17565376.txt.knowtator.xml
colonic mucosal,UBERON:0000317,colonic mucosa,UBERON_Instance_770232,17565376.txt.knowtator.xml
GALT,UBERON:0001962,gut-associated lymphoid tissue,UBERON_Instance_770288,17565376.txt.knowtator.xml
lymphoïd tissue,UBERON:0001744,lymphoid tissue,UBERON_Instance_770270,17565376.txt.knowtator.xml
gut associated lymphoid tissue,UBERON:0001962,gut-associated lymphoid tissue,UBERON_Instance_770282,17565376.txt.knowtator.xml
GI tract,UBERON:0001555,digestive tract,UBERON_Instance_770272,17565376.txt.knowtator.xml
germinal centres,UBERON:0010754,germinal center,UBERON_Instance_770332,17565376.txt.knowtator.xml
gut mucosal,UBERON:0004786,gastrointestinal system mucosa,UBERON_Instance_770302,17565376.txt.knowtator.xml
immune organe,UBERON:0005057,immune organ,UBERON_Instance_770304,17565376.txt.knowtator.xml
gut lumen,UBERON:0006909,lumen of digestive tract,UBERON_Instance_770346,17565376.txt.knowtator.xml
enteric,UBERON:0000160,intestine,UBERON_Instance_770394,17565376.txt.knowtator.xml
barrier,UBERON:0000060,anatomical wall,UBERON_Instance_770400,17565376.txt.knowtator.xml
LF,UBERON:0000444,lymphoid follicle,UBERON_Instance_770424,17565376.txt.knowtator.xml
Peyer's patches,UBERON:0001211,Peyer's patch,UBERON_Instance_770432,17565376.txt.knowtator.xml
lymphoid follicle,UBERON:0000444,lymphoid follicle,UBERON_Instance_770434,17565376.txt.knowtator.xml
Peyer's Patches,UBERON:0001211,Peyer's patch,UBERON_Instance_770452,17565376.txt.knowtator.xml
small intestines,UBERON:0002108,small intestine,UBERON_Instance_770436,17565376.txt.knowtator.xml
ileal,UBERON:0002116,ileum,UBERON_Instance_770498,17565376.txt.knowtator.xml
serosal,UBERON:0000042,serous membrane,UBERON_Instance_770484,17565376.txt.knowtator.xml
Ileal,UBERON:0002116,ileum,UBERON_Instance_770526,17565376.txt.knowtator.xml
lymphoid follicles,UBERON:0000444,lymphoid follicle,UBERON_Instance_770006,17565376.txt.knowtator.xml
Peyer's patch,UBERON:0001211,Peyer's patch,UBERON_Instance_770562,17565376.txt.knowtator.xml
digestive tract,UBERON:0001555,digestive tract,UBERON_Instance_770046,17565376.txt.knowtator.xml
Ileum,UBERON:0002116,ileum,UBERON_Instance_770588,17565376.txt.knowtator.xml
small bowel,UBERON:0002108,small intestine,UBERON_Instance_770062,17565376.txt.knowtator.xml
ileum mucosa,UBERON:0000331,ileal mucosa,UBERON_Instance_770224,17565376.txt.knowtator.xml
Neurological,UBERON:0001016,nervous system,UBERON_Instance_770674,17590087.txt.knowtator.xml
Spinocerebellar,UBERON:0014643,spinoocerebellum,UBERON_Instance_770676,17590087.txt.knowtator.xml
neurologically,UBERON:0001016,nervous system,UBERON_Instance_770672,17590087.txt.knowtator.xml
spinocerebellar,UBERON:0014643,spinoocerebellum,UBERON_Instance_770682,17590087.txt.knowtator.xml
neurology,UBERON:0001016,nervous system,UBERON_Instance_770634,17590087.txt.knowtator.xml
peripheral retina,UBERON:0013682,peripheral region of retina,UBERON_Instance_780122,17608565.txt.knowtator.xml
Ganglion,UBERON:0000045,ganglion,UBERON_Instance_780164,17608565.txt.knowtator.xml
vitreal,UBERON:0001797,vitreous humor,UBERON+extensions+nested_Instance_70004,17608565.txt.knowtator.xml
gangion,UBERON:0000045,ganglion,UBERON_Instance_780232,17608565.txt.knowtator.xml
peripheral ... retina,UBERON:0013682,peripheral region of retina,UBERON_Instance_780288,17608565.txt.knowtator.xml
g,UBERON:0000045,ganglion,UBERON_Instance_730002,17608565.txt.knowtator.xml
peripheral ... retinal,UBERON:0013682,peripheral region of retina,UBERON_Instance_780422,17608565.txt.knowtator.xml
gut epithelia,UBERON:0003929,digestive tract epithelium,UBERON_Instance_780554,17608565.txt.knowtator.xml
Eyeballs,UBERON:0010230,eyeball of camera-type eye,UBERON_Instance_780564,17608565.txt.knowtator.xml
gut ... epithelia,UBERON:0003929,digestive tract epithelium,UBERON_Instance_780540,17608565.txt.knowtator.xml
skin epithelia,UBERON:0019204,skin epithelium,UBERON_Instance_780542,17608565.txt.knowtator.xml
ventricular,UBERON:0004086,brain ventricle,UBERON_Instance_780574,17608565.txt.knowtator.xml
dentate subgranular zone,UBERON:0009952,dentate gyrus subgranular zone,UBERON_Instance_780842,17677002.txt.knowtator.xml
CA3,UBERON:0003883,CA3 field of hippocampus,UBERON_Instance_780836,17677002.txt.knowtator.xml
CA1,UBERON:0003881,CA1 field of hippocampus,UBERON_Instance_780838,17677002.txt.knowtator.xml
CA2,UBERON:0003882,CA2 field of hippocampus,UBERON_Instance_780834,17677002.txt.knowtator.xml
granule cell layer of ... cerebellum,UBERON:0002956,granular layer of cerebellar cortex,UBERON_Instance_780828,17677002.txt.knowtator.xml
CO,UBERON:0000956,cerebral cortex,UBERON_Instance_780880,17677002.txt.knowtator.xml
CA3 regions,UBERON:0003883,CA3 field of hippocampus,UBERON_Instance_780868,17677002.txt.knowtator.xml
CA2 ... regions,UBERON:0003882,CA2 field of hippocampus,UBERON_Instance_780866,17677002.txt.knowtator.xml
Hb,UBERON:0002028,hindbrain,UBERON_Instance_780924,17677002.txt.knowtator.xml
dura,UBERON:0002363,dura mater,UBERON_Instance_780974,17677002.txt.knowtator.xml
bregma,UBERON:0013406,bregma,UBERON_Instance_780970,17677002.txt.knowtator.xml
eggs,UBERON:0007379,egg,UBERON_Instance_781236,17696610.txt.knowtator.xml
