Label,sample_type,CLO_C,CLO_4o,CL_C,CL_4o,UBERON_C,UBERON_4o,BTO_C,BTO_4o,UBERON_t2t,BTO_t2t,CLO_t2t,CL_t2t
Crypt2,A,-,CLO_0007886,CL_0011108,CL_0009015,UBERON_0013485,UBERON_0001194,-,BTO_0001848,UBERON_0035243,BTO_0000305,-,-
muscle-of-leg,A,-,CLO_0000180,CL_0000737,CL_0000737,UBERON_0001383,UBERON_0001388,BTO_0000722,BTO_0001489,UBERON_0001383,BTO_0000722,-,-
lung right lower lobe adult donor1,A,-,CLO_0050492,CL_0000082,CL_0000404,UBERON_0002171,UBERON_0008951,-,BTO_0000343,UBERON_0002171,BTO_0000763,-,-
left ventricle_DCM_LV1009,A,-,CLO_0009318,CL_0002494,CL_0000740,UBERON_0002084,UBERON_0002084,BTO_0001629,BTO_0000652,UBERON_0002084,BTO_0001629,-,-
Brain Germinal Matrix,A,-,CLO_0006965,CL_0002319,CL_0011008,UBERON_0000955,UBERON_0018681,-,BTO_0000224,UBERON_0002283,BTO_0003671,-,-
paracentral gyrus adult pool1,A,-,CLO_0001053,CL_0002319,CL_0000057,UBERON_0007190,UBERON_0002730,BTO_0005601,BTO_0000330,UBERON_0007190,BTO_0005603,-,-
body-of-pancreas,A,-,-,CL_0000083,-,UBERON_0001150,UBERON_0013682,-,BTO_0001863,UBERON_0001150,BTO_0000988,-,-
Esophagus,A,-,CLO_0005017,CL_0002252,CL_0002728,UBERON_0001043,UBERON_0001043,BTO_0000959,BTO_0000502,UBERON_0001043,BTO_0000959,-,-
Fetal intestine large,A,-,CLO_0003203,CL_0002253,CL_0002633,UBERON_0000059,UBERON_0002108,BTO_0000706,BTO_0005154,UBERON_0000059,BTO_0000706,-,-
ovary adult pool1,A,-,CLO_0007752,-,CL_0000008,UBERON_0000992,UBERON_0000992,BTO_0000975,BTO_0000140,UBERON_0000992,BTO_0000975,-,-
Brain_Substantia_Nigra,A,-,CLO_0050853,CL_0002614,CL_0000187,UBERON_0002038,UBERON_0002037,BTO_0000143,BTO_0000756,UBERON_0002038,BTO_0000143,-,-
Whole blood (ribopure) donor090612 donation2,A,-,CLO_0031131,CL_0000988,CL_0000236,UBERON_0000178,UBERON_0013756,-,BTO_0000203,GO_0008217,BTO_0000089,-,-
retina,A,-,-,CL_0009004,CL_0000574,UBERON_0000966,UBERON_0000966,BTO_0001175,BTO_0005052,UBERON_0000966,BTO_0001175,-,-
Brain_Putamen_basal_ganglia,A,-,-,CL_0002319,CL_0002105,UBERON_0002420,UBERON_0001872,-,BTO_0001289,UBERON_0010011,BTO_0000235,-,-
muscle_of_leg,A,-,CLO_0051857,CL_0000737,CL_0000746,UBERON_0001383,UBERON_0003618,-,BTO_0001379,UBERON_0001383,BTO_0000722,-,-
Fetal_Kidney,A,-,CLO_0050850,CL_1000497,CL_1000488,UBERON_0002113,UBERON_0002978,BTO_0000671,BTO_0000654,UBERON_0002113,BTO_0000671,-,-
hippocampus - adult donor10196,A,-,CLO_0000211,CL_0002319,CL_0000700,UBERON_0000955,UBERON_0001950,BTO_0000601,BTO_0000966,UBERON_0035970,BTO_0000601,-,-
colon fetal donor1,A,-,CLO_0051539,CL_0011108,CL_0009029,UBERON_0001155,UBERON_0001155,BTO_0000269,BTO_0001343,UBERON_0001155,BTO_0000269,-,-
Arteries_C,A,-,-,-,-,UBERON_0001637,UBERON_0001637,BTO_0000573,BTO:0000223,UBERON_0001637,BTO_0000573,-,-
left ventricle 3y,A,-,-,CL_0002494,-,UBERON_0002084,UBERON_0002084,BTO_0001629,-,UBERON_0002084,BTO_0001629,-,-
spleen,A,-,CLO_0000312,-,CL_0000492,UBERON_0002106,UBERON_0002106,BTO_0001281,BTO_0001314,UBERON_0002106,BTO_0001281,-,-
Caudate_nucleus,A,-,CLO_0000000,CL_0002319,CL_0000796,UBERON_0001873,UBERON_0001873,BTO_0000211,BTO_0000623,UBERON_0001873,BTO_0000211,-,-
Esophagus Squamous Epithelium,A,-,-,CL_0000076,CL_0002546,UBERON_0006920,UBERON_0000405,BTO_0003635,BTO_0005090,UBERON_0006920,BTO_0003635,-,-
Fetal_Muscle_Trunk,A,-,CLO_0050471,CL_0000187,CL_0002618,UBERON_0001774,UBERON_0001453,-,BTO_0000003,UBERON_0001774,BTO_0001493,-,-
Skin_Sun_Exposed_Lower_leg,A,-,-,CL_0000066,-,UBERON_0001003,UBERON_0003212,-,BTO_0000159,UBERON_0004264,BTO_0001253,-,-
epididymis adult,A,-,CLO_0000210,CL_0000068,CL_0002248,UBERON_0001301,UBERON_0001334,BTO_0000408,BTO_0001165,UBERON_0001301,BTO_0000408,-,-
left ventricle_DCM_LV1433,A,-,CLO_0031831,CL_0002494,CL_0000747,UBERON_0002084,UBERON_0002084,BTO_0001629,BTO_0001352,UBERON_0002084,BTO_0001629,-,-
Fetal liver,A,-,CLO_0050847,CL_0000182,CL_0000115,UBERON_0002107,UBERON_0002104,BTO_0000759,BTO_0000741,UBERON_0002107,BTO_0000759,-,-
retina adult pool1,A,-,CLO_0035276,CL_0009004,CL_0000057,UBERON_0000966,UBERON_0000966,BTO_0001175,BTO_0003771,UBERON_0000966,BTO_0001175,-,-
Fetal Brain Male,A,-,CLO_0008910,CL_0002319,CL_0002618,UBERON_0000955,UBERON_0001884,BTO_0000142,BTO_0005073,UBERON_0000955,BTO_0000142,-,-
VentricleRight,A,-,CLO_0000484,CL_0002494,CL_0000000,UBERON_0002080,UBERON_0000947,BTO_0001630,BTO_0001336,UBERON_0002080,BTO_0001630,-,-
Kidney_cortex,A,-,CLO_0007669,CL_1000497,CL_0000670,UBERON_0001225,UBERON_0001225,BTO_0001166,BTO_0001322,UBERON_0001225,BTO_0000671,-,-
Hilar lymph node,A,-,-,-,-,UBERON_0000029,UBERON_0001465,-,BTO_0002852,UBERON_0039167,BTO_0000784,-,-
liver,A,-,-,CL_0000182,-,UBERON_0002107,UBERON_0002107,BTO_0000759,BTO_0000759,UBERON_0002107,BTO_0000759,-,-
spleen adult pool1,A,-,CLO_0050853,-,CL_0000084,UBERON_0002106,UBERON_0002106,BTO_0001281,BTO_0001489,UBERON_0002106,BTO_0001281,-,-
Vagina,A,-,CLO_0007286,CL_1001578,CL_0000000,UBERON_0000996,UBERON_0000995,-,BTO_0001278,UBERON_0000996,BTO_0000243,-,-
gastrocnemius medialis_54y,A,-,CLO_0008303,CL_0000187,CL_0000178,UBERON_0011907,UBERON_0001377,BTO_0000506,BTO_0000641,UBERON_0011907,BTO_0000506,-,-
Rectal Mucosa Donor 31,A,-,CLO_0050858,CL_0002253,CL_0000653,UBERON_0003346,UBERON_0000159,-,BTO_0004759,UBERON_0003346,BTO_0002435,-,-
coronary_artery,A,-,-,-,-,UBERON_0001621,UBERON_0001621,BTO_0000290,-,UBERON_0001621,BTO_0000290,-,-
Fetal Intestine,A,-,CLO_0055210,CL_0002563,CL_0000000,UBERON_0000160,UBERON_0002106,BTO_0000648,BTO_0001417,UBERON_0000160,BTO_0000648,-,-
Intestine_Unknown.8_intestine,A,-,CLO_0002459,CL_0002563,CL_0000003,UBERON_0000160,UBERON_0002113,BTO_0000648,BTO_0000696,UBERON_0000160,BTO_0000648,-,-
Fetal Stomach,A,-,CLO_0002552,-,CL_0002253,UBERON_0000945,UBERON_0002084,-,BTO_0000488,UBERON_0000945,BTO_0001307,-,-
pancreatic-islets-F,A,-,CLO_0030238,CL_0008024,CL_0000161,UBERON_0000006,UBERON_0000006,BTO_0000991,BTO_0000127,UBERON_0000006,BTO_0000991,-,-
duodenum fetal donor1 tech_rep2,A,-,CLO_0052613,CL_0002254,CL_0011114,UBERON_0002114,UBERON_0002106,BTO_0000365,BTO_0005483,UBERON_0002114,BTO_0000365,-,-
Fetal_heart,A,-,-,CL_0002494,-,UBERON_0000948,UBERON_0002093,BTO_0000562,BTO_0001618,UBERON_0000948,BTO_0000562,-,-
BA40_brodmann_area_40,A,-,CLO_0000000,CL_0002319,CL_0000789,UBERON_0013573,UBERON_0008939,-,BTO_0004705,UBERON_0013573,BTO_0003978,-,-
Colon smooth muscle,A,-,CLO_0002697,CL_1000280,CL_0000192,UBERON_0004220,UBERON_0001193,-,BTO_0000436,CL_1000280,BTO_0001260,-,-
UCSD_Right_Atrium,A,-,CLO_0002037,CL_0002494,CL_0000746,UBERON_0002078,UBERON_0002087,BTO_0001703,BTO_0001274,UBERON_0002078,BTO_0001703,-,-
thymus,A,-,-,CL_0002293,-,UBERON_0002370,UBERON_0002370,BTO_0001374,BTO_0001404,UBERON_0002370,BTO_0001374,-,-
parietal lobe fetal donor1,A,-,CLO_0000341,CL_0002319,CL_0001040,UBERON_0001872,UBERON_0002729,BTO_0001001,BTO_0000663,UBERON_0001872,BTO_0001001,-,-
heart adult diseased post-infarction donor1,A,-,CLO_0000255,CL_0002494,CL_0002362,UBERON_0000948,UBERON_0000948,-,BTO_0002953,GO_0045823,BTO_0000562,-,-
left ventricle_LV1558,A,-,CLO_0000031,CL_0002494,CL_0010005,UBERON_0002084,UBERON_0002084,BTO_0001629,BTO_0001407,UBERON_0002084,BTO_0001629,-,-
kidney-cortex,A,-,CLO_0000062,CL_1000497,CL_0000649,UBERON_0001225,UBERON_0001225,BTO_0001166,BTO_0001249,UBERON_0001225,BTO_0000671,-,-
left_ventricle,A,-,CLO_0000250,CL_0002494,CL_0000744,UBERON_0002084,UBERON_0002084,BTO_0001629,BTO_0001287,UBERON_0002084,BTO_0001629,-,-
Lateral temporal lobe_6T_AD,A,-,CLO_0000023,CL_0002319,CL_0000104,UBERON_0001871,UBERON_0002750,BTO_0001355,BTO_0003224,UBERON_0001871,BTO_0001355,-,-
Whole blood (ribopure) donor090612 donation1,A,-,CLO_0000031,CL_0000988,CL_0000236,UBERON_0000178,UBERON_0000178,-,BTO_0001574,GO_0008217,BTO_0000089,-,-
testis adult pool2,A,-,CLO_0007922,-,CL_0000451,UBERON_0000473,UBERON_0000473,BTO_0001363,BTO_0001343,UBERON_0000473,BTO_0001363,-,-
Pancreas_Unknown.1_pancreas,A,-,CLO_0002544,-,CL_0000188,UBERON_0001264,UBERON_0001264,BTO_0000988,BTO_0000961,UBERON_0001264,BTO_0000988,-,-
embryonic heart_CS22,A,-,CLO_0008921,-,CL_0000007,UBERON_0000948,UBERON_0005267,-,BTO_0004531,UBERON_0004141,BTO_0000669,-,-
psoas muscle,A,-,CLO_0000111,CL_0000737,CL_0000779,UBERON_0008450,UBERON_0001271,BTO_0001140,BTO_0004785,UBERON_0008450,BTO_0001140,-,-
Placenta_Amnion,A,-,CLO_0037356,-,CL_0002096,UBERON_0001987,UBERON_0000319,-,BTO_0000454,UBERON_0001987,BTO_0001078,-,-
BA40,A,-,CLO_0037284,CL_0002319,CL_0000705,UBERON_0013573,UBERON_0008933,-,BTO_0005734,UBERON_0006481,-,-,-
Stomach Smooth Muscle,A,-,none,CL_0000192,CL_0000187,UBERON_0004222,UBERON_0001135,BTO_0001818,BTO_0000714,UBERON_0004222,BTO_0001818,-,-
caudate nucleus - adult donor10196,A,-,-,CL_0002319,-,UBERON_0001873,UBERON_0001873,BTO_0000211,-,UBERON_0001873,BTO_0000211,-,-
adrenal gland 54y,A,-,none,CL_0000150,none,UBERON_0002369,UBERON_0000044,BTO_0000047,BTO_0000130,UBERON_0002369,BTO_0000047,-,-
left ventricle_DCM_LV1262,A,-,CLO_0001275,CL_0002494,CL_0000740,UBERON_0002084,UBERON_0002084,BTO_0001629,BTO_0000142,UBERON_0002084,BTO_0001629,-,-
Uterus,A,-,-,CL_0002149,-,UBERON_0000995,UBERON_0000995,BTO_0001424,BTO_0001381,UBERON_0000995,BTO_0001424,-,-
left ventricle_LV1215,A,-,CLO_0050274,CL_0002494,CL_0000825,UBERON_0002084,UBERON_0002084,BTO_0001629,BTO_0001104,UBERON_0002084,BTO_0001629,-,-
submaxillary gland adult,A,-,-,CL_0000151,-,UBERON_0001736,UBERON_0001831,BTO_0001316,BTO_0001347,UBERON_0017653,BTO_0001316,-,-
medulla oblongata adult pool1,A,-,CLO_0005004,CL_0002319,CL_0000422,UBERON_0001896,UBERON_0001898,BTO_0000041,BTO_0000657,UBERON_0001896,BTO_0000041,-,-
left ventricle_DCM_LV1072,A,-,CLO_0001134,CL_0002494,CL_0000740,UBERON_0002084,UBERON_0002084,BTO_0001629,BTO_0001243,UBERON_0002084,BTO_0001629,-,-
blood vessels,A,-,-,CL_0000115,CL_0000007,UBERON_0001981,UBERON_0001981,BTO_0001102,BTO_0000077,UBERON_0004537,BTO_0001102,-,-
hN34_organoid,A,-,CLO_0051937,CL_0000083,CL_0000010,UBERON_0001264,UBERON_0000955,-,BTO_0004759,UBERON_0000062,BTO_0005723,-,-
small_intestine_1,A,-,CLO_0000541,CL_0002254,CL_0000451,UBERON_0002108,UBERON_0002108,BTO_0000651,BTO_0000759,UBERON_0002108,BTO_0000651,-,-
Rectal_Mucosa.Donor_31,A,-,CLO:0000763,CL_0002253,CL:0000003,UBERON_0003346,UBERON:0000368,-,BTO:0001491,UBERON_0003346,BTO_0002435,-,-
spinal cord - adult donor10196,A,-,CLO_0002772,CL_0002319,CL_0000100,UBERON_0002240,UBERON_0002240,BTO_0001279,BTO_0000989,UBERON_0002240,BTO_0001279,-,-
Fetal intestine small,A,-,-,CL_0002254,CL_0011100,UBERON_0002108,UBERON_0002107,BTO_0000651,BTO_0000531,UBERON_0002108,BTO_0000651,-,-
Brain_Germinal_Matrix,A,-,-,CL_0002319,CL_0011000,UBERON_0000955,UBERON_0002438,-,BTO_0002633,UBERON_0002283,BTO_0003671,-,-
nucleus accumbens adult pool1,A,-,-,CL_0000540,-,UBERON_0001882,UBERON_0001882,BTO_0001862,BTO_0004690,UBERON_0001882,BTO_0001862,-,-
fetal-kidney-16w,A,-,-,CL_1000497,CL_0011115,UBERON_0002113,UBERON_0001969,BTO_0000671,BTO_0001384,UBERON_0002113,BTO_0000671,-,-
left ventricle_LV1294,A,-,CLO:0001294,CL_0002494,CL:0000731,UBERON_0002084,UBERON:0002084,BTO_0001629,BTO:0001347,UBERON_0002084,BTO_0001629,-,-
breast_epithelium,A,-,CLO_0002369,CL_0002327,CL_0002325,UBERON_0008367,UBERON_0000403,BTO_0001428,BTO_0004080,UBERON_0008367,BTO_0001428,-,-
locus coeruleus - adult donor10196,A,-,CLO_0051466,-,CL_0002609,UBERON_0002148,UBERON_0000960,BTO_0001408,BTO_0004741,UBERON_0002148,BTO_0001408,-,-
body_of_pancreas,A,-,CLO_0009921,CL_0000083,CL_0009078,UBERON_0001150,UBERON_0001264,-,BTO_0000661,UBERON_0001150,BTO_0000988,-,-
Crypt5,A,-,CLO_0050837,CL_0011108,CL_0000990,UBERON_0013485,UBERON_0001155,-,BTO_0004027,UBERON_0035243,BTO_0000305,-,-
Brain Anterior Caudate,A,-,CLO_0002540,CL_0002319,CL_0000930,UBERON_0001873,UBERON_0002771,BTO_0000211,BTO_0000663,UBERON_0028715,BTO_0000496,-,-
cartilage,A,-,CLO_0053558,CL_0000138,CL_0000132,UBERON_0002418,UBERON_0002417,BTO_0000206,BTO_0000458,CL_0000138,BTO_0000206,-,-
pancreas 30y,A,-,CLO_0022652,-,CL_0000188,UBERON_0001264,UBERON_0001264,BTO_0000988,BTO_0001031,UBERON_0001264,BTO_0000988,-,-
Fetal_spinal_cord,A,-,CLO_0037282,-,CL_1001608,UBERON_0002240,UBERON_0013046,BTO_0001279,BTO_0005433,UBERON_0002240,BTO_0001279,-,-
left ventricle_DCM_LV1300,A,-,CLO_0000251,CL_0002494,CL_0002494,UBERON_0002084,UBERON_0002084,BTO_0001629,BTO_0002040,UBERON_0002084,BTO_0001629,-,-
pleural-effusion,A,-,-,-,-,UBERON_0000175,UBERON_0000177,BTO_0003080,BTO_0000607,UBERON_0000175,BTO_0001842,-,-
Fetal_intestine,A,-,CLO_0035739,CL_0002563,CL_0000525,UBERON_0000160,UBERON_0001264,BTO_0000648,BTO_0000765,UBERON_0000160,BTO_0000648,-,-
esophagus-muscularis-mucosa,A,-,-,CL_0002599,CL_0002677,UBERON_0004648,UBERON_0002461,-,BTO_0002763,UBERON_0004648,BTO_0004839,-,-
Brain,A,-,CLO_0050275,CL_0002319,CL_0002581,UBERON_0000955,UBERON_0000955,BTO_0000142,BTO_0000142,UBERON_0000955,BTO_0000142,-,-
Fetal_small_intestine,A,-,CLO_0004033,CL_0002254,CL_0000000,UBERON_0002108,UBERON_0002107,BTO_0000651,BTO_0000485,UBERON_0002108,BTO_0000651,-,-
Fetal Muscle Trunk,A,-,CLO:0007630,CL_0000187,CL:1000490,UBERON_0001774,UBERON:0003833,-,BTO:0001569,UBERON_0001774,BTO_0001493,-,-
UCSD_Aorta,A,-,CLO_0059169,-,CL_0002493,UBERON_0000947,UBERON_0000948,BTO_0000135,BTO_0004398,UBERON_0000947,BTO_0000135,-,-
Lateral temporal lobe_15T_Young,A,-,-,CL_0002319,-,UBERON_0001871,UBERON_0001871,BTO_0001355,-,UBERON_0001871,BTO_0001355,-,-
Stomach_Mucosa,A,-,CLO_0053585,CL_0002180,CL_0002138,UBERON_0001199,UBERON_0001199,-,BTO_0000764,UBERON_0001199,BTO_0001307,-,-
aorta adult pool1,A,-,CLO_0053439,-,CL_0000500,UBERON_0000947,UBERON_0000947,BTO_0000135,BTO_0000659,UBERON_0000947,BTO_0000135,-,-
BA10,A,-,CLO_0050471,CL_0002319,CL_0000850,UBERON_0000955,UBERON_0013503,-,BTO_0002769,UBERON_0006099,BTO_0002196,-,-
Kidney_Unknown.14_kidney,A,-,CLO_0000760,CL_1000497,CL_0000107,UBERON_0002113,UBERON_0002113,BTO_0000671,BTO_0000679,UBERON_0002113,BTO_0000671,-,-
Fetal_Spinal_Cord,A,-,none,-,CL_0002431,UBERON_0002240,UBERON_0003083,BTO_0001279,none,UBERON_0002240,BTO_0001279,-,-
parietal lobe adult donor10252,A,-,CLO_0000471,CL_0002319,CL_0000700,UBERON_0001872,UBERON_0001870,BTO_0001001,BTO_0001160,UBERON_0001872,BTO_0001001,-,-
Brain Hippocampus Middle 150,A,-,CLO_0001535,CL_0002319,CL_0000625,UBERON_0002421,UBERON_0001954,BTO_0000601,BTO_0002375,UBERON_0035970,BTO_0000601,-,-
Crypt3,A,-,CLO_0051066,CL_0011108,CL_0002553,UBERON_0013485,UBERON_0001208,-,BTO_0001559,UBERON_0035243,BTO_0000305,-,-
Left_Ventricle,A,-,CLO_0007104,CL_0002494,CL_0000733,UBERON_0002084,UBERON_0002084,BTO_0001629,BTO_0000678,UBERON_0002084,BTO_0001629,-,-
thymus_2,A,-,CLO_0050673,CL_0002293,CL_0000860,UBERON_0002370,UBERON_0002370,BTO_0001374,BTO_0001370,UBERON_0002370,BTO_0001374,-,-
Duodenum_Smooth_Muscle,A,-,CLO_0002588,CL_1000276,CL_0000187,UBERON_0012488,UBERON_0006566,-,BTO_0001147,CL_1000276,BTO_0001260,-,-
Testis,A,-,CLO_0001307,-,CL_0000451,UBERON_0000473,UBERON_0000473,BTO_0001363,BTO_0000759,UBERON_0000473,BTO_0001363,-,-
somite,A,-,-,-,CL_0000135,UBERON_0002329,UBERON_0002320,BTO_0001558,BTO_0004562,UBERON_0002329,BTO_0001558,-,-
Circle of Willis_60y,A,-,CLO_0000000,-,CL_0000000,UBERON_0003709,UBERON_0002040,-,BTO_0000000,UBERON_0003709,-,-,-
subcutaneous_adipose_tissue,A,-,CLO_0000000,CL_0000136,CL_0000138,UBERON_0002190,UBERON_0001442,BTO_0004042,BTO_0001400,UBERON_0002190,BTO_0004042,-,-
Adrenal Gland,A,-,-,CL_0000150,CL_0000641,UBERON_0002369,UBERON_0002369,BTO_0000047,BTO_0000048,UBERON_0002369,BTO_0000047,-,-
Duodenum Mucosa,A,-,CLO_0000499,CL_1001589,CL_0005011,UBERON_0000320,UBERON_0001156,BTO_0000367,BTO_0000495,UBERON_0000320,BTO_0000367,-,-
Transverse Colon,A,-, ,-,-,UBERON_0001157,UBERON_0001159,BTO_0000272,BTO_0000594,UBERON_0001157,BTO_0000272,-,-
brain adult pool1,A,-,CLO_0050851,CL_0002319,CL_0000101,UBERON_0000955,UBERON_0000955,BTO_0000142,BTO_0000759,UBERON_6003624,BTO_0000142,-,-
kidney fetal pool1,A,-,CLO_0030004,CL_1000497,CL_0010023,UBERON_0002113,UBERON_0004535,BTO_0000671,BTO_0000678,UBERON_0002113,BTO_0000671,-,-
germinal matrix,A,-,CLO_0000190,CL_0002319,CL_1001583,UBERON_0000955,UBERON_0008784,-,BTO_0005636,UBERON_0002283,BTO_0003671,-,-
heart_left_ventricle,A,-,-,CL_0002494,-,UBERON_0002084,UBERON_0002084,BTO_0001629,BTO_0001394,UBERON_0002084,BTO_0000862,-,-
leg_muscle,A,-,CLO_0000848,CL_0000737,CL_0000187,UBERON_0001383,UBERON_0001389,BTO_0000722,BTO_0000704,UBERON_0001383,BTO_0000722,-,-
Thymus,A,-,CLO:0000495,CL_0002293,CL:0000492,UBERON_0002370,UBERON:0002370,BTO_0001374,BTO:0001394,UBERON_0002370,BTO_0001374,-,-
Esophagus_Mucosa,A,-,CLO_0050947,CL_0002252,CL_0000194,UBERON_0002469,UBERON_0002469,BTO_0002859,BTO_0001489,UBERON_0002469,BTO_0002859,-,-
patient-derived_pleaural_effusion,A,-,CLO_0037239,-,CL_0000000,UBERON_0000175,UBERON_0001144,-,BTO_0002042,UBERON_0000175,BTO_0002719,-,-
Fetal_Adrenal_Gland,A,-,CLO_0037247,CL_0000150,CL_0002683,UBERON_0002369,UBERON_0001252,BTO_0000047,BTO_0000943,UBERON_0002369,BTO_0000047,-,-
tibial_artery,A,-,CLO:N/A,-,CL:N/A,UBERON_0007610,UBERON:0002115,-,BTO:N/A,UBERON_0007610,BTO_0000573,-,-
SkeletalMuscle,A,-,CLO_0050847,CL_0000188,CL_0000737,UBERON_0001134,UBERON_0001134,BTO_0001103,BTO_0001108,CL_0000188,BTO_0001103,-,-
Brain_Substantia_nigra,A,-,CLO_0050853,CL_0002614,CL_0000707,UBERON_0002038,UBERON_0002037,BTO_0000143,BTO_0000748,UBERON_0002038,BTO_0000143,-,-
Bladder,A,-,CLO_0002630,CL_1001319,CL_0000193,UBERON_0001255,UBERON_0001255,BTO_0000123,BTO_0000148,CL_1001319,BTO_0000123,-,-
pancreas_37y,A,-,CLO_0000362,-,CL_0000163,UBERON_0001264,UBERON_0001264,BTO_0000988,BTO_0001083,UBERON_0001264,BTO_0000988,-,-
BI_Brain_Anterior_Caudate,A,-,CLO_0050744,CL_0002319,CL_0000692,UBERON_0001873,UBERON_0001873,BTO_0000211,BTO_0000373,UBERON_0028715,BTO_0000496,-,-
Skeletal_muscle,A,-,CLO_0002623,CL_0000188,CL_0000737,UBERON_0001134,UBERON_0001134,BTO_0001103,BTO_0001107,CL_0000188,BTO_0001103,-,-
adrenal gland_37y,A,-,CLO_0050316,CL_0000150,CL_0000182,UBERON_0002369,UBERON_0002369,BTO_0000047,BTO_0000087,UBERON_0002369,BTO_0000047,-,-
Fetal_Intestine_Large,A,-,CLO_0031091,CL_0002253,CL_0000350,UBERON_0000059,UBERON_0001157,BTO_0000706,BTO_0000703,UBERON_0000059,BTO_0000706,-,-
spleen 34y,A,-,CLO_0050797,-,CL_0000529,UBERON_0002106,UBERON_0002106,BTO_0001281,BTO_0001271,UBERON_0002106,BTO_0001281,-,-
Pancreas,A,-,-,-,-,UBERON_0001264,UBERON_0001264,BTO_0000988,BTO_0001148,UBERON_0001264,BTO_0000988,-,-
colon,A,-,CLO_0031961,CL_0011108,CL_0000188,UBERON_0001155,UBERON_0001155,BTO_0000269,BTO_0000720,UBERON_0001155,BTO_0000269,-,-
optic nerve donor1,A,-,CLO_0002385,CL_0002319,CL_0000614,UBERON_0009906,UBERON_0001810,BTO_0000966,BTO_0000511,UBERON_0000941,BTO_0000966,-,-
CytoTrophob_3,A,-,CLO_0037107,CL_0000034,CL_0000701,UBERON_0000319,UBERON_0014798,BTO_0000322,BTO_0000683,UBERON_0000319,BTO_0000322,-,-
fetal heart_PCW17_12570,A,-,CLO_0051232,CL_0002494,CL_0000000,UBERON_0000948,UBERON_0002097,BTO_0000562,BTO_0003135,UBERON_0000948,BTO_0000562,-,-
insula adult pool1,A,-,-,-,CL_0002599,UBERON_0002022,UBERON_0001870,-,-,UBERON_0002022,BTO_0001105,-,-
Fetal_eye,A,-,-,-,CL_0010008,UBERON_0000970,UBERON_0004858,BTO_0000439,BTO_0004754,UBERON_0000970,BTO_0000439,-,-
Aorta,A,-,-,-,-,UBERON_0000947,UBERON_0000947,BTO_0000135,BTO_0000136,UBERON_0000947,BTO_0000135,-,-
prostate adult pool1,A,-,CLO_0007743,-,CL_0000673,UBERON_0002367,UBERON_0002367,-,BTO_0001004,UBERON_0002367,BTO_0001129,-,-
UCSD_Small_Intestine,A,-,CLO_0038651,CL_0002254,CL_0002266,UBERON_0002108,UBERON_0002108,BTO_0000651,BTO_0007277,UBERON_0002108,BTO_0000651,-,-
cerebral meninges adult,A,-,CLO:0000195,CL_0002319,CL:0002530,UBERON_0003548,UBERON:0002427,-,BTO:0000808,UBERON_0010743,BTO_0005010,-,-
Fetal_Intestine_Small,A,-,CLO_0007986,CL_0002254,CL_0002749,UBERON_0002108,UBERON_0002116,BTO_0000651,BTO_0000609,UBERON_0002108,BTO_0000651,-,-
pancreas_54y,A,-,CLO_0002499,-,CL_0002563,UBERON_0001264,UBERON_0001264,BTO_0000988,BTO_0000759,UBERON_0001264,BTO_0000988,-,-
stomach_3y,A,-,CLO_0051436,-,CL_0002062,UBERON_0000945,UBERON_0000945,BTO_0001307,BTO_0000754,UBERON_0000945,BTO_0001307,-,-
Pituitary,A,-,CLO_0000181,CL_0000163,CL_0000702,UBERON_0000007,UBERON_0000007,-,BTO_0001060,UBERON_0000007,BTO_0000427,-,-
transverse colon,A,-,CLO_0000000,-,CL_0000000,UBERON_0001157,UBERON_0001157,BTO_0000272,BTO_0000141,UBERON_0001157,BTO_0000272,-,-
Brain Cingulate Gyrus,A,-,-,CL_0002319,[],UBERON_0002967,UBERON_0002727,BTO_0003976,BTO_0001377,UBERON_0002967,BTO_0003976,-,-
endometrium,A,-,CLO_0007374,CL_0002149,CL_0000194,UBERON_0001295,UBERON_0001295,BTO_0001422,BTO_0000424,UBERON_0001295,BTO_0001422,-,-
limb,A,-,-,-,-,UBERON_0002101,UBERON_0002101,BTO_0001492,-,UBERON_0002101,BTO_0001492,-,-
Brain hippocampus middle,A,-,CLO:0001465,CL_0002319,CL:0000175,UBERON_0002421,UBERON:0001954,BTO_0000601,BTO:0004704,UBERON_0035970,BTO_0000601,-,-
UCSD_Ovary,A,-,CLO_0009345,-,CL_0002327,UBERON_0000992,UBERON_0000992,BTO_0000975,BTO_0001016,UBERON_0000992,BTO_0000975,-,-
Skeletal_Muscle_Male,A,-,CLO_0002499,CL_0000188,CL_0000188,UBERON_0001134,UBERON_0001136,-,BTO_0001102,CL_0000188,BTO_0001103,-,-
psoas-muscle_3y,A,-,-,CL_0000737,-,UBERON_0008450,UBERON_0001371,BTO_0001140,BTO_0001197,UBERON_0008450,BTO_0001140,-,-
Artery_Tibial,A,-,CLO_0000000,-,CL_0000740,UBERON_0007610,UBERON_0003516,-,BTO_0001342,UBERON_0007610,BTO_0000573,-,-
Fetal_stomach,A,-,CLO_0007673,-,CL_0002010,UBERON_0000945,UBERON_0002106,BTO_0001307,BTO_0001243,UBERON_0000945,BTO_0001307,-,-
Brain_Inferior_Temporal_Lobe,A,-,CLO_0007973,CL_0002319,CL_0000708,UBERON_0002751,UBERON_0002728,BTO_0006175,BTO_0001972,UBERON_0013551,BTO_0006175,-,-
small_intestine_2,A,-,CLO_0007740,CL_0002254,CL_0000540,UBERON_0002108,UBERON_0002108,BTO_0000651,BTO_0000755,UBERON_0002108,BTO_0000651,-,-
Unknown.6_eye,A,-,CLO_0000324,-,CL_0000057,UBERON_0000970,UBERON_0000970,BTO_0000439,BTO_0000142,UBERON_0000970,BTO_0000439,-,-
thalamus adult donor10252,A,-, ,CL_0002319,-,UBERON_001022,UBERON_0001897,BTO_0001365,-,UBERON_0004703,BTO_0001365,-,-
Brain_Cingulate_Gyrus,A,-,CLO_0000000,CL_0002319,CL_0000000,UBERON_0002967,UBERON_0000130,BTO_0003976,BTO_0000704,UBERON_0002967,BTO_0003976,-,-
appendix adult,A,-,-,CL_1000405,-,UBERON_0001154,UBERON_0001154,BTO_0000084,BTO_0000126,UBERON_0001154,BTO_0000084,-,-
Lateral temporal lobe_17T_Young,A,-,CLO_0000031,CL_0002319,CL_0000700,UBERON_0001871,UBERON_0001871,BTO_0001355,BTO_0001606,UBERON_0001871,BTO_0001355,-,-
colon adult donor1,A,-,CLO_0031468,CL_0011108,CL_0000094,UBERON_0001155,UBERON_0001155,BTO_0000269,BTO_0002096,UBERON_0001155,BTO_0000269,-,-
small intestine_2,A,-,CLO_0030008,CL_0002254,CL_0005019,UBERON_0002108,UBERON_0002108,BTO_0000651,BTO_0000763,UBERON_0002108,BTO_0000651,-,-
Left_Ventricle_adult,A,-,CLO_0000626,CL_0002494,CL_0000738,UBERON_0002084,UBERON_0002084,BTO_0001629,BTO_0001379,UBERON_0002084,BTO_0001629,-,-
Artery_Coronary,A,-,CLO_0000182,-,CL_0000749,UBERON_0001621,UBERON_0001620,BTO_0000290,BTO_0000500,UBERON_0001621,BTO_0000290,-,-
pancreas,A,-,CLO_0000246,-,CL_0002096,UBERON_0001264,UBERON_0001264,BTO_0000988,BTO_0001069,UBERON_0001264,BTO_0000988,-,-
Circle of Willis_54y,A,-,CLO_0000000,-,CL_0000000,UBERON_0003709,UBERON_0001908,-,BTO_0000661,UBERON_0003709,-,-,-
left ventricle_LV1200,A,-,CLO_0051477,CL_0002494,CL_0000731,UBERON_0002084,UBERON_0002084,BTO_0001629,BTO_0004982,UBERON_0002084,BTO_0001629,-,-
left ventricle_DCM_LV1033,A,-,CLO_0001932,CL_0002494,CL_0000731,UBERON_0002084,UBERON_0002083,BTO_0001629,BTO_0000661,UBERON_0002084,BTO_0001629,-,-
transverse colon_54y,A,-,CLO_0000238,-,CL_0002563,UBERON_0001157,UBERON_0001157,BTO_0000272,BTO_0000323,UBERON_0001157,BTO_0000272,-,-
forebrain,A,-,CLO_0007054,CL_0002319,CL_0000100,UBERON_0001890,UBERON_0001890,BTO_0000478,BTO_0000312,UBERON_0001890,BTO_0000478,-,-
Fetal adrenal gland,A,-,CLO_0037282,CL_0000150,CL_0002673,UBERON_0002369,UBERON_0001235,BTO_0000047,BTO_0001529,UBERON_0002369,BTO_0000047,-,-
UCSD_Lung,A,-,CLO_0000238,CL_0000082,CL_0000256,UBERON_0002048,UBERON_0002048,BTO_0000763,BTO_0000582,UBERON_0002048,BTO_0000763,-,-
heart adult pool1,A,-,CLO_0032290,CL_0002494,CL_0000746,UBERON_0000948,UBERON_0000948,-,BTO_0001360,UBERON_0000948,BTO_0000562,-,-
embryonic-kidney,A,-,CLO_0007643,CL_1000497,CL_0000870,UBERON_0000922,UBERON_0002106,BTO_0002733,BTO_0000238,UBERON_0008816,BTO_0002733,-,-
small intestine fetal donor1,A,-,CLO_0037167,CL_0002254,CL_0002677,UBERON_0002108,UBERON_0002107,BTO_0000651,BTO_0001135,UBERON_0002108,BTO_0000651,-,-
small intestine 30y,A,-,-,CL_0002254,CL_0000170,UBERON_0002108,UBERON_0002108,BTO_0000651,BTO_0000752,UBERON_0002108,BTO_0000651,-,-
lung_3y,A,-,CLO_0050846,CL_0000082,CL_0000674,UBERON_0002048,UBERON_0002048,BTO_0000763,BTO_0000182,UBERON_0002048,BTO_0000763,-,-
hippocampus,A,-,-,CL_0002319,-,UBERON_0000955,UBERON_0001950,BTO_0000601,BTO_0000623,UBERON_0002305,BTO_0000601,-,-
ductus deferens adult,A,-,-,CL_0000068,CL_0000595,UBERON_0001000,UBERON_0000065,BTO_0001427,BTO_0000332,UBERON_0001000,BTO_0001427,-,-
stomach_30y,A,-,CLO_0008031,-,CL_0000000,UBERON_0000945,UBERON_0000945,BTO_0001307,BTO_0000759,UBERON_0000945,BTO_0001307,-,-
brain-prefrontal-cortex,A,-,CLO_0000483,CL_0002319,CL_0000101,UBERON_0000451,UBERON_0001871,BTO_0002807,BTO_0000000,UBERON_0000451,BTO_0002807,-,-
left ventricle_DCM_LV1290,A,-,CLO_0037714,CL_0002494,CL_0000740,UBERON_0002084,UBERON_0002084,BTO_0001629,BTO_0000481,UBERON_0002084,BTO_0001629,-,-
Adrenal_Gland,A,-,CLO_0005372,CL_0000150,CL_0002240,UBERON_0002369,UBERON_0002367,BTO_0000047,BTO_0000121,UBERON_0002369,BTO_0000047,-,-
Left_ventricle,A,-,-,CL_0002494,CL_0000740,UBERON_0002084,UBERON_0002084,BTO_0001629,BTO_0001361,UBERON_0002084,BTO_0001629,-,-
large intestine,A,-,CLO:0000219,CL_0002253,CL:0009014,UBERON_0000059,UBERON:0000059,BTO_0000706,BTO:0000757,UBERON_0000059,BTO_0000706,-,-
cerebellum - adult donor10196,A,-,-,CL_0002319,-,UBERON_0002037,UBERON_0002037,BTO_0000232,BTO_0000250,UBERON_0002037,BTO_0000232,-,-
spinal cord fetal donor1,A,-,CLO_0007165,CL_0002319,CL_0000117,UBERON_0002240,UBERON_0002326,BTO_0001279,BTO_0001181,UBERON_0002240,BTO_0001279,-,-
Pancreatic islets,A,-,CLO_0000176,CL_0008024,CL_1000344,UBERON_0000006,UBERON_0000006,BTO_0000991,BTO_0000968,UBERON_0000006,BTO_0000991,-,-
brain_1,A,-,CLO_0000021,CL_0002319,CL_0000100,UBERON_0000955,UBERON_0000955,BTO_0000142,BTO_0000142,UBERON_0000955,BTO_0000142,-,-
medial frontal gyrus - adult donor10196,A,-,CLO_0000657,CL_0002319,CL_0000707,UBERON_0002702,UBERON_0002795,BTO_0004834,BTO_0001287,UBERON_0002702,BTO_0004834,-,-
Brain angular gyrus,A,-,-,CL_0002319,-,UBERON_0002686,UBERON_0002791,-,BTO_0004590,UBERON_0002686,BTO_0003976,-,-
right ventricle 3y,A,-,CLO_0000000,CL_0002494,CL_0000000,UBERON_0002080,UBERON_0002080,BTO_0001630,BTO_0001356,UBERON_0002080,BTO_0001630,-,-
adipose-tissue,A,-,CLO_0002626,CL_0000136,CL_0000138,UBERON_0001013,UBERON_0001013,BTO_0001487,BTO_0000753,UBERON_0001013,BTO_0001487,-,-
bladder adult pool1,A,-,CLO_0039208,CL_1001319,CL_0002372,UBERON_0001255,UBERON_0001255,BTO_0000123,BTO_0000180,CL_1001319,BTO_0000123,-,-
ascending_aorta,A,-,CLO_0000309,-,CL_0000593,UBERON_0001496,UBERON_0002339,-,BTO_0000177,UBERON_0001496,BTO_0000135,-,-
Rectal_Smooth_Muscle,A,-,-,CL_0002504,CL_0000193,UBERON_0018112,UBERON_0000349,-,BTO_0001375,UBERON_0018112,BTO_0001260,-,-
left ventricle,A,-,-,CL_0002494,CL_0000749,UBERON_0002084,UBERON_0002084,BTO_0001629,BTO_0001363,UBERON_0002084,BTO_0001629,-,-
hT85_organoid,A,-,CLO_0009457,CL_0000083,CL_0000003,UBERON_0001264,UBERON_0000178,-,BTO_0006210,UBERON_0000062,BTO_0005723,-,-
Colon_Crypt_3,A,-,CLO_0034673,CL_0011108,CL_0002061,UBERON_0013485,UBERON_0000362,-,BTO_0002697,UBERON_0013485,BTO_0000305,-,-
Glomerulus,A,-,-,CL_1000746,CL_0000650,UBERON_0000074,UBERON_0000074,BTO_0000530,BTO_0000135,UBERON_0000074,BTO_0000530,-,-
Brain Substantia Nigra,A,-,CLO_0050847,CL_0002614,CL_0000192,UBERON_0002038,UBERON_0002037,BTO_0000143,BTO_0000667,UBERON_0002038,BTO_0000143,-,-
HS-SY-2Monophasic_synovial_sarcoma,CL,CLO_0050072,CLO_0050844,CL_0000214,CL_0000353,UBERON_0003668,UBERON_0003672,BTO_0006086,BTO_0000118,CL_0000214,BTO_0001824,DOID_5485,CL_0000214
22Rv1_delSite4_Clone22/23-F8,CL,CLO_0001200,CLO_0002531,CL_0002231,CL_0009015,UBERON_0002367,UBERON_0000474,BTO_0002999,BTO_0000591,-,-,CLO_0001200,-
lymphoma malignant hairy B-cell cell line:MLMA,CL,-,CLO_0051541,CL_0000236,CL_0000841,UBERON_0000178,UBERON_0000403,-,BTO_0003851,GO_0070451,BTO_0000104,DOID_3070,CL_0001064
lncaparmo-ar-dht1nm,CL,CLO_0007365,CLO_0002375,CL_0002231,CL_0000600,UBERON_0002367,UBERON_0001981,BTO_0001321,BTO_0000489,UBERON_2002053,BTO_0001321,CLO_0037116,UBERON_0001460
Loucy,CL,CLO_0007375,CLO_0009327,CL_0000084,CL_0000057,UBERON_0000178,UBERON_0000468,-,BTO_0000850,-,-,CLO_0007375,-
TE7_1,CL,CLO_0009319, ,CL_0000076,-,UBERON_0001043,-,-,BTO:0003712,-,-,CLO_0009319,-
A-673-clone-Asp114,CL,CLO_0001605,CLO_0007760,CL_0000187,CL_0000000,UBERON_0005090,UBERON_0000000,BTO_0003768,BTO_0000227,-,-,CLO_0002509,-
small cell gastrointestinal carcinoma cell line:ECC10,CL,CLO_0050796,CLO_0008003,CL_0002178,CL_0002324,UBERON_0000945,UBERON_0001907,-,BTO_0006315,UBERON_0002108,BTO_0005544,DOID_77,UBERON_0002108
H1 hESC-derived neural progenitor cells_Smad_6hr,CL,-,CLO_0030008,CL_0011020,CL_0002248,UBERON_0000922,UBERON_000001,-,BTO_0002850,CL_0011026,BTO_0004093,CLO_0037250,CL_0011020
HUCCT1,CL,CLO_0050009,CLO_0003297,CL_0000068,CL_0000000,UBERON_0002394,UBERON_0000000,BTO_0003911,BTO_0002185,UBERON_2005021,BTO_0003911,-,-
VCaP_prostate_carcinoma_SH3_DHT,CL,CLO_0037117,CLO_0009273,CL_0002231,CL_0002618,UBERON_0002367,UBERON_0002367,BTO_0003215,BTO_0003043,UBERON_0002367,BTO_0002021,DOID_10286,UBERON_0002367
A-673_clone_Asp114_Ewing_sarcoma,CL,CLO_0001605,CLO_0050857,CL_0000187,CL_0000000,UBERON_0005090,UBERON_0000000,BTO_0003768,BTO_0000958,NBO_0000073,BTO_0002513,DOID_3368,GO_0071626
hMSC-TERT,CL,-,CLO_0000184,CL_0000134,CL_0000034,UBERON_0002371,UBERON_0001067,-,BTO_0001181,PR_P11836,BTO_0004390,-,PR_P21757
LNCaP_prostate_carcinoma_ETOH_SHCTR,CL,CLO_0007365,CLO_0007771,CL_0002231,CL_0000182,UBERON_0002367,UBERON_0002367,BTO_0001321,BTO_0000784,UBERON_0002367,BTO_0002021,DOID_10286,UBERON_0002367
FLP76_embryonic_kidney,CL,-,CLO_0050831,CL_1000497,CL_0002594,UBERON_0002113,UBERON_0002011,-,BTO_0001261,UBERON_0002113,BTO_0002733,UBERON_0002113,UBERON_0002113
HEK293T,CL,CLO_0037372,CLO_0050844,CL_0002518,CL_0000182,UBERON_0002113,UBERON_0000468,BTO_0002181,BTO_0002537,-,BTO_0002181,CLO_0037372,-
GM15510,CL,CLO_0028068,CLO_0003937,CL_0000236,CL_0000000,UBERON_0000178,UBERON_0000000,-,BTO_0002855,-,BTO_0003023,CLO_0028068,-
HeLaS3,CL,CLO_0003696,CLO_0002052,CL_0002535,CL_0000000,UBERON_0000002,UBERON_0000000,BTO_0000568,BTO_0000242,UBERON_0001290,BTO_0000567,CLO_0003696,UBERON_0001290
mesothelioma cell line:NCI-H28,CL,CLO_0008079,CLO_0002979,CL_0000082,CL_0000000,UBERON_0002048,UBERON_0000000,-,BTO_0001917,CL_0000077,BTO_0002424,CL_0000077,CL_0000077
H9 derived neuronal progenitor cultured cells,CL,-,CLO_0003129,CL_0011020,CL_0000057,UBERON_0001016,UBERON_0001032,-,BTO_0003679,CL_0011026,BTO_0000214,CL_0000010,CL_0011020
HeLa-S3_Cervical_Carcinoma,CL,CLO_0003696,CLO_1008414,CL_0002535,CL_0002328,UBERON_0000002,UBERON_0000002,BTO_0000568,BTO_0001903,UBERON_0000962,BTO_0000180,-,UBERON_0000962
iPS DF 19.11 Cells,CL,CLO_0037308,CLO_0037293,CL_0002248,CL_0001039,-,UBERON_0000922,-,BTO_0003245,UBERON_2000754,-,CLO_0002755,-
A549_ethanol_1h,CL,CLO_0001601,CLO_0006871,CL_0000082,CL_0000000,UBERON_0002048,UBERON_0000000,BTO_0000018,BTO_0000014,NCBITAXON_28376,BTO_0000428,CLO_0001601,-
BJ/ET,CL,CLO_0001980,CLO_0002490,CL_1001608,CL_0000057,UBERON_0001332,UBERON_0000483,BTO_0003807,BTO_0004308,CL_1001608,BTO_0003807,CLO_0001980,CL_1001608
A549 DMSO,CL,CLO_0001601,CLO_0000011,CL_0000082,CL_0000000,UBERON_0002048,UBERON_0000000,BTO_0000018,BTO_0000000,-,BTO_0005816,CLO_0001601,-
IMR90_lung_fibroblasts_DMSO,CL,CLO_0006951,CLO_0002604,CL_0002553,CL_0000057,UBERON_0002048,UBERON_0002048,BTO_0001229,BTO_0000220,CL_0002553,BTO_0000764,CL_0000057,CL_0002553
HCT116 TP53-/-_Nutlin3A,CL,CLO_0003665,CLO_0007705,CL_0011108,CL_0000057,UBERON_0001155,UBERON_0034922,BTO_0001109,BTO_0003660,-,BTO_0001109,CLO_0003665,-
GM18507,CL,CLO_0024916,CLO_0000752,CL_0000236,CL_0000057,UBERON_0000178,UBERON_0000468,-,BTO_0000068,-,-,CLO_0024916,ENSEMBL_ENSG00000256193
HUVECs_TNF0min,CL,CLO_0004307,CLO_0002616,CL_0002618,CL_0002618,UBERON_0002331,UBERON_0000178,BTO_0001949,BTO_0000014,NCBITAXON_9369,BTO_0001949,-,-
NB69,CL,CLO_0050263,CLO_0007798,CL_0000031,CL_0000000,UBERON_0000955,UBERON_0000000,BTO_0005426,BTO_0005417,-,BTO_0005426,CLO_0037089,-
PATU8988S_GFP_DOX,CL,CLO_0008383,CLO_0000217,CL_0000083,CL_0000000,UBERON_0001264,UBERON_0000000,BTO_0005191,BTO_0002545,-,BTO_0005879,CLO_0008383,-
COLO320-DM_DMSO,CL,CLO_0002571,CLO_0050990,CL_0011108,CL_0000000,UBERON_0001155,UBERON_0000000,BTO_0002047,BTO_0000092,UBERON_0001155,BTO_0002047,CLO_0002545,UBERON_0001155
gm12891,CL,CLO_0022859,CLO_0003670,CL_0000236,CL_0000000,UBERON_0000178,UBERON_0000000,-,BTO_0000184,-,-,CLO_0022859,-
293Trex_B4Nflag_7h,CL,CLO_0037238,CLO_0051433,CL_0002518,CL_0000182,UBERON_0002113,UBERON_0000483,BTO_0005238,BTO_0000232,-,BTO_0005238,-,-
PANC1_2,CL,CLO_0008381,CLO_0000471,CL_0000169,CL_0000000,UBERON_0001264,UBERON_0000000,BTO_0000304,BTO_0000704,NCBITAXON_9596,BTO_0000304,NCBITAXON_9596,UBERON_0001264
CHL-1,CL,CLO_0002420,CLO_0003896,CL_2000000,CL_0000000,UBERON_0001003,UBERON_0000000,BTO_0004061,BTO_0000560,UBERON_0003939,BTO_0004061,CLO_0002418,-
hESC-1_Embryonic_stem_cells_WNT3A,CL,CLO_0037281,CLO_0007911,CL_0002322,CL_0002322,UBERON_0000922,UBERON_0000104,BTO_0006080,BTO_0003131,UBERON_0008816,BTO_0001086,CLO_0037279,CL_0002322
FLP76,CL,-,CLO_0006376,CL_1000497,CL_0000236,UBERON_0002113,UBERON_0000001,-,BTO_0004745,-,-,-,-
iPS-15b,CL,-,CLO_0007136,CL_0002248,CL_0002322,-,UBERON_0000468,-,BTO_0002987,UBERON_2001840,-,CLO_0001107,UBERON_0009095
MKN28,CL,CLO_0037142,CLO_0007786,CL_0002178,CL_0000000,UBERON_0000945,UBERON_0000000,BTO_0002381,BTO_0000915,-,BTO_0002381,CLO_0037142,-
MCF10A_low,CL,CLO_0007599,CLO_0002871,CL_0002327,CL_0000000,UBERON_0000310,UBERON_0000000,BTO_0001939,BTO_0000279,UBERON_0002691,BTO_0001939,CLO_0007599,PATO_0001796
RPMI-8402_T_acute_lymphoblastic_leukemia,CL,CLO_0009857,CLO_0002880,CL_0000084,CL_0000236,UBERON_0000178,UBERON_0002405,BTO_0001880,BTO_0001194,PR_000016043,BTO_0000731,DOID_5603,PR_000016043
Kelly_shB4_Res,CL,CLO_0007091,CLO_0050996,CL_0000031,CL_0000000,UBERON_0000955,UBERON_0000000,BTO_0006213,BTO_0001343,UBERON_0000363,BTO_0006213,CLO_0007091,-
LS174T_colon_adenocarcinoma_BI8622,CL,CLO_0007403,CLO_0007769,CL_0011108,CL_0000048,UBERON_0001155,UBERON_0001155,BTO_0001553,BTO_0003303,UBERON_0001155,BTO_0000032,DOID_234,UBERON_0001155
ME-1_DMSO_6h,CL,CLO_0009847,CLO_0007786,CL_0000763,CL_0000057,UBERON_0000178,UBERON_0000455,-,BTO_0002757,-,-,CLO_0007654,-
HSMM Skeletal Muscle Myoblasts Cells,CL,CLO_0000809,CLO_0000322,CL_0000056,CL_0000056,UBERON_0005090,UBERON_0014892,-,BTO_0000142,CL_0000515,BTO_0004392,CL_0000515,CL_0000515
GM18486,CL,CLO_0024943,CLO_0001073,CL_0000236,CL_0000000,UBERON_0000178,UBERON_0000000,-,BTO_0002955,-,-,CLO_0024943,-
GLC16,CL,-,CLO_0037133,CL_0000082,CL_0002319,UBERON_0002048,UBERON_0002373,-,BTO_0003125,-,BTO_0002385,CLO_0002096,-
hESC,CL,CLO_0037280,CLO_0030009,CL_0002322,CL_0002322,UBERON_0000922,UBERON_0000104,BTO_0001086,BTO_0003247,UBERON_4300114,BTO_0006080,CLO_0008954,CL_0002322
CLB-BER-Lud,CL,-,CLO_0050881,CL_0000031,CL_0000001,UBERON_0001016,UBERON_0000001,-,BTO_0000001,-,BTO_0004908,CLO_0001929,-
NUT,CL,-,CLO_0031938,CL_0000015,CL_0000750,UBERON_0000473,UBERON_0002367,-,BTO_0003341,CHEBI_33284,BTO_0000545,CHEBI_33284,UBERON_0001041
GM18526,CL,CLO_0024847,CLO_0003685,CL_0000236,CL_NULL,UBERON_0000178,UBERON_NULL,-,BTO_0005725,-,BTO_0005366,CLO_0024847,-
IMR90_#2,CL,CLO_0006951,CLO_0002838,CL_0002553,CL_0000000,UBERON_0002048,UBERON_0000000,BTO_0001229,BTO_0001335,-,BTO_0001229,CLO_0006951,-
HFF-Myc,CL,-,CLO_0002530,CL_1001608,CL_0000057,UBERON_0001332,UBERON_0000178,-,BTO_0003207,-,BTO_0004784,CLO_0003730,-
BT-474_breast_invasive_ductal_carcinoma_EGF,CL,CLO_0002042,CLO_0008366,CL_0002327,CL_0002328,UBERON_0000310,UBERON_0000310,BTO_0001932,BTO_0000186,UBERON_0000310,BTO_0002844,DOID_3008,UBERON_0000310
HUVEC umbilical vein endothelial,CL,CLO_0004307,CLO_0002682,CL_0002618,CL_0002138,UBERON_0002331,UBERON_0001064,BTO_0001949,BTO_0003214,CL_0002618,BTO_0004296,CLO_0000334,CL_0002618
SK-MEL-239,CL,-,CLO_0007888,CL_0000148,CL_,-,UBERON_,-,BTO_0000719,UBERON_2005211,BTO_0004475,CLO_0035382,-
MCF10CA1a,CL,CLO_0007599,CLO_0008030,CL_0002327,CL_0000000,UBERON_0000310,UBERON_0000000,-,BTO_0002569,-,-,CLO_0037180,-
LY4,CL,-,CLO_0050910,CL_0000236,CL_0000192,UBERON_0000178,UBERON_0001420,-,BTO_0000147,-,-,-,-
MALME-3,CL,CLO_0007528,CLO_0002714,CL_0002620,CL_,UBERON_0001003,UBERON_,BTO_0004161,BTO_0002663,-,BTO_0004161,CLO_0007528,-
HUES48 Cells,CL,-,CLO_0007594,CL_0002322,CL_0000000,UBERON_0000922,UBERON_0000000,-,BTO_0004340,UBERON_2000711,BTO_0002158,CLO_0037316,-
GM12873_female_B-cells,CL,CLO_0022835,CLO_0023991,CL_0000236,CL_0000844,UBERON_0000178,UBERON_0000178,-,BTO_0000819,CL_0000021,BTO_0001654,CLO_0022835,CL_0000021
Capan1-untreated,CL,CLO_0002197,CLO_0007774,CL_0002079,CL_0000000,UBERON_0000017,UBERON_0000000,BTO_0002744,BTO_0000253,PATO_0002505,BTO_0002744,CLO_0002197,CL_0000960
H1 hESC-derived neural progenitor cells_Smad_72hr,CL,-,CLO_0007379,CL_0011020,CL_0000232,UBERON_0000922,UBERON_0004713,-,BTO_0003596,CL_0011026,BTO_0004093,CLO_0037250,CL_0011020
T47D_invasive_ductal_carcinoma_E2,CL,CLO_0009251,CLO_0002593,CL_0002327,CL_0002328,UBERON_0000310,UBERON_0007844,BTO_0001248,BTO_0006309,UBERON_8410003,BTO_0002844,DOID_3008,UBERON_8410003
HUDEP-2_BCL11AKO,CL,-,CLO_0030001,CL_0000038,CL_0000236,UBERON_0012168,UBERON_0010000,-,BTO_0001904,-,-,-,PR_000004691
MALME3,CL,CLO_0007528,CLO_0003004,CL_0002620,CL_0000000,UBERON_0001003,UBERON_0000000,BTO_0004161,BTO_0000362,-,BTO_0004161,CLO_0007528,-
TTC549_Doxycycline,CL,-,CLO_0050048,-,CL_0000746,UBERON_0002107,UBERON_0002107,-,BTO_0002854,CHEBI_33635,-,CHEBI_33635,CL_4033069
GM12878 ENCODE,CL,CLO_0022851,CLO_0003679,CL_0000236,CL_0000236,UBERON_0000178,UBERON_0000473,BTO_0006353,BTO_0000995,UBERON_0002878,BTO_0006353,CLO_0022851,-
CA-46_Burkitt_lymphoma,CL,CLO_0002168,CLO_0007762,CL_0000236,CL_0000297,UBERON_0000178,UBERON_0000029,BTO_0000789,BTO_0000254,UBERON_0002391,BTO_0000164,DOID_8584,PR_000001209
LREX,CL,-,CLO_0008367,CL_0002231,CL_0000001,UBERON_0002367,UBERON_0002048,-,BTO_0001409,-,BTO_0005238,-,CL_0011032
C4-2B_vehicle_24h,CL,CLO_0037116,CLO_0007899,CL_0002231,CL_0000010,UBERON_0002367,UBERON_0015228,BTO_0004959,BTO_0003615,UBERON_0004613,-,GO_0031982,CL_0002215
TSU-1621-MT_adult_acute_myeloid_leukemia_ATRA,CL,-,CLO_0050286,CL_0000763,CL_0000765,UBERON_0000178,UBERON_0000178,-,BTO_0000217,CL_0000766,BTO_0001545,DOID_9119,PR_000014362
NCR-G1,CL,CLO_0051395,CLO_0008000,CL_0000015,CL_0000062,UBERON_0000473,UBERON_0006928,-,BTO_0004047,-,-,CLO_0003420,CL_0003002
MCF-7_10Gygamma_5h,CL,CLO_0007606,CLO_0001220,CL_0002327,CL_0000000,UBERON_0000310,UBERON_0000000,BTO_0000093,BTO_0000369,-,-,CLO_0007599,-
22rv1-arvs,CL,CLO_0001200,CLO_0003131,CL_0002231,CL_0002324,UBERON_0002367,UBERON_0000104,BTO_0002999,BTO_0000944,-,-,CLO_0001200,-
H9_Cell_Line,CL,CLO_0003612,CLO_0002453,CL_0000084,CL_0000057,UBERON_0000178,UBERON_0000468,BTO_0001944,BTO_0002988,CL_0000039,BTO_0000374,CLO_0003612,CL_0007015
SF268,CL,CLO_0009902,CLO_0009221,CL_0000127,CL_0000000,UBERON_0000955,UBERON_0000000,BTO_0003772,BTO_0000946,-,BTO_0003772,CLO_0009902,-
IMR-5_Neuroblastoma,CL,CLO_0006950,CLO_0007636,CL_0000031,CL_0002319,UBERON_0000955,UBERON_0000955,BTO_0005846,BTO_0004261,CL_0000031,BTO_0000931,EFO_0000621,CL_0000031
HUVEC_Notch1kd_IL1beta,CL,CLO_0004307,CLO_0035743,CL_0002618,CL_0002618,UBERON_0002331,UBERON_0001981,BTO_0001949,BTO_0000850,UBERON_0018346,BTO_0001949,-,-
PFSK-1,CL,CLO_0008425,CLO_0002729,CL_0000057,CL_0000000,UBERON_0000955,UBERON_0000000,-,BTO_0001192,-,-,CLO_0008425,-
NCI-H2171 cells,CL,CLO_0008060,CLO_0003123,CL_0000082,CL_0000000,UBERON_0002048,UBERON_0000000,BTO_0005978,BTO_0001044,-,BTO_0005978,CLO_0008060,-
TEX-HIST1H3F-K27I-2-Rx_cells,CL,-,CLO_0002884,CL_0000034,CL_0000057,UBERON_0002371,UBERON_0000468,BTO_0006359,BTO_0000568,UBERON_2007011,BTO_0006359,-,CL_0011025
CAL51,CL,CLO_0002185,CLO_0007054,CL_0002327,CL_0000000,UBERON_0000310,UBERON_0000000,BTO_0000945,BTO_0000187,-,BTO_0000945,CLO_0002593,-
HEK293-FT,CL,CLO_0037237,CLO_0000011,CL_0002518,CL_0000000,UBERON_0002113,UBERON_0000000,BTO_0005029,BTO_0000209,-,BTO_0000007,CLO_0001230,-
LY1,CL,-,CLO_0000902,CL_0000236,CL_0000000,UBERON_0000178,UBERON_0000000,-,BTO_0002703,PR_000001843,-,PR_000001843,PR_000001843
FL16,CL,-,CLO_0050749,CL_0000236,CL_0002037,UBERON_0000029,UBERON_0002048,-,BTO_0002099,-,BTO_0005154,-,-
mesenchymal stem cell line:Hu5/E18,CL,-,CLO_0001034,CL_0008019,CL_0000134,UBERON_0003104,UBERON_0001066,-,BTO_0002603,CL_0000134,BTO_0003298,CLO_0037305,CL_0000134
carcinoid cell line:NCI-H1770,CL,CLO_0008017,CLO_0003047,CL_1000223,CL_0000000,UBERON_0002048,UBERON_0000000,-,BTO_0005635,CHEBI_23044,BTO_0000729,CLO_0008017,-
MCC26_virus_negative,CL,-,CLO_0054160,CL_0000242,CL_0000000,UBERON_0001003,UBERON_0000000,-,BTO_0006769,GO_0009890,-,CLO_0007352,GO_0050866
HS-SY-2,CL,CLO_0050072,CLO_0017365,CL_0000214,CL_0000000,UBERON_0003668,UBERON_0000000,BTO_0006086,BTO_0001285,-,-,CLO_0004041,-
LNCaP_prostate_carcinoma_RPMIFBS,CL,CLO_0007365,CLO_0002323,CL_0002231,CL_0009048,UBERON_0002367,UBERON_0002367,BTO_0001321,BTO_0000830,UBERON_0002367,BTO_0002021,DOID_10286,UBERON_0002367
MCF7L-TamRimmortalized_breast_epithelial_tamoxifen_resistant_cell_line,CL,-,CLO_0001198,CL_0002327,CL_0002327,UBERON_0000310,UBERON_0000310,-,BTO_0000309,CL_0002327,BTO_0001211,CLO_0000129,CL_0002327
acute myeloid leukemia (FAB M5) cell line:THP-1 (revived),CL,CLO_0009348,CLO_0000235,CL_0000576,CL_0000945,UBERON_0000178,UBERON_0000178,BTO_0001370,BTO_0000324,CL_0000763,BTO_0001883,DOID_9119,PR_000014362
NCI-H2009,CL,CLO_0008038,CLO_0008327,CL_0000082,CL_0000000,UBERON_0002048,UBERON_0000000,BTO_0003242,BTO_0001529,-,BTO_0003242,CLO_0008038,-
SK-N-BE,CL,-,CLO_0007771,CL_0000031,CL_0000000,UBERON_0000955,UBERON_0000000,-,BTO_0000224,-,-,CLO_0001912,CL_0000968
GM10861_female_B-cells,CL,CLO_0024094,CLO_0001066,CL_0000236,CL_0000236,UBERON_0000178,UBERON_0000178,-,BTO_0000819,CL_0000021,BTO_0001654,CLO_0024094,CL_0000021
HCC70,CL,CLO_0003658,CLO_0003094,CL_0002327,CL_0000000,UBERON_0000310,UBERON_0000000,BTO_0005963,BTO_0006303,PR_P41597,BTO_0005963,CLO_0003658,PR_P06307
SK-BR-3_breast_adenocarcinoma,CL,CLO_0009034,CLO_0008199,CL_0002327,CL_0002329,UBERON_0000310,UBERON_0000310,BTO_0002419,BTO_0000885,UBERON_0000310,BTO_0001912,DOID_3458,UBERON_0000310
HEK293_embryonic_kidney,CL,CLO_0001230,CLO_0003684,CL_0002518,CL_0002551,UBERON_0002113,UBERON_0002113,BTO_0000007,BTO_0000647,UBERON_0002113,BTO_0002733,UBERON_0002113,UBERON_0002113
IMS-M2,CL,-,CLO_0050871,CL_0000763,CL_0000000,UBERON_0000178,UBERON_0000000,-,BTO_0001291,UBERON_0019274,BTO_0006111,CLO_0003779,CL_0003029
22rv1,CL,CLO_0001200,CLO_0008472,CL_0002231,CL_NULL,UBERON_0002367,UBERON_NULL,BTO_0002999,BTO_0000216,-,BTO_0002999,CLO_0001200,-
MCF10A-ER-Src,CL,CLO_0037240,CLO_0007707,CL_0002327,CL_0000000,UBERON_0000310,UBERON_0000000,-,BTO_0003088,UBERON_0002691,BTO_0001939,CLO_0037240,PR_000007204
Kelly_vehicle,CL,CLO_0007091,CLO_0008755,CL_0000031,CL_0002131,UBERON_0000955,UBERON_0000015,BTO_0006213,BTO_0001015,UBERON_0010938,BTO_0006213,CLO_0007091,GO_0031982
Monomac6_CTRL,CL,CLO_0007828,CLO_0051846,CL_0000576,CL_0000236,UBERON_0000178,UBERON_0000178,BTO_0002333,BTO_0000858,NCBITAXON_40151,BTO_0000876,CHEBI_25414,CL_0000576
osteosarcoma cell line:HS-Os-1,CL,CLO_0050022,CLO_0003697,CL_0000062,CL_0000765,UBERON_0000976,UBERON_0002369,-,BTO_0003606,UBERON_0014730,BTO_0000407,EFO_0000637,PR_P01101
squamous cell carcinoma cell line:EC-GI-10,CL,CLO_0051378,CLO_0002780,CL_0000076,CL_0000199,UBERON_0001043,UBERON_0000178,BTO_0002861,BTO_0005248,CL_0000076,BTO_0002024,DOID_1749,CL_0000076
MSTO,CL,CLO_0007880,CLO_0008004,CL_0000077,CL_0000000,UBERON_0001136,UBERON_0000000,BTO_0002425,BTO_0001654,UBERON_0001634,BTO_0000492,CLO_0009149,PR_P18337
DMS 144,CL,-,CLO_0002904,CL_0000082,CL_0000236,UBERON_0002048,UBERON_0000062,-,BTO_0000058,PR_000001444,BTO_0001406,CLO_0003130,PR_000001444
GM12004,CL,CLO_0020480,CLO_0002764,CL_0000236,CL_0000000,UBERON_0000178,UBERON_0000000,-,BTO_0004557,-,-,CLO_0020480,-
P493-6_B-cell_lymphoma_SHCTR,CL,-,CLO_0000514,CL_0000236,CL_0000236,UBERON_0000178,UBERON_0000029,BTO_0003291,BTO_0000189,CL_0000236,BTO_0000785,DOID_0060058,PR_000003450
MCF-7_PMA,CL,CLO_0007606,CLO_0007872,CL_0002327,CL:null,UBERON_0000310,UBERON:null,BTO_0000093,BTO:0001230,UBERON_2005088,-,CLO_0007601,CL_0000096
TC71_SA2 KO,CL,CLO_0009879,CLO_0001909,CL_0001035,CL_0000000,UBERON_0002481,UBERON_0000000,BTO_0002604,BTO_0000200,-,-,CLO_0008938,-
LM2-4175,CL,-,CLO_0007950,CL_0002327,CL_0000182,UBERON_0000310,UBERON_0000178,-,BTO_0000899,-,-,CLO_0030046,-
VCaP_and_LTAD_cells,CL,-,CLO_0008005,CL_0002231,CL_0000000,UBERON_0002367,UBERON_0000000,-,BTO_0007214,CL_0002034,BTO_0003215,CLO_0037117,CL_0000676
MCF_10A,CL,CLO_0007599,CLO_0002871,CL_0002327,CL_0000000,UBERON_0000310,UBERON_0000000,BTO_0001939,BTO_0000204,UBERON_0002691,BTO_0001939,CLO_0007599,-
HS-ES-2R,CL,CLO_0050147,CLO_0008095,-,CL_0000057,-,UBERON_0000468,-,BTO_0006578,-,-,CLO_0003841,-
Jurkat ZBTB1 KO_ZBTB1_expressing FLAG-ZBTB1_Asparagine deprivation,CL,CLO_0007043,CLO_0009004,CL_0000084,CL_0000236,UBERON_0000178,UBERON_0001013,BTO_0000661,BTO_0002767,-,-,-,-
prostate carcinoma epithelial cell line 22Rv1,CL,CLO_0001200,CLO_0002211,CL_0002231,CL_0002321,UBERON_0002367,UBERON_0002367,BTO_0002999,BTO_0000568,CL_0002231,BTO_0002398,DOID_157,CL_0002231
EEB,CL,CLO_0051023,CLO_0001970,CL_0000764,CL_0000073,UBERON_0000178,UBERON_0018251,-,BTO_0000085,GO_0032059,BTO_0003276,CLO_0002867,GO_0032059
HTOA,CL,CLO_0051442,CLO_0000027,CL_0000313,CL_0000182,UBERON_0000992,UBERON_0034666,-,BTO_0002084,-,BTO_0005026,CLO_0004265,-
iPS_20b,CL,CLO_0037308,CLO_0008971,CL_0002248,CL_0000034,-,UBERON_0000955,-,BTO_0003242,UBERON_2001840,-,CLO_0001191,-
LX-2_hepatic_stellate_cells_TGFB1,CL,-,CLO_0050857,CL_0000632,CL_0002134,UBERON_0002107,UBERON_0002107,BTO_0003516,BTO_0003545,CL_0000632,BTO_0002741,CLO_0000085,CL_0000632
GM12878,CL,CLO_0022851,CLO_0003672,CL_0000236,CL_0000917,UBERON_0000178,UBERON_0000468,BTO_0006353,BTO_0000859,UBERON_0002878,BTO_0006353,CLO_0022851,-
t47d,CL,CLO_0009251,CLO_0000029,CL_0002327,CL_0000000,UBERON_0000310,UBERON_0000000,BTO_0001248,BTO_0000000,-,BTO_0001248,CLO_0009922,-
NCI-H1299_EGFP-NEO_reporter_cells_SAHA,CL,CLO_0007986,CLO_0007863,CL_0000082,CL_0002327,UBERON_0002048,UBERON_0000178,BTO_0002552,BTO_0002867,-,BTO_0002552,IAO_0000088,-
DLD-1_colon_adenocarcinoma,CL,CLO_0002785,CLO_0002887,CL_0011108,CL_0000182,UBERON_0001155,UBERON_0001155,BTO_0000391,BTO_0000181,UBERON_0001155,BTO_0000032,DOID_234,UBERON_0001155
GIST-T1_Gastrointestinal_stromal_tumor,CL,-,CLO_0007854,CL_0002319,CL_0000492,UBERON_0000945,UBERON_0002392,-,BTO_0002097,UBERON_0004908,BTO_0004111,DOID_77,UBERON_0004908
Colo320,CL,CLO_0002571,CLO_0002695,CL_0011108,CL_0000000,UBERON_0001155,UBERON_0000000,BTO_0002047,BTO_0000704,UBERON_0001155,BTO_0002047,CLO_0002571,UBERON_0001155
DKO1,CL,-,CLO_0050858,CL_0011108,CL_0000000,UBERON_0001155,UBERON_0000000,-,BTO_0001717,-,-,CLO_0002781,-
CC-LP-1_intrahepatic_cholangiocarcinoma,CL,-,CLO_0057675,CL_0000068,CL_0002322,UBERON_0002394,UBERON_0002110,BTO_0002933,BTO_0006526,CL_0002538,BTO_0001326,DOID_1852,CL_0002538
iPSCs,CL,CLO_0037308,CLO_0008364,CL_0002248,CL_0001032,-,UBERON_0000468,BTO_0006081,BTO_0001403,NCBITAXON_6447,BTO_0006081,-,CL_4040004
MCF10A,CL,CLO_0007599,CLO_0002871,CL_0002327,CL_0000000,UBERON_0000310,UBERON_0000000,BTO_0001939,BTO_0000271,UBERON_0002691,BTO_0001939,CLO_0007599,-
NCI-H226,CL,CLO_0008068,CLO_0002905,CL_0000082,CL_0000000,UBERON_0002048,UBERON_0000000,BTO_0003008,BTO_0000468,UBERON_0003226,BTO_0003008,CLO_0008068,-
MiaPaca2,CL,CLO_0007726,CLO_0002601,CL_0002079,CL_0000000,UBERON_0001264,UBERON_0000000,BTO_0002137,BTO_0000678,UBERON_0003882,BTO_0002138,CLO_0007726,-
COLO320HSR_DMSO,CL,CLO_0002571,CLO_0007694,CL_0011108,CL_0000000,UBERON_0001155,UBERON_0000000,BTO_0002047,BTO_0000229,UBERON_0001155,BTO_0002047,CLO_0002547,UBERON_0001155
T24_2_low,CL,CLO_0009245,CLO_0002764,CL_1001319,CL_0000000,UBERON_0001255,UBERON_0000000,BTO_0001345,BTO_0000330,PATO_0002078,BTO_0000635,CLO_0009245,PATO_0001796
H-EMC-SS,CL,CLO_0003701,CLO_0009915,CL_0000187,CL_0000236,UBERON_0005090,UBERON_0002048,-,BTO_0000419,-,-,CLO_0003581,-
HEL-R,CL,-,CLO_0007617,CL_0000988,CL_0000057,UBERON_0000178,UBERON_0002396,-,BTO_0000517,UBERON_8490023,BTO_0000565,CLO_0003679,-
TGBC2TKB,CL,CLO_0009348,CLO_0050850,CL_0000066,CL_0009017,UBERON_0002110,UBERON_0000483,-,BTO_0000218,-,-,-,-
MDA-BoM-1833,CL,-,CLO_0004182,CL_0002327,CL_0000000,UBERON_0000310,UBERON_0000000,-,BTO_0004762,-,BTO_0006442,CLO_0019981,-
HUES64 Cells,CL,-,CLO_0008636,CL_0002322,CL_0000000,UBERON_0000922,UBERON_0000000,-,BTO_0006704,-,BTO_0002158,CLO_0037316,-
SH-SY5Y_neuroblastoma_OVERMYCN_48H,CL,CLO_0009015,CLO_0007766,CL_0000031,CL_0002322,UBERON_0002371,UBERON_0000955,BTO_0000793,BTO_0002721,CL_0000031,BTO_0000931,EFO_0000621,CL_0000031
EndoC-BH1_SE,CL,-,CLO_0008982,CL_0000169,CL_0002060,UBERON_0001264,UBERON_0002048,-,BTO_0005837,UBERON_2001285,BTO_0000730,CL_0000163,UBERON_0005316
SH-SY5Y_neuroblastoma_OVERMYCN_24H,CL,CLO_0009015,CLO_0007017,CL_0000031,CL_0000740,UBERON_0002371,UBERON_0001017,BTO_0000793,BTO_0003811,CL_0000031,BTO_0000931,EFO_0000621,CL_0000031
liposarcoma cell line:SW 872,CL,CLO_0009201,CLO_0008884,CL_0000136,CL_0000000,UBERON_0002384,UBERON_0000000,BTO_0003743,BTO_0000246,CHEBI_35740,BTO_0003744,DOID_3382,-
U87_EGFRvIII_shFOXG1_FBS,CL,CLO_0009464,CLO:0007374,CL_0000127,CL:0000066,UBERON_0000955,UBERON:0000468,BTO_0002036,BTO:0000209,-,-,CLO_0037276,-
SK-MEL-5,CL,CLO_0009047,CLO_0007731,CL_0000148,CL_0000000,UBERON_0001003,UBERON_0000000,BTO_0002134,BTO_0000344,UBERON_2005211,BTO_0004475,CLO_0007670,UBERON_0001752
Jurkat_WT,CL,CLO_0007043,CLO_0000238,CL_0000084,CL_0000236,UBERON_0000178,UBERON_0001062,BTO_0000661,BTO_0000709,-,BTO_0000661,CLO_0007043,-
GM12868_female_B-cells,CL,CLO_0022827,CLO_0003678,CL_0000236,CL_0000236,UBERON_0000178,UBERON_0000178,-,BTO_0000702,CL_0000021,BTO_0001654,CLO_0022827,CL_0000021
THP-1_acute_monocytic_leukemia_CAL,CL,CLO_0009348,CLO_0000057,CL_0000576,CL_0000860,UBERON_0000178,UBERON_0000029,BTO_0001370,BTO_0000007,PR_000001898,BTO_0002420,DOID_8864,PR_000016043
HSSY2 shCt,CL,CLO_0050072,CLO_0051585,CL_0000214,CL_0000000,UBERON_0003668,UBERON_0000000,BTO_0006086,BTO_0000000,PR_A2VEC9,-,-,PR_P61278
MCF7_Invasive_ductal_breast_carcinoma_PROG,CL,CLO_0007606,CLO_0002871,CL_0002327,CL_0002328,UBERON_0000310,UBERON_0000310,BTO_0000093,BTO_0002138,UBERON_0000310,BTO_0002844,DOID_3008,UBERON_0000310
CAMA1 ER+/FGFR1-amplified,CL,CLO_0002194,CLO_0034244,CL_0002327,CL_0000000,UBERON_0000310,UBERON_0000000,BTO_0005022,BTO_0000170,PATO_0000402,-,-,CL_0004226
PLC\PRF\5,CL,CLO_0008458,CLO_0003318,CL_0000182,CL_0000010,UBERON_0002107,UBERON_0001071,BTO_0003492,BTO_0001046,-,BTO_0003492,CLO_0008458,ENSEMBL_ENSG00000114805
HUVEC_Umbilical_Vein_Endothelial_Cells,CL,CLO_0004307,CLO_0033261,CL_0002618,CL_0002618,UBERON_0002331,UBERON_0002071,BTO_0001949,BTO_0003569,CL_0002618,BTO_0004296,CLO_0000334,CL_0002618
MV-4-11,CL,CLO_0007906,CLO_0002703,CL_0000235,CL_0000000,UBERON_0000178,UBERON_0000000,BTO_0006413,BTO_0001034,UBERON_0004610,BTO_0004479,CLO_0007904,-
U251,CL,-,CLO_0002626,CL_0000125,CL_0000000,UBERON_0000955,UBERON_0000000,BTO_0006221,BTO_0000258,-,-,CLO_0035371,-
COLO-829_melanoma,CL,CLO_0002563,CLO_0009048,CL_0002620,CL_0000091,UBERON_0001003,UBERON_0002021,-,BTO_0002890,CL_0000148,BTO_0000848,CLO_0002563,CL_0002566
HUDEP-2_LRFKO,CL,-,CLO_0053064,CL_0000038,CL_2000017,UBERON_0012168,UBERON_0000178,-,BTO_0006335,-,-,-,-
T_D,CL,-,CLO_0019912,CL_0000084,CL_0000625,UBERON_0000178,UBERON_0000029,BTO_0000782,BTO_0001079,CL_0000502,-,CL_0000502,CL_0000502
LHSAR_prostate_epithelial_cells_HOXB13,CL,-,CLO_0002123,CL_0002231,CL_0002231,UBERON_0002367,UBERON_0002367,-,BTO_0000786,CL_0002231,BTO_0006252,UBERON_0000428,CL_0002231
SHEP with tetracycline inducible MYC_DOX_2HR,CL,-,CLO_0008921,CL_0000031,CL_0000000,UBERON_0001016,UBERON_0000000,BTO_0005397,BTO_0000000,CHEBI_36309,-,-,PR_000001860
Ca9-22,CL,CLO_0051380,CLO_0002372,CL_1001576,CL_0002327,UBERON_0000165,UBERON_0000000,BTO_0005204,BTO_0003964,UBERON_2000978,BTO_0004035,CLO_0003166,CL_0001042
GIST-48B,CL,-,CLO_0051268,CL_0002319,CL_0000000,UBERON_0001555,UBERON_0000000,-,BTO_0000000,-,-,CLO_0001382,-
GICAN,CL,CLO_0003492,CLO_0008967,CL_0000031,CL_0000846,UBERON_0001016,UBERON_0001950,-,BTO_0002868,PR_000001307,-,PR_000001307,PR_000001307
UM-RC-6,CL,-,CLO_0007622,CL_1000497,-,UBERON_0002113,-,-,BTO_0003670,CL_0000669,-,CLO_0001317,CL_0000669
HCC70_XY018,CL,CLO_0003658,CLO_0007780,CL_0002327,CL_0000000,UBERON_0000310,UBERON_0000000,BTO_0005963,BTO_0000213,-,BTO_0005963,CLO_0003658,-
UO-31,CL,-,CLO_0003685,CL_1000497,CL_0008001,UBERON_0002113,UBERON_0001062,BTO_0004234,BTO_0004535,UBERON_8490009,BTO_0004234,CLO_0003174,-
H3396_breast_carcinoma_ETOH,CL,-,CLO_0008506,CL_0002327,CL_0002327,UBERON_0000310,UBERON_0000310,-,BTO_0000184,UBERON_0000310,BTO_0000185,EFO_0000305,UBERON_0000310
GM19238,CL,CLO_0027146,CLO_0005008,CL_0000236,CL_0000000,UBERON_0000178,UBERON_0000000,-,BTO_0000661,UBERON_0005238,-,CLO_0027146,CHEBI_35238
serous cystadenocarcinoma cell line:HTOA,CL,CLO_0051442,CLO_0007987,CL_0000313,CL_0002322,UBERON_0000992,UBERON_0003517,-,BTO_0006176,CL_0000313,BTO_0004511,DOID_3603,CL_0000313
RMS209,CL,-,CLO_0050914,CL_0000737,CL_0000000,UBERON_0002036,UBERON_0000000,BTO_0001802,BTO_0000000,-,BTO_0003020,CLO_0035010,PR_000001300
RENVM,CL,-,CLO_0050738,CL_0011020,CL_0002390,UBERON_0000955,UBERON_0002113,-,BTO_0006091,PR_000013883,-,CLO_0008783,PR_000013883
GM23338,CL,-,CLO_0003183,CL_0002248,CL_0000000,UBERON_0001003,UBERON_0000000,-,BTO_0000627,-,-,CLO_0019784,-
EP156T_primary_prostate_cells,CL,-,CLO_0003134,CL_0002231,CL_0000598,UBERON_0002367,UBERON_0002367,-,BTO_0002467,GO_0060513,BTO_0001413,UBERON_0002367,GO_0060513
U937_adult_acute_monocytic_leukemia,CL,CLO_0009465,CLO_0000019,CL_0000576,CL_0000860,UBERON_0000178,UBERON_0000178,-,BTO_0001408,PR_000001898,BTO_0002420,DOID_8864,PR_000001898
MDA-MB-453,CL,CLO_0007640,CLO_0050855,CL_0002327,CL_0000000,UBERON_0000310,UBERON_0000000,BTO_0001908,BTO_0000220,GO_1904948,BTO_0001908,CLO_0007640,GO_1904948
H9_Null,CL,CLO_0003612,CLO_0002739,CL_0000084,CL_0000013,UBERON_0000178,UBERON_0006926,BTO_0001944,BTO_0002690,-,BTO_0004716,CLO_0003612,CL_0000585
HSKTC,CL,CLO_0051438,CLO_0000362,CL_2000064,CL_0000826,UBERON_0000992,UBERON_0000178,-,BTO_0000488,-,-,-,-
T_J,CL,-,CLO_0051451,CL_0000084,CL_0000905,UBERON_0000178,UBERON_0008967,BTO_0000782,BTO_0003639,UBERON_8490042,-,CLO_0006981,CL_0000084
22Rv1,CL,CLO_0001200,CLO_0002736,CL_0002231,CL_0000000,UBERON_0002367,UBERON_0000000,BTO_0002999,BTO_0003124,-,BTO_0002999,CLO_0001200,-
MCF7_Invasive_ductal_breast_carcinoma_E2_TNF,CL,CLO_0007606,CLO_0002871,CL_0002327,CL_0002325,UBERON_0000310,UBERON_0000310,BTO_0000093,BTO_0002138,UBERON_0000310,BTO_0002844,DOID_3008,GO_0032640
MV411,CL,CLO_0007906,CLO_0002974,CL_0000235,CL_0000000,UBERON_0000178,UBERON_0000000,BTO_0006413,BTO_0001560,-,BTO_0004479,CLO_0035591,PR_000001202
GM12869,CL,CLO_0022826,CLO_0007743,CL_0000236,CL_0000236,UBERON_0000178,UBERON_0000473,-,BTO_0003245,-,-,CLO_0022826,-
T47D_shCtrl_shRING1B_24hr,CL,CLO_0009251,CLO_0000186,CL_0002327,CL_0002322,UBERON_0000310,UBERON_0000468,BTO_0001248,BTO_0005201,-,-,-,-
HepaRG,CL,-,CLO_0051439,CL_0000182,CL_0000182,UBERON_0002107,UBERON_0002107,BTO_0005736,BTO_0003662,UBERON_0005605,BTO_0005736,CHEBI_24505,GO_0030210
GBM_4250_2,CL,-,CLO_0051015,CL_0000125,CL_0000002,UBERON_0000955,UBERON_0000955,BTO_0001530,BTO_0002724,-,-,DOID_3068,-
SK-MEL-23,CL,-,CLO_0007817,CL_2000000,CL_0000000,UBERON_0001003,UBERON_0000000,BTO_0005333,BTO_0002403,UBERON_2000730,BTO_0004475,CLO_0003167,-
UCSF_4,CL,-,CLO_0050844,CL_0002322,CL_0000057,UBERON_0000922,UBERON_0001062,-,BTO_0002869,UBERON_0001359,-,CLO_0004261,UBERON_0001359
MM1-S,CL,CLO_0037203,CLO_0002369,CL_0000945,CL_0000000,UBERON_0000178,UBERON_0000000,BTO_0003933,BTO_0001669,PR_000001898,BTO_0003933,CLO_0007751,PR_000001898
Cal27,CL,CLO_0002178,CLO_0007911,CL_0000076,CL_0000000,UBERON_0001723,UBERON_0000000,BTO_0000921,BTO_0002992,-,BTO_0000921,CLO_0002178,-
FL8,CL,-,CLO_0051030,CL_0000236,CL_0008019,UBERON_0000029,UBERON_0001096,-,BTO_0001306,-,BTO_0003327,CLO_0003362,-
OVCA429_shGRHL2,CL,-,CLO_0051326,CL_0000066,CL_0000000,UBERON_0000992,UBERON_0000000,BTO_0002564,BTO_0000749,-,BTO_0002564,CLO_0008279,-
GM18505,CL,CLO_0024913,CLO_0050029,CL_0000236,CL_0000057,UBERON_0000178,UBERON_0000468,-,BTO_0003679,-,BTO_0003589,CLO_0024913,CHEBI_24505
MCF7_Invasive_ductal_breast_carcinoma_E2_5M,CL,CLO_0007606,CLO_0002735,CL_0002327,CL_0002325,UBERON_0000310,UBERON_0000310,BTO_0000093,BTO_0000188,UBERON_0000310,BTO_0002844,DOID_3008,UBERON_0000310
LOX-IMVI,CL,-,CLO_0002431,CL_2000000,CL_0000000,UBERON_0001003,UBERON_0000000,-,BTO_0000581,-,BTO_0004151,CLO_0037130,-
HCT116_GLIS2.2-DMSO,CL,CLO_0003665,CLO_0050620,CL_0011108,CL_0000182,UBERON_0001155,UBERON_0000178,BTO_0001109,BTO_0001070,-,BTO_0001109,CLO_0003665,PR_000010317
DU145_prostate_carcinoma_FOXA1_ARQ6540X,CL,CLO_0002840,CLO_0002896,CL_0002231,CL_0000987,UBERON_0002367,UBERON_0002367,BTO_0001332,BTO_0000531,UBERON_0002367,BTO_0002021,DOID_10286,UBERON_0002367
P493-6_B-cell_lymphoma_CMYC_24H,CL,-,CLO_0006838,CL_0000236,CL_0000837,UBERON_0000178,UBERON_0000468,BTO_0003291,BTO_0004828,CL_0000236,BTO_0000785,DOID_0060058,PR_000003450
LS174T_colon_adenocarcinoma,CL,CLO_0007403,CLO_0007871,CL_0011108,CL_0000096,UBERON_0001155,UBERON_0001155,BTO_0001553,BTO_0000711,UBERON_0001155,BTO_0000032,DOID_234,UBERON_0001155
BCPAP_Poorly_differentiated_thyroid_gland_carcinoma,CL,CLO_0001906,CLO_0002714,CL_0002257,CL_0002326,UBERON_0002046,UBERON_0002046,BTO_0004736,BTO_0000363,UBERON_0002046,BTO_0001379,DOID_0080525,UBERON_0002046
carcinosarcoma cell line:JHUCS-1,CL,CLO_0050879,CLO_0002733,CL_0002149,CL_0000000,UBERON_0000995,UBERON_0000000,-,BTO_0000479,GO_0030017,BTO_0000197,DOID_3382,GO_0030017
LNCaP95_shARv7_DHT,CL,-,CLO_0051786,CL_0002231,CL_0002322,UBERON_0002367,UBERON_0002107,BTO_0006264,BTO_0000142,-,BTO_0006264,CLO_0001738,-
CRC_17A,CL,-,CLO_0000651,CL_0011108,CL_0009032,UBERON_0001155,UBERON_0000047,-,BTO_0002900,UBERON_0038697,BTO_0004022,CLO_0002897,-
hESC-1_Embryonic_stem_cells_DIFF_D2,CL,CLO_0037281,CLO_0037291,CL_0002322,CL_0002322,UBERON_0000922,UBERON_0000922,BTO_0006080,BTO_0001210,UBERON_0008816,BTO_0001086,CLO_0037279,CL_0002322
WA01_H1_human_embryonic_stem_cells,CL,-,CLO_0007664,CL_0002322,CL_0002328,UBERON_0000922,UBERON_0000104,BTO_0006060,BTO_0006008,UBERON_0000068,BTO_0001086,CLO_0037280,CL_0002322
LNCaP-C4-2,CL,-,CLO_0051423,CL_0002231,CL_0000000,UBERON_0002367,UBERON_0000000,BTO_0005672,BTO_0001909,UBERON_0006490,BTO_0001321,CLO_0037116,CL_0003021
MCF7_Invasive_ductal_breast_carcinoma_GLYC,CL,CLO_0007606,CLO_0002875,CL_0002327,CL_0002321,UBERON_0000310,UBERON_0001650,BTO_0000093,BTO_0000369,UBERON_0000310,BTO_0002844,DOID_3008,UBERON_0000310
J82,CL,CLO_0007006,CLO_0007960,CL_1001319,CL_0000000,UBERON_0001255,UBERON_0000000,BTO_0001671,BTO_0000216,-,-,CLO_0007006,-
LNCaP95_shGFP_DHT,CL,-,CLO_0009311,CL_0002231,CL_0002327,UBERON_0002367,UBERON_0004203,BTO_0006264,BTO_0002602,-,BTO_0006264,CLO_0001738,-
GM19239,CL,CLO_0027144,CLO_0037225,CL_0000236,CL_0000057,UBERON_0000178,UBERON_0001066,-,BTO_0002733,-,BTO_0003474,CLO_0027144,-
DLD1,CL,CLO_0002785,CLO_0003314,CL_0011108,CL_0000000,UBERON_0001155,UBERON_0000000,BTO_0000391,BTO_0000029,-,BTO_0000391,CLO_0002785,PR_000001838
ZR-75-1,CL,-,CLO_0007830,CL_0002327,CL:0000000,UBERON_0000310,UBERON:0000000,BTO_0003136,BTO:0000672,UBERON_8490047,BTO_0004919,CLO_0003213,PR_000001026
SK-MEL-5_DMSO_6h,CL,CLO_0009047,CLO_0006032,CL_0000148,CL_0000048,UBERON_0001003,UBERON_0000178,BTO_0002134,BTO_0002873,-,BTO_0004475,CLO_0007670,-
HaCaT_keratinocytes_caRAS_TGFB,CL,CLO_0053179,CLO_0004053,CL_0000312,CL_0000598,UBERON_0001003,UBERON_0001999,BTO_0000552,BTO_0002691,CL_0000312,BTO_0000667,CL_0000312,CL_0000312
LC-1F,CL,CLO_0050026,CLO_0011452,CL_0000076,CL_0000000,UBERON_0002048,UBERON_0000000,-,BTO_0002417,CL_0000453,BTO_0006379,CL_0000453,CL_0000453
PC3,CL,CLO_0008395,CLO_0003124,CL_0002231,CL_0002328,UBERON_0002367,UBERON_NA,BTO_0001061,BTO_0001037,UBERON_0006488,BTO_0002220,CLO_0007581,PR_000016004
MDA-MB-453_breast_adenocarcinoma_R1881_SICTR,CL,CLO_0007640,CLO_0002588,CL_0002327,CL_0000182,UBERON_0000310,UBERON_0001909,BTO_0001908,BTO_0002014,UBERON_0000310,BTO_0001912,DOID_3458,UBERON_0000310
8305C,CL,CLO_0001510,CLO_0037013,CL_0002257,CL_0002231,UBERON_0002046,UBERON_0002037,BTO_0000919,BTO_0000231,-,BTO_0000919,CLO_0001510,-
HUVEC,CL,CLO_0004307,CLO_0002619,CL_0002618,CL_0002619,UBERON_0002331,UBERON_0006810,BTO_0001949,BTO_0003042,CL_4030033,BTO_0001949,CLO_0004306,CL_4030033
ChTRT,CL,-,CLO_0037667,CL_0002252,CL_0002348,UBERON_0001043,UBERON_0001015,-,BTO_0003243,-,-,-,-
MM_1S,CL,CLO_0037203,CLO_0009199,CL_0000945,CL_0000057,UBERON_0000178,UBERON_0002037,BTO_0003933,BTO_0002847,PR_000001898,-,CLO_0037203,PR_000001898
M-MOK,CL,CLO_0051548,CLO_0050814,CL_0000553,CL_0000181,UBERON_0002371,UBERON_0008951,-,BTO_0000478,UBERON_8490049,BTO_0003600,CLO_0007437,CL_0003049
SK-UT-1,CL,CLO_0009065,CLO_0007830,CL_0000192,CL_NULL,UBERON_0001296,UBERON_NULL,BTO_0002034,BTO_0002483,UBERON_8440036,-,CLO_0009032,-
LNCaP_prostate_carcinoma_SICTR_TNFA,CL,CLO_0007365,CLO_0008071,CL_0002231,CL_0000182,UBERON_0002367,UBERON_0002367,BTO_0001321,BTO_0000223,UBERON_0002367,BTO_0002021,DOID_10286,UBERON_0002367
MFH-ino,CL,CLO_0050084,CLO_0003687,-,CL_0000000,UBERON_0002384,UBERON_0000000,-,BTO_0002790,-,-,-,PR_Q9H334
LNCaP_DHT_DMSO_6h,CL,CLO_0007365,CLO_0002588,CL_0002231,CL_0002327,UBERON_0002367,UBERON_0002367,BTO_0001321,BTO_0000244,-,BTO_0001321,CLO_0037116,-
KMS28BM,CL,-,CLO_0034184,CL_0000786,CL_0000000,UBERON_0000178,UBERON_0000000,-,BTO_0002112,-,BTO_0006459,CLO_0009842,-
bile duct carcinoma cell line:HuCCT1,CL,CLO_0050009,CLO_0000474,CL_0000068,CL_0000000,UBERON_0002394,UBERON_0000000,BTO_0003911,BTO_0000183,UBERON_0002394,BTO_0003909,DOID_4897,UBERON_0002394
Karpas-45,CL,CLO_0007067,CLO_0008466,CL_0000084,CL_0000000,UBERON_0000178,UBERON_0000000,-,BTO_0001118,UBERON_0001435,BTO_0002829,CLO_0007067,UBERON_0001435
WI-38,CL,CLO_0009594,CLO_0001933,CL_0002553,CL_0000066,UBERON_0002048,UBERON_0000468,BTO_0000458,BTO_0000209,UBERON_8490034,BTO_0000458,CLO_0009591,PR_000001408
Ca Ski,CL,CLO_0002165,CLO_0002404,CL_1001575,CL_0000000,UBERON_0000002,UBERON_0000000,BTO_0003109,BTO_0000186,UBERON_0000014,BTO_0003109,CLO_0002165,UBERON_0000014
OVCAR8_high_grade_ovarian_serous_adenocarcinoma,CL,-,CLO_0002871,CL_0000066,CL_0002320,UBERON_0000992,UBERON_0001230,BTO_0003054,BTO_0006051,UBERON_0001145,BTO_0003804,DOID_5744,UBERON_0001145
Hs 769.T,CL,CLO_0004103,CLO_0050863,CL_1000296,CL:null,UBERON_0000057,UBERON:null,-,BTO_0001202,-,BTO_0006376,CLO_0004103,-
MCF7_Invasive_ductal_breast_carcinoma_SICTR_E2,CL,CLO_0007606,CLO_0002871,CL_0002327,CL_0000182,UBERON_0000310,UBERON_0000310,BTO_0000093,BTO_0004344,UBERON_0000310,BTO_0002844,DOID_3008,UBERON_0000310
NCI-H446_no infection,CL,CLO_0008088,CLO_0003571,CL_0000082,CL_0000000,UBERON_0002048,UBERON_0000000,-,BTO_0000515,BSPO_0000400,BTO_0000152,CLO_0008088,-
BT-474_breast_invasive_ductal_carcinoma_HRG,CL,CLO_0002042,CLO_0002612,CL_0002327,CL_0002327,UBERON_0000310,UBERON_0000310,BTO_0001932,BTO_0000224,UBERON_0000310,BTO_0002844,DOID_3008,UBERON_0000310
MCF7L-P_0h,CL,-,CLO_0034291,CL_0002327,CL_0002323,UBERON_0000310,UBERON_0000160,-,BTO_0000627,CL_0002072,-,CLO_0007606,CL_0002072
SK-N-SH_neuroblastoma,CL,CLO_0009059,CLO_0007601,CL_0000031,CL_0002327,UBERON_0000955,UBERON_0000955,BTO_0001620,BTO_0002189,CL_0000031,BTO_0000931,EFO_0000621,CL_0000031
HCCLM3,CL,-,CLO_0050891,CL_0000182,CL_0000010,UBERON_0002107,UBERON_0000000,BTO_0004469,BTO_0005073,-,BTO_0004469,-,PR_P10147
U266B1,CL,CLO_0009458,CLO_0002144,CL_0000236,CL_0000000,UBERON_0000178,UBERON_0000000,-,BTO_0000225,-,-,CLO_0009458,-
OVCAR-3,CL,CLO_0008279,CLO_0002871,CL_0000066,CL_0000000,UBERON_0000992,UBERON_0000000,BTO_0000812,BTO_0002694,UBERON_0018377,BTO_0000812,CLO_0008279,-
SW620,CL,CLO_0009221,CLO_0007970,CL_0011108,CL_0000000,UBERON_0001155,UBERON_0000000,BTO_0000675,BTO_0001098,-,BTO_0000675,CLO_0009221,CHEBI_82620
TC-32,CL,-,CLO_0007375,-,CL_0000000,UBERON_0002204,UBERON_0000000,BTO_0004227,BTO_0002193,UBERON_8490008,BTO_0004227,CLO_0003175,CL_0000484
SNU16,CL,CLO_0009095,CLO_0007978,CL_0002178,CL_0000000,UBERON_0000945,UBERON_0000000,BTO_0004987,BTO_0001182,-,BTO_0004987,CLO_0009095,-
RPMI-8226,CL,-,CLO_0002674,CL_0000945,CL_0002322,UBERON_0000178,UBERON_0000000,-,BTO_0001101,-,BTO_0000726,CLO_0008873,-
GM06077,CL,CLO_0023602,CLO_0008149,CL_0000236,CL_0000000,UBERON_0000178,UBERON_0000000,-,BTO_0000303,UBERON_0006070,-,CLO_0023602,-
OCI-LY10_diffuse_large_B-cell_lymphoma,CL,-,CLO_0050834,CL_0000236,CL_0000236,UBERON_0000029,UBERON_0000029,-,BTO_0003108,UBERON_2000193,BTO_0002521,DOID_0060058,CL_4033027
hFOB_1_19_fetal_osteoblast,CL,CLO_0003737,CLO_0035348,CL_0000062,CL_0000765,UBERON_0002481,UBERON_0003656,BTO_0005224,BTO_0000998,CL_0000062,BTO_0001593,CL_0000062,CL_0000062
H441,CL,CLO_0008087,CLO_0008387,CL_0000158,CL_0000000,UBERON_0002048,UBERON_0000000,BTO_0001910,BTO_0002792,UBERON_0007441,BTO_0001910,CLO_0008087,-
MO91,CL,-,CLO_0000176,CL_0000763,CL_0000010,UBERON_0000178,UBERON_0000029,BTO_0005491,BTO_0000883,-,BTO_0005491,-,-
T3M-3,CL,CLO_0050641,CLO_0002587,CL_0000351,CL_0000000,UBERON_0000088,UBERON_0000000,-,BTO_0001261,-,BTO_0002864,-,CL_0000960
GM04648,CL,CLO_0018967,CLO_0009880,CL_0000236,CL:0000057,UBERON_0000178,UBERON_0000000,-,BTO:0000565,-,-,CLO_0018967,CL_1000464
UACC-62,CL,-,CLO_0002065,CL_2000000,CL_0000000,UBERON_0001003,UBERON_0000000,BTO_0004152,BTO_0001256,UBERON_8490045,BTO_0004152,CLO_0037135,-
normal intestinal epithelial cell line:FHs 74 Int,CL,CLO_0003245,CLO_0037366,CL_0002254,CL_0000066,UBERON_0002108,UBERON_0001279,-,BTO_0000565,CL_0002563,BTO_0005937,UBERON_0001277,CL_0002563
S462_PRC2 mutant,CL,-,CLO_0007717,CL_0000218,CL_0000000,UBERON_0001016,UBERON_0000000,-,BTO_0006361,-,-,-,-
FL10,CL,-,CLO_0000411,CL_0000236,CL_0000001,UBERON_0000029,UBERON_0001071,-,BTO_0000364,-,BTO_0004947,CLO_0003249,-
GM12878_Lymphoblastoid,CL,CLO_0022851,CLO_0003676,CL_0000236,CL_0000236,UBERON_0000178,UBERON_0002449,BTO_0006353,BTO_0000647,UBERON_0016392,BTO_0000773,CLO_0022851,CL_0017005
PC-9,CL,-,CLO_0050841,CL_0000082,CL_0000000,UBERON_0002048,UBERON_0000000,BTO_0005518,BTO_0000568,UBERON_0004608,-,CLO_0008390,CL_0002619
MOLM-13_empty vector,CL,CLO_0009848,CLO_0050589,CL_0000763,CL_0000000,UBERON_0000178,UBERON_0000000,BTO_0004175,BTO_0002903,-,BTO_0004175,CLO_0007342,-
IMR32,CL,CLO_0006948,CLO_0007784,CL_0000031,CL_0000000,UBERON_0000955,UBERON_0000000,BTO_0000934,BTO_0000914,-,BTO_0000934,CLO_0006948,-
iPS-15b Cells,CL,-,CLO_0007724,CL_0002248,CL_0000034,-,UBERON_0000468,-,BTO_0003082,UBERON_2001840,-,CLO_0001107,CL_1000597
LNCaP_prostate_carcinoma_SHFOXA1_R1881,CL,CLO_0007365,CLO_0007214,CL_0002231,CL_0000186,UBERON_0002367,UBERON_0002367,BTO_0001321,BTO_0002603,UBERON_0002367,BTO_0002021,DOID_10286,UBERON_0002367
IMR90_lung_fibroblasts_SENES_SHP53,CL,CLO_0006951,CLO_0008330,CL_0002553,CL_0000057,UBERON_0002048,UBERON_0002048,BTO_0001229,BTO_0002080,CL_0002553,BTO_0000764,CL_0000057,CL_0002553
V389,CL,-,CLO_0009375,CL_0011108,CL_0000942,UBERON_0001155,UBERON_0000381,-,BTO_1000152,-,-,CLO_0035671,CL_1000389
LNCaP_prostate_carcinoma_DHT24H_SHFOXA1,CL,CLO_0007365,CLO_0002566,CL_0002231,CL_0000182,UBERON_0002367,UBERON_0002367,BTO_0001321,BTO_0000759,UBERON_0002367,BTO_0002021,DOID_10286,UBERON_0002367
HL-60_CTRL,CL,CLO_0003775,CLO_0003058,CL_0000763,CL_0000182,UBERON_0000178,UBERON_0000468,BTO_0000738,BTO_0000158,-,BTO_0000738,DOID_8567,-
GIST882_Gastrointestinal_stromal_tumor,CL,-,CLO_0008903,CL_0002319,CL_0000184,UBERON_0001555,UBERON_0002105,-,BTO_0002866,UBERON_0004908,BTO_0004111,DOID_77,UBERON_0004908
T (PB),CL,-,CLO_0008239,CL_0000084,CL_2000019,UBERON_0000178,UBERON_0000178,BTO_0000782,BTO_0002184,CL_0002246,BTO_0001008,CL_0000084,CL_0002246
SKMEL30,CL,CLO_0009045,CLO_0003684,CL_0000148,CL:0000000,UBERON_0001003,UBERON:0000000,BTO_0002133,BTO:0000645,-,BTO_0006520,CLO_0037292,-
RL_WT_gRNA1,CL,CLO_0008828,CLO_0000947,CL_0000236,CL_0000003,UBERON_0000178,UBERON_0001062,BTO_0003230,BTO_0001597,BSPO_0000017,BTO_0003230,CLO_0008828,-
mesothelioma cell line:ACC-MESO-1,CL,CLO_0050082,CLO_0002534,CL_0002078,CL_0000000,UBERON_0000977,UBERON_0000000,BTO_0005907,BTO_0000180,CL_0000077,BTO_0002424,CL_0000077,CL_0000077
RH18,CL,-,CLO_0007872,CL_0002598,CL_0000000,UBERON_0004895,UBERON_0000000,BTO_0005380,BTO_0007678,-,BTO_0005380,-,-
GM06990,CL,CLO_0036556,CLO_0001096,CL_0000236,CL_0000000,UBERON_0000178,UBERON_0000000,-,BTO_0000000,-,BTO_0003491,CLO_0036556,CHEBI_16990
NB4,CL,CLO_0007947,CLO_0002286,CL_0000763,CL_0000000,UBERON_0000178,UBERON_0000000,BTO_0002136,BTO_0001166,-,BTO_0006043,CLO_0007948,ENSEMBL_ENSG00000206073
GP5d_colon_adenocarcinoma,CL,CLO_0003555,CLO_0001652,CL_0011108,CL_0000182,UBERON_0001155,UBERON_0001155,-,BTO_0000323,UBERON_0001155,BTO_0000032,DOID_234,UBERON_0001155
GM13977_female_B-cells,CL,CLO_0033829,CLO_0003684,CL_0000236,CL_0000236,UBERON_0000178,UBERON_0000178,-,BTO_0002887,CL_0000021,BTO_0001654,CLO_0033829,CL_0000021
M0-91_acute_myeloid_leukemia_27A_100UM,CL,-,CLO_0007771,CL_0000763,CL_0000236,UBERON_0000178,UBERON_0000178,BTO_0005491,BTO_0000335,CL_0000766,BTO_0001545,DOID_9119,PR_000014362
SUM149,CL,CLO_0009917,CLO_0007975,CL_0002327,CL_0000000,UBERON_0000310,UBERON_0000000,BTO_0005475,BTO_0001860,-,BTO_0005388,CLO_0009917,ENSEMBL_ENSG00000174948
H82,CL,CLO_0008118,CLO_0002461,CL_0000082,CL_2000008,UBERON_0002048,UBERON_0000000,BTO_0003026,BTO_0000066,-,BTO_0003026,CLO_0002775,-
AsPC1 WT,CL,CLO_0001756,CLO_0009201,CL_0000083,CL_0000000,UBERON_0001264,UBERON_0000000,BTO_0001864,BTO_0000201,-,BTO_0001864,CLO_0001756,-
MDAMB231,CL,CLO_0007634,CLO_0007606,CL_0002327,CL_0000000,UBERON_0000310,UBERON_0000000,BTO_0000815,BTO_0005105,-,BTO_0000815,CLO_0037291,-
iPS DF 6.9 cells,CL,CLO_0037308,CLO_0009053,CL_0002248,CL_0001034,-,UBERON_0000468,-,BTO_0003243,UBERON_2001840,-,CLO_0002755,CL_0002061
ES-I3 cells,CL,-,CLO_0014536,CL_0002322,CL_0002319,UBERON_0000922,UBERON_0000104,-,BTO_0003004,UBERON_2000711,BTO_0002896,CLO_0007138,CL_0000695
KYAE1,CL,-,CLO_0052713,CL_0002252,CL_0000057,UBERON_0001043,UBERON_0000104,-,BTO_0004401,-,-,-,-
HeLa_2_high,CL,CLO_0003684,CLO_0002538,CL_0002535,CL_0000000,UBERON_0000002,UBERON_0000000,BTO_0000567,BTO_0000171,UBERON_0000376,BTO_0000567,CLO_0003684,UBERON_0000376
MDA-MB-231,CL,CLO_0007634,CLO_0002600,CL_0002327,CL_0000000,UBERON_0000310,UBERON_0000000,BTO_0000815,BTO_0000488,GO_1904948,BTO_0000815,CLO_0037291,GO_1904948
A549 TEAD2 shRNA TGFb,CL,CLO_0001601,CLO_0002535,CL_0000082,CL_0000031,UBERON_0002048,UBERON_0004905,BTO_0000018,BTO_0000246,-,-,CLO_0001601,-
GM09237,CL,CLO_0012037,CLO_0003672,CL_0000236,CL_0000057,UBERON_0000178,UBERON_0000468,-,BTO_0000228,-,BTO_0003592,CLO_0012037,-
RT242,CL,-,CLO_0050954,-,CL_0002322,UBERON_0002113,UBERON_0000468,-,BTO_0001335,UBERON_0015242,-,CLO_0035381,-
NMFH-1,CL,CLO_0050023,CLO_0007978,CL_0000057,CL_0000000,UBERON_0001465,UBERON_0000000,-,BTO_0002871,-,-,CLO_0003096,PR_Q9H334
SNU484,CL,-,CLO_0007737,CL_0002659,CL_0000000,UBERON_0000945,UBERON_0000000,BTO_0003479,BTO_0001169,-,BTO_0003479,CLO_0035852,-
MCF10CA1a_breast_metastatic_epithelial_cells,CL,CLO_0007599,CLO_0002871,CL_0002327,CL_0002321,UBERON_0000310,UBERON_0000310,-,BTO_0001167,CL_0002327,BTO_0001211,CL_0000066,CL_0002327
kelly_DMSO_3h,CL,CLO_0007091,CLO_0002766,CL_0000031,CL_0002323,UBERON_0000955,UBERON_0000178,BTO_0006213,BTO_0000224,UBERON_0010938,BTO_0006213,CLO_0007091,-
gastric adenocarcinoma cell line:MKN45,CL,CLO_0037142,CLO_0002770,CL_0002659,CL:0009040,UBERON_0000945,UBERON:0000945,BTO_0002381,BTO:0003158,UBERON_0009870,BTO_0002380,DOID_3717,UBERON_0009870
BT20,CL,-,CLO_0003624,CL_0002327,CL_0000000,UBERON_0000310,UBERON_0000000,BTO_0001466,BTO_0000217,-,BTO_0001466,CLO_0001765,-
testicular germ cell embryonal carcinoma cell line:NEC14,CL,CLO_0051392,CLO_0034247,CL_0000015,CL_0002247,UBERON_0000473,UBERON_0000000,-,BTO_0002923,CL_0000039,BTO_0004229,DOID_5557,CL_0000039
SU-DHL-4,CL,CLO_0037061,CLO_0002496,CL_0000236,CL_0000000,UBERON_0000178,UBERON_0000000,BTO_0006462,BTO_0001037,-,BTO_0004076,DOID_8567,-
PrEC,CL,-,CLO_0050137,CL_0002231,CL_0002220,UBERON_0002367,UBERON_0002367,BTO_0005301,BTO_0000959,UBERON_0019320,BTO_0003160,CL_0011115,CL_0002401
IMR-90,CL,CLO_0006951,CLO_0001917,CL_0002553,CL_0000000,UBERON_0002048,UBERON_0000000,BTO_0001229,BTO_0000247,-,BTO_0001229,CLO_0006947,-
diffuse large B-cell lymphoma cell line:CTB-1,CL,CLO_0050077,CLO_0003632,CL_0000236,CL_0000236,UBERON_0000178,UBERON_0000465,-,BTO_0003005,UBERON_2000193,BTO_0006365,DOID_0060058,CL_4033027
NCI0075,CL,-,CLO_0050991,-,CL_0000057,UBERON_0001134,UBERON_0000029,-,BTO_0000014,UBERON_0007550,-,CLO_0034551,-
226LDM_normal_breast_luminal_cells,CL,-,CLO_0007341,CL_0002326,CL_0002323,UBERON_0000310,UBERON_0000310,-,BTO_0000208,UBERON_0000310,BTO_0005437,PATO_0000461,PATO_0000461
SW620_colon_adenocarcinoma,CL,CLO_0009221,CLO_0007777,CL_0011108,CL_0000182,UBERON_0001155,UBERON_0001155,BTO_0000675,BTO_0005081,UBERON_0001155,BTO_0000032,DOID_234,UBERON_0001155
KOPN-8,CL,CLO_0037178,CLO_0003654,CL_0000236,CL_0000000,UBERON_0000178,UBERON_0000000,-,BTO_0006794,-,BTO_0004944,CLO_0037178,-
OACM5.1,CL,-,CLO_0000264,CL_0002252,CL_0000034,UBERON_0001043,UBERON_0002370,-,BTO_0006377,-,-,-,-
NCI-H378_p8-15,CL,CLO_0008086,CLO_0003509,CL_0000082,CL_0000000,UBERON_0002048,UBERON_0000000,-,BTO_0000959,-,BTO_0003764,CLO_0008086,-
SW872_TAZ_CAMTA1,CL,CLO_0009201,CLO_0050851,CL_0000136,CL_0000000,UBERON_0002384,UBERON_0000000,BTO_0003743,BTO_0004851,PR_000007857,BTO_0003743,CLO_0037071,PR_000007857
adenocarcinoma cell line:IM95m,CL,-,CLO_0037170,CL_0002178,CL_0009045,UBERON_0000945,UBERON_0002395,-,BTO_0002845,CHEBI_16335,BTO_0000167,DOID_299,-
BJ,CL,CLO_0001980,CLO_0001613,CL_1001608,CL_0000515,UBERON_0001332,UBERON_0000948,BTO_0003807,BTO_0000197,CL_1001608,BTO_0003807,CLO_0001980,CL_1001608
RL95-2,CL,CLO_0008830,CLO_0009024,CL_0002149,-,UBERON_0001295,-,BTO_0004491,BTO_0000850,UBERON_0013734,BTO_0004491,CLO_0008830,-
Y79,CL,CLO_0009709,CLO_0002075,-,CL_0000000,UBERON_0000966,UBERON_0000000,-,BTO_0000753,-,-,CLO_0009709,PR_000001919
mesothelioma cell line:Mero-84,CL,-,CLO_0008005,CL_0000077,CL_0000000,UBERON_0002048,UBERON_0000000,-,BTO_0001234,CL_0000077,BTO_0002424,CL_0000077,CL_0000077
gm19240,CL,CLO_0027143,CLO_0037125,CL_0000236,CL_0000044,UBERON_0000178,UBERON_0001062,-,BTO_0003884,-,-,CLO_0027143,-
signet ring carcinoma cell line:NUGC-4,CL,CLO_0050789,CLO_0006059,CL_0002178,CL_0000000,UBERON_0000945,UBERON_0000000,BTO_0005917,BTO_0000763,GO_0023052,BTO_0000297,DOID_8025,GO_0023052
iPS_19.11,CL,CLO_0037308,CLO_0006274,CL_0002248,CL_0000034,-,UBERON_0000955,-,BTO_0002869,UBERON_2000977,-,CLO_0003163,UBERON_0009095
A549_dexamethasone_12h,CL,CLO_0001601,CLO_0000152,CL_0000082,CL_0000011,UBERON_0002048,UBERON_0000178,BTO_0000018,BTO_0000390,-,-,CLO_0001601,-
anaplastic large cell lymphoma cell line:Ki-JK,CL,-,CLO_0002801,CL_0000542,CL_0000759,UBERON_0000178,UBERON_0000468,-,BTO_0002892,CL_0002253,BTO_0004868,DOID_0050747,CL_0002253
H1 Derived Mesenchymal Stem Cells,CL,-,CLO_0031936,CL_0000134,CL_0000134,UBERON_0003104,UBERON_0004757,BTO_0003298,BTO_0001490,CL_0000134,BTO_0003298,CL_0000134,CL_0000134
H1 Derived Neuronal Progenitor Cultured Cells,CL,-,CLO_0037169,CL_0011020,CL_0000049,UBERON_0000922,UBERON_0001016,-,BTO_0003065,CL_0011026,BTO_0000214,CL_0000010,CL_0011020
Molt4,CL,CLO_0007825,CLO_0007677,CL_0000084,CL_0000000,UBERON_0000178,UBERON_0000000,BTO_0000873,BTO_0002560,GO_0042303,BTO_0004870,CLO_0007824,GO_0042303
squamous cell carcinoma cell line:T3M-5,CL,-,CLO_0007712,CL_0000076,CL:0002547,UBERON_0002046,UBERON:0000033,-,BTO:0003079,CL_0000076,BTO_0002024,DOID_1749,CL_0000076
SVOG3e_cells_Dox_12h_transduced with V5-FOXL2 C134W,CL,-,CLO_0011538,CL_0000501,CL_0002573,UBERON_0000992,UBERON_0000105,-,BTO_0001265,-,-,-,-
du145,CL,CLO_0002840,CLO_0002310,CL_0002231,CL_0000000,UBERON_0002367,UBERON_0000000,BTO_0001332,BTO_0000190,-,BTO_0001332,CLO_0002840,PR_000001254
leiomyoma cell line:10964C,CL,-,CLO_0009609,CL_0000192,CL_0000000,UBERON_0000995,UBERON_0000000,-,BTO_0000171,-,BTO_0002694,CLO_0023367,-
DAUDI,CL,CLO_0002708,CLO_0003694,CL_0000236,CL_0000945,UBERON_0000178,UBERON_0000000,BTO_0001561,BTO_0000211,UBERON_0001686,BTO_0001561,CLO_0002708,UBERON_0001686
BE2C_DMSO,CL,-,CLO_0007782,CL_0000031,CL_0000000,UBERON_0000955,UBERON_0000000,BTO_0004782,BTO_0002657,-,-,CLO_0001922,ENSEMBL_ENSG00000175063
MDA-MB-231-Erbeta_E2_TNFa,CL,CLO_0007634,CLO_0007700,CL_0002327,CL_0000000,UBERON_0000310,UBERON_0000000,BTO_0000815,BTO_0001578,-,-,-,-
DHL-9,CL,-,CLO_0030881,CL_0000236,CL_0000000,UBERON_0000178,UBERON_0000000,BTO_0001617,BTO_0000915,UBERON_0004608,BTO_0004076,DOID_8567,-
ZR_75_1,CL,-,CLO_0002551,CL_0002327,CL_0000000,UBERON_0000310,UBERON_0000000,BTO_0003136,BTO_0000820,UBERON_8490047,BTO_0004919,CLO_0003213,PR_000001026
U2OS_osteosarcoma_SHRCTR,CL,CLO_0009454,CLO_0002759,CL_0001035,CL_0000342,UBERON_0002481,UBERON_0003832,BTO_0001938,BTO_0000824,PR_P01101,BTO_0000970,EFO_0000637,PR_P01101
LNCaP_prostate_carcinoma_SIFOXA1_TNFA,CL,CLO_0007365,CLO_0002764,CL_0002231,CL_0000182,UBERON_0002367,UBERON_0002367,BTO_0001321,BTO_0001096,UBERON_0002367,BTO_0002021,DOID_10286,UBERON_0002367
NCI-H1963,CL,CLO_0008034,CLO_0007769,CL_0000082,CL_0000000,UBERON_0002048,UBERON_0000000,BTO_0005976,BTO_0005826,-,BTO_0005976,CLO_0008034,-
BIN-67_SMARCA4.T910M,CL,-,CLO_0002225,-,CL_0000007,UBERON_0000992,UBERON_0000463,-,BTO_0000227,UBERON_0003884,BTO_0005818,-,UBERON_0003884
JR1 shCtrl,CL,-,CLO_0050309,-,CL_0000000,UBERON_0005090,UBERON_0000000,-,BTO_0000000,-,-,-,-
EndoC-BH1_human_pancreatic_beta_cell_line,CL,-,CLO_0037161,CL_0000169,CL_0000169,UBERON_0001264,UBERON_0001264,-,BTO_0004509,CL_0000169,BTO_0000716,UBERON_0000016,CL_0000169
Burkitt's lymphoma cell line:RAJI,CL,CLO_0008734,CLO_0000285,CL_0000236,CL_0000000,UBERON_0000178,UBERON_0000000,BTO_0001154,BTO_0000221,NCBITAXON_7858,BTO_0000889,DOID_8584,PR_000001209
retinoblastoma cell line:Y79,CL,CLO_0009709,CLO_0007713,-,CL_0000000,UBERON_0000966,UBERON_0000000,-,BTO_0000293,CL_0009004,BTO_0002919,DOID_768,CL_4023129
Colo205,CL,CLO_0002544,CLO_0003156,CL_0011108,CL_0000000,UBERON_0001155,UBERON_0000000,BTO_0000179,BTO_0003087,UBERON_0001155,BTO_0000179,CLO_0002544,PR_000001026
ONE58,CL,-,CLO_0009205,CL_1000491,CL_0000000,UBERON_0000977,UBERON_0000000,-,BTO_0003463,UBERON_0000106,-,UBERON_0000106,UBERON_0000106
HASM2_Human_airway_smooth_muscle_2,CL,-,CLO_0022672,CL_0000192,CL_0000353,UBERON_0004225,UBERON_0000383,-,BTO_0000614,UBERON_0000953,BTO_0001260,UBERON_0001135,UBERON_0001135
A549_0h_sciCAR,CL,CLO_0001601,CLO_0000011,CL_0000082,CL_0000115,UBERON_0002048,UBERON_0000178,BTO_0000018,BTO_0000014,-,BTO_0005816,CLO_0001601,-
JEG-3,CL,CLO_0007017,CLO_0007572,CL_0000066,CL_NULL,UBERON_0001987,UBERON_NULL,BTO_0002269,BTO_0000253,UBERON_2002106,BTO_0002269,CLO_0007017,CL_0000815
KM12SM,CL,-,CLO_0003121,CL_0011108,CL_0002319,UBERON_0001155,UBERON_0000479,-,BTO_0002732,-,-,CLO_0009965,-
786-O_empty_vector,CL,CLO_0001486,CLO_0009758,CL_1000497,CL_0000000,UBERON_0002113,UBERON_0000000,-,BTO_0000565,-,-,-,-
acute myeloid leukemia (FAB M7) cell line:M-MOK,CL,CLO_0051548,CLO_0002610,CL_0000553,CL_0000000,UBERON_0002371,UBERON_0000000,-,BTO_0001258,CL_0000763,BTO_0001883,DOID_9119,PR_000014362
TC-797,CL,-,CLO_0003673,CL_0000076,CL_0000000,UBERON_0002370,UBERON_0000000,-,BTO_0004348,UBERON_0015797,-,CLO_0023712,CL_0000484
A375,CL,CLO_0001582,CLO_0002766,CL_2000000,CL_0000000,UBERON_0001003,UBERON_0000000,BTO_0002806,BTO_0000005,UBERON_0006478,BTO_0002806,CLO_0001581,-
U-937 DE-4,CL,CLO_0050122,CLO_0002730,CL_0000576,CL_0000236,UBERON_0000178,UBERON_0000468,BTO_0001412,BTO_0000223,-,BTO_0001412,CLO_0009450,-
T3M4 wt,CL,CLO_0050113,CLO_0051583,CL_0000083,CL_0000048,UBERON_0001264,UBERON_0001062,BTO_0002864,BTO_0000890,-,BTO_0002864,CLO_0007481,-
HepG2 hepatocellular carcinoma,CL,CLO_0003704,CLO_0002043,CL_0000182,CL_0000182,UBERON_0002107,UBERON_0008954,BTO_0000599,BTO_0000664,CL_0000182,BTO_0000608,DOID_684,CL_0000182
MCF7_FASR,CL,CLO_0007606,CLO_0007658,CL_0002327,CL_0000000,UBERON_0000310,UBERON_0000000,BTO_0000093,BTO_0000471,UBERON_0006908,BTO_0002930,CLO_0007606,UBERON_0006908
U-937,CL,CLO_0009465,CLO_0002341,CL_0000576,CL_0000946,UBERON_0000178,UBERON_0000468,-,BTO_0002149,-,BTO_0001412,CLO_0009450,CHEBI_9937
CLB-GA-control,CL,-,CLO_0002686,CL_0000031,CL_0000000,UBERON_0001016,UBERON_0000000,-,BTO_0000297,GO_0003071,-,PATO_0001690,GO_0003071
DUCaP_prostate_carcinoma,CL,-,CLO_0007820,CL_0002231,CL_0002322,UBERON_0002367,UBERON_0002367,-,BTO_0006027,UBERON_0002485,BTO_0002021,DOID_10286,UBERON_0002485
lung adenocarcinoma cell line:PC-14,CL,CLO_0008394,CLO_0050620,CL_0000082,CL_0000359,UBERON_0002048,UBERON_0008952,BTO_0002877,BTO_0002834,UBERON_0002048,BTO_0001911,DOID_3910,UBERON_0002048
NCCIT_testicular_embryonic_carcinoma,CL,CLO_0007955,CLO_0009061,CL_0002248,CL_0009001,UBERON_0005051,UBERON_0000473,BTO_0004180,BTO_0006708,UBERON_0001144,BTO_0005511,DOID_3308,UBERON_0001144
293T_2_high,CL,CLO_0037372,CLO_0000018,CL_0002518,CL_0000453,UBERON_0002113,UBERON_0000468,BTO_0002181,BTO_0000703,UBERON_0000376,BTO_0001376,UBERON_0000376,UBERON_0000376
MDA-MB-453_breast_adenocarcinoma_DHT,CL,CLO_0007640,CLO_0003278,CL_0002327,CL_0002320,UBERON_0000310,UBERON_0000310,BTO_0001908,BTO_0000225,UBERON_0000310,BTO_0001912,DOID_3458,UBERON_0000310
JB6_Human_anaplastic_large_cell_lymphoma,CL,-,CLO_0007324,CL_0000542,CL_0001053,UBERON_0000178,UBERON_0002394,-,BTO_0000118,NCBITAXON_9606,BTO_0002505,DOID_0050747,NCBITAXON_9606
HUVEC-C_HUVEC_umbilical_vein_endothelial_cells_TNF_0M,CL,CLO_0004307,CLO_0002695,CL_0002618,CL_0002618,UBERON_0002331,UBERON_0002060,BTO_0001949,BTO_0000232,CL_0002618,BTO_0004296,CLO_0000780,CL_0002618
SK-N-MC_Askin_tumor_SHGFP_96H,CL,CLO_0009058,CLO_0007028,CL_0000031,CL_0002325,UBERON_0000955,UBERON_0002688,BTO_0002914,BTO_0000558,UBERON_0000014,BTO_0004260,DOID_0050608,UBERON_0000014
gm19238,CL,CLO_0027146,CLO_0000194,CL_0000236,CL_0000000,UBERON_0000178,UBERON_0000000,-,BTO_0000225,UBERON_0005238,-,CLO_0027146,CHEBI_35238
H1-NPC,CL,-,CLO_0037294,CL_0011020,CL_0006097,UBERON_0000922,UBERON_0002028,-,BTO_0005579,UBERON_0001965,BTO_0005498,CLO_0037518,PATO_0070030
H3396_breast_carcinoma,CL,-,CLO_0002712,CL_0002327,CL_0002325,UBERON_0000310,UBERON_0000310,-,BTO_0000186,UBERON_0000310,BTO_0000185,DOID_3459,UBERON_0000310
MCF-10A,CL,CLO_0007599,CLO_0050084,CL_0002327,CL_0000000,UBERON_0000310,UBERON_0000000,-,BTO_0001237,UBERON_0002691,BTO_0001939,CLO_0007599,-
CRL-7250,CL,-,CLO_0003893,CL_0000057,CL_0000000,UBERON_0002384,UBERON_0000000,-,BTO_0002889,-,-,CLO_0014397,-
WPMY-1,CL,CLO_0009628,CLO_0050826,CL_0002622,CL_0000000,UBERON_0002367,UBERON_0000000,BTO_0003708,BTO_0002044,-,BTO_0003708,CLO_0009628,-
ps15-u2os-eto,CL,CLO_0009454,CLO_0009018,CL_0001035,CL_0000266,UBERON_0002481,UBERON_0000468,BTO_0001938,BTO_0000014,-,-,CLO_0008498,-
T24_1_low,CL,CLO_0009245,CLO_0002873,CL_1001319,CL:0000003,UBERON_0001255,UBERON_0002384,BTO_0001345,BTO:0003205,PATO_0002078,BTO_0000635,CLO_0009245,PATO_0001796
SW-13,CL,CLO_0009209,CLO_0007946,CL_1001601,CL_0000000,UBERON_0009753,UBERON_0000000,-,BTO_0002849,UBERON_2000975,-,CLO_0009185,PR_000001206
HPBALL,CL,CLO_0003817,CLO_0007393,CL_0000084,CL_0000057,UBERON_0000178,UBERON_0000178,BTO_0001952,BTO_0001603,UBERON_2000006,BTO_0001952,CLO_0003817,UBERON_0036925
A-375,CL,CLO_0001582,CLO_0002874,CL_2000000,CL_0000000,UBERON_0001003,UBERON_0000000,BTO_0002806,BTO_0000014,-,BTO_0002806,CLO_0001544,-
SK-BR-3_breast_adenocarcinoma_EGF,CL,CLO_0009034,CLO_0003684,CL_0002327,CL_0000186,UBERON_0000310,UBERON_0001911,BTO_0002419,BTO_0000284,UBERON_0000310,BTO_0001912,DOID_3458,UBERON_0000310
RCC_7860_Renal_cell_carcinoma,CL,CLO_0001486,CLO_0007980,CL_1000497,CL_0009026,UBERON_0002113,UBERON_0001727,-,BTO_0002108,UBERON_0005215,BTO_0000037,DOID_4450,UBERON_0005215
HUES8 WT,CL,-,CLO_0002096,CL_0002322,CL_0000034,UBERON_0000922,UBERON_0000468,-,BTO_0003121,-,BTO_0002158,CLO_0009865,-
B-CPAP,CL,CLO_0001906,CLO_0007854,CL_0002257,CL_N/A,UBERON_0002046,UBERON_N/A,BTO_0004736,BTO_0000517,-,BTO_0004736,CLO_0002599,-
esc-h1-3il,CL,CLO_0037281,CLO_0003676,CL_0002322,CL_0002322,UBERON_0000922,UBERON_0000468,BTO_0006080,BTO_0003191,-,-,CLO_0037281,CL_0002322
iPS-18 Cells,CL,-,CLO_0009256,CL_0002248,CL_0001034,-,UBERON_0000470,-,BTO_0003247,UBERON_2000795,-,CLO_0003162,CL_1000597
SF9402,CL,-,CLO_0009059,-,CL_0000000,UBERON_0000955,UBERON_0000000,-,BTO_0005035,-,BTO_0000678,CLO_0011854,-
NKM-1,CL,CLO_0009850,CLO_0003054,CL_0000763,CL_0000000,UBERON_0000178,UBERON_0000000,-,BTO_0000563,UBERON_3010310,-,CLO_0009850,CL_0000623
IMR-90_senescent,CL,CLO_0006951,CLO_0008238,CL_0002553,CL_0000000,UBERON_0002048,UBERON_0000000,BTO_0001229,BTO_0000348,GO_0003142,BTO_0002068,-,PATO_0001870
OPK,CL,-,CLO_0000651,CL_1000497,CL_0000540,UBERON_0002113,UBERON_0014258,-,BTO_0001588,PATO_0000610,-,CLO_0008447,PATO_0000610
SK-N-BE_2_-C_resistant_vehicle,CL,CLO_0009053,CLO_0007781,CL_0000031,CL_0000000,UBERON_0001016,UBERON_0000000,BTO_0004782,BTO_0000207,GO_0031982,-,GO_0031982,GO_0031982
GM06170_fetal_skin_fibroblasts,CL,CLO_0023567,CLO_0004569,CL_0002620,CL_0002578,UBERON_0001003,UBERON_0000015,-,BTO_0001236,CL_0002620,BTO_0001255,CL_0002620,CL_0002620
U2OS_siNC,CL,CLO_0009454,CLO_0007764,CL_0001035,CL_0000182,UBERON_0002481,UBERON_0000468,BTO_0001938,BTO_0003103,UBERON_0002342,-,UBERON_0002342,-
H1_Derived_Neuronal_Progenitor_Cultured_Cells,CL,-,CLO_0007433,CL_0011020,CL_0007054,UBERON_0000922,UBERON_0001016,-,BTO_0005885,CL_0011026,BTO_0000214,CL_0000010,CL_0011020
Hs 132.T,CL,CLO_0003848,CLO_0007362,CL_0000057,CL_0000000,UBERON_0002384,UBERON_0000000,-,BTO_0006879,-,BTO_0004879,CLO_0007140,-
leiomyoma cell line:15425,CL,-,CLO_0007844,CL_0000192,CL_0000000,UBERON_0000995,UBERON_0000000,-,BTO_0000869,CL_0002366,BTO_0002694,CLO_0014245,-
H9_Null+EZH2,CL,CLO_0003612,CLO_0007284,CL_0000084,CL_0000236,UBERON_0000178,UBERON_0000468,BTO_0001944,BTO_0002871,-,BTO_0004716,CLO_0003612,CL_0000585
H1-ESC,CL,CLO_0037281,CLO_0003671,CL_0002322,CL_0002139,UBERON_0000922,UBERON_0000105,BTO_0006080,BTO_0002372,UBERON_0022254,BTO_0006080,CLO_0037281,CL_0002322
RS4_11_DMSO_4h,CL,CLO_0008883,CLO_0004053,CL_0000945,CL_0000055,UBERON_0002371,UBERON_0000468,BTO_0004505,BTO_0002753,-,BTO_0004505,CLO_0008883,-
H69_TGF beta_16h_1,CL,CLO_0008105,CLO_0003120,CL_0000082,CL_0002319,UBERON_0002048,UBERON_0005764,BTO_0003022,BTO_0003639,-,-,CLO_0003609,-
MOLT-4,CL,CLO_0007825,CLO_0007766,CL_0000084,CL_0000011,UBERON_0000178,UBERON_0001062,BTO_0000873,BTO_0000778,UBERON_7500055,BTO_0004870,CLO_0007824,GO_0042303
CCLP1,CL,-,CLO_0037224,CL_0000068,CL_0000000,UBERON_0002394,UBERON_0000000,BTO_0002933,BTO_0007001,-,BTO_0002933,CLO_0007380,PR_000001860
MM1S,CL,CLO_0037203,CLO_0002689,CL_0000945,CL_0000000,UBERON_0000178,UBERON_0000000,BTO_0003933,BTO_0002769,PR_000001898,BTO_0003933,CLO_0037203,PR_000001898
1_H1_ESCs_with_99_fibroblsat,CL,CLO_0037281,CLO_0007684,CL_0002322,CL_0002322,UBERON_0000922,UBERON_0002048,BTO_0006080,BTO_0000199,CL_0000057,BTO_0000452,CL_0000057,CL_0000057
UCLA1-hESCs,CL,-,CLO_0034603,CL_0002322,CL_0000034,UBERON_0000922,UBERON_0000468,-,BTO_0003249,NCBITAXON_6447,BTO_0006080,CLO_0007227,-
chronic lymphocytic leukemia (T-CLL) cell line:SKW-3,CL,CLO_0009068,CLO_0007653,CL_0000084,CL_0000832,UBERON_0000178,UBERON_0002046,BTO_0006057,BTO_0000565,PR_000016043,BTO_0001546,DOID_1040,PR_000016043
HCC1954_Parental,CL,CLO_0003647,CLO_0007781,CL_0002327,CL_0000000,UBERON_0000310,UBERON_0000000,BTO_0005368,BTO_0006571,CHEBI_33245,BTO_0005368,CLO_0003647,UBERON_0008987
MCF7_WS8_cells,CL,-,CLO_0002971,CL_0002327,CL_0000000,UBERON_0000310,UBERON_0000000,-,BTO_0000292,-,-,CLO_0007606,-
M112,CL,-,CLO_0002752,CL_0001035,CL_0000542,UBERON_0002481,UBERON_6007329,-,BTO_0000800,UBERON_0004112,BTO_0003724,CLO_0022973,CL_0003044
SET2_Adult_acute_megakaryoblastic_leukemia_Homo_Sapiens,CL,-,CLO_0032129,CL_0000553,CL_0000842,UBERON_0002371,UBERON_0000178,-,BTO_0005376,NCBITAXON_9606,BTO_0004963,NCBITAXON_9606,NCBITAXON_9606
OCI_LY7,CL,-,CLO_0009829,CL_0000236,CL_0000000,UBERON_0000178,UBERON_0000000,BTO_0006414,BTO_0005639,-,BTO_0006414,CLO_0009854,PR_000001026
DND41,CL,CLO_0009834,CLO_0002886,CL_0000084,CL_0000236,UBERON_0000178,UBERON_0001062,-,BTO_0002168,PR_000009127,-,CLO_0009834,PR_000009127
HEK293A_empty-vector_DMSO_6h,CL,CLO_0001230,CLO_0000010,CL_0002518,CL_0000182,UBERON_0002113,UBERON_0000106,BTO_0000007,BTO_0002769,-,BTO_0002524,CLO_0001230,-
BLUE1,CL,-,CLO_0052629,CL_0000236,CL_0000213,UBERON_0000178,UBERON_0000468,-,BTO_0002985,UBERON_0002148,-,CLO_0037268,UBERON_0002148
ES-I3_Cell_Line,CL,-,CLO_0006919,CL_0002322,CL_0002328,UBERON_0000922,UBERON_0016887,-,BTO_0000514,CL_0000039,BTO_0000374,CLO_0000001,CL_0007015
hepatocellular carcinoma cell line: HepG2 ENCODE biol_rep2,CL,CLO_0003704,CLO_0001911,CL_0000182,CL_1001607,UBERON_0002107,UBERON_0002107,BTO_0000599,BTO_0000759,CL_0000182,BTO_0000578,DOID_684,CL_0000182
BxPC3_sgNEG,CL,CLO_0002065,CLO_0007975,CL_0000083,CL_0000000,UBERON_0001264,UBERON_0000000,BTO_0001861,BTO_0001798,-,BTO_0001861,CLO_0002065,-
H9 Derived Neuron Cultured Cells,CL,-,CLO_0034472,CL_0000540,CL_0000115,UBERON_0001016,UBERON_0014892,-,BTO_0005715,CL_0000029,BTO_0000214,CL_0000010,CL_0000010
CLL1252,CL,-,CLO_0003673,CL_0000542,CL_0000236,UBERON_0000178,UBERON_0000345,-,BTO_0002124,-,BTO_0004336,CLO_0026320,-
HUES48,CL,-,CLO_0050928,CL_0002322,CL_0000057,UBERON_0000922,UBERON_0000468,-,BTO_0002750,-,BTO_0002158,CLO_0037316,-
RH4_sgBRG1,CL,-,CLO_0009412,CL_0002598,CL_0000000,UBERON_0004895,UBERON_0000000,BTO_0005381,BTO_0000000,-,-,-,PR_000001844
M0-91_acute_myeloid_leukemia,CL,-,CLO_0050852,CL_0000763,CL_0002360,UBERON_0000178,UBERON_0000178,BTO_0005491,BTO_0006519,CL_0000766,BTO_0001545,DOID_9119,PR_000014362
KOPT-K1,CL,-,CLO_0051281,CL_0000084,CL_0000000,UBERON_0000178,UBERON_0000000,BTO_0004964,BTO_0003704,-,BTO_0004964,CLO_0007052,-
LHSAR_prostate_epithelial_cells_LACZ,CL,-,CLO_0002341,CL_0002231,CL_0002231,UBERON_0002367,UBERON_0002367,-,BTO_0005180,CL_0002231,BTO_0006252,UBERON_0000428,CL_0002231
HeLa-B2_TA,CL,-,CLO_0005922,CL_0002535,CL_0000000,UBERON_0000002,UBERON_0000000,-,BTO_0000219,CL_0000822,BTO_0000567,CLO_0003684,CL_0000822
293 HEK,CL,CLO_0001230,CLO_0000011,CL_0002518,CL_0000057,UBERON_0002113,UBERON_0000468,BTO_0000007,BTO_0004145,-,BTO_0000007,CLO_0001230,CL_1000293
PC-3,CL,CLO_0008395,CLO_0007772,CL_0002231,CL_0002325,UBERON_0002367,UBERON_0000000,BTO_0001061,BTO_0000428,UBERON_0001965,BTO_0005498,CLO_0008390,CL_0002619
heat shocked K562,CL,CLO_0007059,CLO_0007774,CL_0000763,CL_0000182,UBERON_0002371,UBERON_0000479,BTO_0000664,BTO_0001135,-,-,CLO_0007060,-
MCF7_Invasive_ductal_breast_carcinoma_MRNAHIST,CL,CLO_0007606,CLO_0002329,CL_0002327,CL_0002328,UBERON_0000310,UBERON_0000310,BTO_0000093,BTO_0000188,UBERON_0000310,BTO_0002844,DOID_3008,UBERON_0000310
LNCaP_prostate_carcinoma_SHCTR,CL,CLO_0007365,CLO_0002323,CL_0002231,CL_0002057,UBERON_0002367,UBERON_0002367,BTO_0001321,BTO_0003216,UBERON_0002367,BTO_0002021,DOID_10286,UBERON_0002367
MDA-MB-134-VI,CL,CLO_0007631,CLO_0003097,CL_0002327,CL_0000000,UBERON_0000310,UBERON_0000000,-,BTO_0000851,UBERON_0016856,BTO_0001083,CLO_0003120,GO_1904948
hESC-1_Embryonic_stem_cells_PRIMED,CL,CLO_0037281,CLO_0009566,CL_0002322,CL_0002322,UBERON_0000922,UBERON_0000922,BTO_0006080,BTO_0001824,UBERON_0008816,BTO_0001086,CLO_0037279,CL_0002322
K-562,CL,CLO_0007059,CLO_0000903,CL_0000763,CL_0002372,UBERON_0002371,UBERON_0000468,BTO_0000664,BTO_0000201,CL_4023187,BTO_0000664,CLO_0007050,CL_4023187
P493-6,CL,-,CLO_0008269,CL_0000236,CL_0000169,UBERON_0000178,UBERON_0008951,BTO_0003291,BTO_0001239,-,BTO_0003291,CLO_0035875,-
BC3_TPA_4H,CL,CLO_0001891,CLO_0051913,CL_0000236,CL_0000233,UBERON_0000178,UBERON_0002384,BTO_0002722,BTO_0002370,-,BTO_0000115,CLO_0001890,-
TC71_WT,CL,CLO_0009879,CLO_0007084,CL_0001035,CL_0000000,UBERON_0002481,UBERON_0000000,BTO_0002604,BTO_0003084,-,BTO_0002604,CLO_0009879,-
SW403,CL,CLO_0009215,CLO_0008654,CL_0011108,CL_0000000,UBERON_0001155,UBERON_0000000,BTO_0000033,BTO_0005982,-,BTO_0000033,CLO_0009215,CL_1000403
GM10266_male_B-cells,CL,CLO_0029187,CLO_0000227,CL_0000236,CL_0000236,UBERON_0000178,UBERON_0000468,-,BTO_0002471,CL_0000015,BTO_0001655,CLO_0029187,CL_0000015
WA01,CL,-,CLO_0041826,CL_0002322,CL_2000010,UBERON_0000922,UBERON_0002320,BTO_0006060,BTO_0005084,-,BTO_0006060,CLO_0026333,-
A549 TGFb,CL,CLO_0001601,CLO_0000511,CL_0000082,CL_0002131,UBERON_0002048,UBERON_0000468,BTO_0000018,BTO_0000007,-,BTO_0005816,CLO_0001601,-
small-cell gastrointestinal carcinoma cell line:ECC4,CL,CLO_0051398,CLO_0006979,CL_0002253,CL_0000000,UBERON_0001052,UBERON_0000000,-,BTO_0003200,UBERON_0002108,BTO_0005544,DOID_77,UBERON_0002108
GM19239_male_B-cells_lymphoblastoid_cell_line,CL,CLO_0027144,CLO_0002452,CL_0000236,CL_0000236,UBERON_0000178,UBERON_0000029,-,BTO_0000274,UBERON_0016392,BTO_0000773,CLO_0027144,CL_0017005
MDA-MB-361,CL,CLO_0007636,CLO_0007701,CL_0002327,CL_2000044,UBERON_0000310,UBERON_0000000,BTO_0001569,BTO_0000401,GO_1904948,BTO_0001569,CLO_0007636,GO_1904948
CAPAN1,CL,CLO_0002197,CLO_0007876,CL_0002079,CL_0000000,UBERON_0000017,UBERON_0000000,BTO_0002744,BTO_0000240,NCBITAXON_9596,BTO_0002744,CLO_0002197,CL_0000960
MCF7L-P,CL,-,CLO_0007771,CL_0002327,CL_0000000,UBERON_0000310,UBERON_0000000,-,BTO_0001197,CL_0002072,-,CLO_0007606,CL_0002072
HFL-1,CL,CLO_0003733,CLO_0003196,CL_0002553,CL_0000341,UBERON_0002048,UBERON_0000468,BTO_0002582,BTO_0000273,UBERON_8000005,BTO_0002582,CLO_0003733,PR_P36888
leiomyoblastoma cell line:G-402,CL,CLO_0003435,CLO_0007573,CL_1000497,CL_0000000,UBERON_0002113,UBERON_0000000,BTO_0000678,BTO_0000219,CL_0000056,BTO_0002694,CLO_0000057,CL_0000056
GM18508,CL,CLO_0024919,CLO_0051502,CL_0000236,CL_0000000,UBERON_0000178,UBERON_0000000,-,BTO_0000000,UBERON_0010508,-,CLO_0024919,-
Hep-3B2-1-7,CL,CLO_0003703,CLO_0000925,CL_0000182,CL_0000000,UBERON_0002107,UBERON_0000000,-,BTO_0000904,-,BTO_0004116,CLO_0003702,-
RWPE1,CL,CLO_0008905,CLO_0003143,CL_0002231,CL_0000000,UBERON_0002367,UBERON_0000000,BTO_0003709,BTO_0000458,-,BTO_0003709,CLO_0008905,-
C666-1,CL,-,CLO_0000533,-,CL:null,UBERON_0001728,UBERON:null,BTO_0004805,BTO_0001888,-,BTO_0004805,CLO_0018798,-
SKNDZ,CL,CLO_0009054,CLO_0002331,CL_0000031,CL_0008001,UBERON_0000955,UBERON_0000955,BTO_0004217,BTO_0002908,-,-,CLO_0009953,-
MDA-MB-231p27CK-DD_breast_cancer_cells_phosphimimetic_p27_cell_line,CL,CLO_0007634,CLO_0008117,CL_0002327,CL_0002329,UBERON_0000310,UBERON_0000310,BTO_0000815,BTO_0000250,-,BTO_0000356,DOID_1612,-
MCF7_Invasive_ductal_breast_carcinoma,CL,CLO_0007606,CLO_0002871,CL_0002327,CL_0002320,UBERON_0000310,UBERON_0000310,BTO_0000093,BTO_0000270,UBERON_0000310,BTO_0002844,DOID_3008,UBERON_0000310
HEK,CL,-,CLO_0003684,CL_1000497,CL_0000011,UBERON_0002113,UBERON_0010753,BTO_0002733,BTO_0003847,UBERON_0001567,BTO_0003182,CLO_0007306,-
TC32,CL,-,CLO_0050567,-,CL_0000236,UBERON_0002204,UBERON_0002046,BTO_0004227,BTO_0005246,-,BTO_0004227,CLO_0002113,-
GM20000_B-cells,CL,CLO_0028368,CLO_0002329,CL_0000236,CL_0000945,UBERON_0000178,UBERON_0000178,-,BTO_0002072,UBERON_0000028,BTO_0005717,CLO_0028368,CARO_0000000
iPSC,CL,CLO_0037307,CLO_0006653,CL_0002248,CL_0001034,-,UBERON_0000000,-,BTO_0003241,CL_4030035,BTO_0006081,CLO_0037336,CL_4030035
acute myeloid leukemia (FAB M2) cell line:NKM-1,CL,CLO_0009850,CLO_0050747,CL_0000763,CL_0002678,UBERON_0000178,UBERON_0002048,-,BTO_0003677,CL_0000763,BTO_0001883,DOID_9119,PR_000014362
A549_dexamethasone_8h,CL,CLO_0001601,CLO_0002871,CL_0000082,CL_0000182,UBERON_0002048,UBERON_0001460,BTO_0000018,BTO_0000009,-,-,CLO_0001601,-
SET-2_WT_GSK-LSD1,CL,-,CLO_0002979,CL_0000553,CL_0000162,UBERON_0002371,UBERON_0002113,-,BTO_0003061,UBERON_0002109,-,IAO_0000100,-
adrenal cortex adenocarcinoma cell line:SW-13,CL,CLO_0009209,CLO_0001070,CL_1001601,-,UBERON_0009753,UBERON_0001235,-,BTO_0002971,CL_0002097,BTO_0000851,DOID_3959,CL_0002097
KYSE-70,CL,CLO_0007137,CLO_0002991,CL_0000076,CL_0000000,UBERON_0001043,UBERON_0000000,-,BTO_0003206,-,BTO_0004461,CLO_0007137,-
NCI-H441,CL,CLO_0008087,CLO_0007672,CL_0000158,CL_0000000,UBERON_0002048,UBERON_0000000,BTO_0001910,BTO_0001098,-,BTO_0001910,CLO_0008087,-
BEAS-2B,CL,-,CLO_0009312,CL_0002328,CL_0000000,UBERON_0002185,UBERON_0000000,-,BTO_0000189,UBERON_0010167,BTO_0002923,CLO_0001925,CL_0002215
SNF02.2_PRC2 WT,CL,-,CLO_0037291,CL_0002573,CL_0000000,UBERON_0000010,UBERON_0000000,-,BTO_0000000,-,-,-,-
TTC1240_SMARCB1_delCC,CL,-,CLO:0008031,CL_1000497,CL:0000000,UBERON_0002113,UBERON:0000000,-,BTO:0000000,-,-,CLO_0050312,-
P493,CL,-,CLO_0050493,CL_0000236,CL_0000493,UBERON_0000178,UBERON_0000493,BTO_0003291,BTO_0000493,-,BTO_0003291,CLO_0035875,-
226LDM,CL,-,CLO_0031109,CL_0002326,CL_0008001,UBERON_0000310,UBERON_0000468,-,BTO_0001415,-,-,CLO_0001198,-
HCT116_IFN-beta_1h,CL,CLO_0003665,CLO_0007169,CL_0011108,CL_0002325,UBERON_0001155,UBERON_0001071,BTO_0001109,BTO_0002761,GO_0032609,BTO_0001109,CLO_0003665,GO_0032606
H54,CL,-,CLO_0007764,CL_0000125,CL_0000192,UBERON_0000955,UBERON_0002361,-,BTO_0003825,-,-,CLO_0003607,-
David_TC71,CL,CLO_0009879,CLO_0002062,CL_0001035,CL_0000057,UBERON_0002481,UBERON_0000178,BTO_0002604,BTO_0001171,UBERON_0009098,BTO_0004733,-,UBERON_0009097
CD4_CD25-_T-cells,CL,-,CLO_0037292,CL_0000084,CL_0000624,UBERON_0000178,UBERON_0000466,-,BTO_0001301,PR_000001380,-,PR_000001380,PR_000001380
GM10248,CL,CLO_0029222,CLO_0003672,CL_0000236,CL_0000000,UBERON_0000178,UBERON_0000000,-,BTO_0000362,-,-,CLO_0029222,ENSEMBL_ENSG00000174807
WSU-DLCL2,CL,CLO_0037068,CLO_0008072,CL_0000236,CL_0000000,UBERON_0000178,UBERON_0000000,-,BTO_0006472,-,-,CLO_0037068,-
A-498,CL,-,CLO_0007862,CL_1000497,CL_0000000,UBERON_0002113,UBERON_0000000,-,BTO_0000000,-,BTO_0003769,CLO_0035882,-
Ramos,CL,CLO_0008738,CLO_0002563,CL_0000236,CL:0000236,UBERON_0000178,UBERON:0000468,BTO_0003079,BTO:0000324,UBERON_3000367,BTO_0003076,CLO_0008738,PATO_0000402
SK-N-DZ,CL,CLO_0009054,CLO_0002869,CL_0000031,CL_0000000,UBERON_0000955,UBERON_0000000,BTO_0004217,BTO_0000292,-,BTO_0004217,CLO_0009054,CL_0002280
hereditary spherocytic anemia cell line:WIL2-NS,CL,CLO_0009604,CLO_0022394,CL_0000945,CL_0000000,UBERON_0002106,UBERON_0000000,-,BTO_0000571,UBERON_0001869,BTO_0000231,DOID_12971,CL_0000524
K562_myelogenous_leukemia_NABUT,CL,CLO_0007059,CLO_0003685,CL_0000763,CL_0000740,UBERON_0002371,UBERON_0013365,BTO_0000664,BTO_0002076,PR_000001836,BTO_0005322,DOID_8692,PR_000014362
Calu-1,CL,CLO_0002191,CLO_0001671,CL_0000076,CL_0000000,UBERON_0002048,UBERON_0000000,BTO_0002940,BTO_0000215,UBERON_0002395,BTO_0002940,CLO_0002191,-
A139_ER-_PR-_HER2-_breast_cancer_cells,CL,-,CLO_0008002,CL_0002327,CL_0002321,UBERON_0000310,UBERON_0000310,-,BTO_0000208,UBERON_0018538,BTO_0000150,DOID_1612,PR_000007204
DLD,CL,CLO_0002785,CLO_0002881,CL_0011108,CL_0000000,UBERON_0001155,UBERON_0000000,BTO_0000391,BTO_0000191,UBERON_0003105,BTO_0000391,CLO_0002785,-
Jurkat_E6_1_T-cells,CL,CLO_0007043,CLO_0000947,CL_0000084,CL_0000084,UBERON_0000178,UBERON_0000467,BTO_0000661,BTO_0000220,CL_0000084,BTO_0000661,CLO_0007043,CL_0000084
NCI-H69_p8-15,CL,CLO_0008105,CLO_0007599,CL_0000082,CL_0000000,UBERON_0002048,UBERON_0000000,BTO_0003022,BTO_0000098,UBERON_2000852,BTO_0003022,CLO_0003609,-
mesothelioma cell line:Mero-48a,CL,-,CLO_0003661,CL_0000077,CL_0000499,UBERON_0002048,UBERON_0000175,-,BTO_0005646,CL_0000077,BTO_0002424,CL_0000077,CL_0000077
GM-6114,CL,CLO_0023641,CLO_0002597,CL_0002553,CL_0001045,UBERON_0002048,UBERON_0002392,-,BTO_0007330,-,-,CLO_0023641,-
WA01_H1_human_embryonic_stem_cells_EMB,CL,-,CLO_0003673,CL_0002322,CL_0002322,UBERON_0000922,UBERON_0009236,BTO_0006060,BTO_0003243,UBERON_0000068,BTO_0001086,CLO_0037280,CL_0002322
MRC-5_MRC5_1DPT,CL,CLO_0007865,CLO_0002450,CL_0002553,CL_0000057,UBERON_0002048,UBERON_0004173,BTO_0001590,BTO_0000290,PR_000001308,BTO_0001590,CLO_0007865,PR_000002972
CRC107_colorectal_cancer_metastatic_stem_cells,CL,-,CLO_0037294,CL_0000034,CL_0008019,UBERON_0001155,UBERON_0000000,-,BTO_0000000,UBERON_0013067,BTO_0001615,DOID_9256,CL_0000034
KG-1,CL,CLO_0007093,CLO_0002396,CL_0000235,CL_0000000,UBERON_0002371,UBERON_0000000,BTO_0000670,BTO_0000564,-,BTO_0000670,CLO_0007094,-
KYSE150,CL,CLO_0007129,CLO_0002871,CL_0000076,CL_0000000,UBERON_0001043,UBERON_0000000,BTO_0002427,BTO_0002856,PR_000001833,BTO_0002427,CLO_0007129,PR_000001833
BJEL,CL,-,CLO_0008072,CL_1001608,CL_0000031,UBERON_0001332,UBERON_0006920,-,BTO_0002392,-,BTO_0003807,CLO_0037212,-
AGS_gastric_adenocarcinoma,CL,CLO_0001686,CLO_0007872,CL_0002178,CL_0000182,UBERON_0000945,UBERON_0001160,BTO_0001007,BTO_0000276,UBERON_0000424,BTO_0000036,DOID_3717,UBERON_0001162
PFSK1_primitive_neuroectodermal_tumor,CL,CLO_0008425,CLO_0007325,CL_0000057,CL_0000000,UBERON_0000955,UBERON_0000010,-,BTO_0001177,UBERON_0002346,BTO_0004258,DOID_168,UBERON_0002346
HepG2 Hepatocellular Carcinoma Cell Line,CL,CLO_0003704,CLO_0007670,CL_0000182,CL_0000169,UBERON_0002107,UBERON_0002107,BTO_0000599,BTO_0001241,CL_0000182,BTO_0000578,DOID_684,CL_0000182
HN12,CL,-,CLO_0051859,CL_0000076,CL_0000001,UBERON_0001723,UBERON_0003882,BTO_0005040,BTO_0003086,-,BTO_0005040,CLO_0003788,-
KBM7-derived near haploid cells,CL,-,CLO_0031345,CL_0000763,CL_0018050,UBERON_0000178,UBERON_0000479,BTO_0005775,BTO_0004069,CL_0000413,BTO_0006333,CL_0000413,CL_0000413
DLD1_WT,CL,CLO_0002785,CLO_0007767,CL_0011108,CL_0000000,UBERON_0001155,UBERON_0000000,BTO_0000391,BTO_0000013,-,BTO_0000391,CLO_0002785,-
HFF_foreskin_fibroblast_OHT_SHBPTF,CL,-,CLO_0003684,CL_1001608,CL_0000057,UBERON_0001332,UBERON_0000989,-,BTO_0000569,CL_1001608,BTO_0002245,CL_1001608,CL_1001608
SET-2_insR_GSK-LSD1,CL,-,CLO_0050857,CL_0000553,CL_0000236,UBERON_0002371,UBERON_0001062,-,BTO_0001435,-,-,-,-
LOXIMVI,CL,-,CLO_0006052,CL_2000000,CL_0000000,UBERON_0001003,UBERON_0000000,-,BTO_0004916,-,BTO_0004151,CLO_0037130,UBERON_0004380
SUM159PT-BT-474,CL,CLO_0009918,CLO_0002761,CL_0002327,CL_0000000,UBERON_0000310,UBERON_0000000,BTO_0004928,BTO_0001437,-,BTO_0004928,CLO_0009918,-
MCF7-Tet-On,CL,-,CLO_0009224,CL_0002327,CL_0000000,UBERON_0000310,UBERON_0000000,-,BTO_0000462,-,-,CLO_0007606,CL_0002450
BT549,CL,CLO_0002044,CLO_0002597,CL_0002327,CL_0000000,UBERON_0000310,UBERON_0000000,BTO_0002548,BTO_0000252,-,BTO_0002548,CLO_0002044,-
MT4H1,CL,-,CLO_0007229,CL_0000988,CL_0000000,UBERON_0000178,UBERON_0000000,-,BTO_0006719,-,-,CLO_0007891,-
cord blood derived cell line:COBL-a 24h infection(-C),CL,-,CLO_0000304,CL_0000988,CL_0000047,UBERON_0002331,UBERON_0001981,-,BTO_0000740,CL_0000081,BTO_0002667,CL_0000081,CL_0000081
LNCaP_R1881 4h,CL,CLO_0007365,CLO_0002905,CL_0002231,CL_0000492,UBERON_0002367,UBERON_0002315,BTO_0001321,BTO_0001001,-,BTO_0001321,CLO_0037116,-
H3122_LR,CL,CLO_0037033,CLO_0050467,CL_0000082,CL_0002371,UBERON_0002048,UBERON_0002367,-,BTO_0006038,BSPO_0000017,-,CLO_0037033,PR_000001381
SK-LMS-1_WT,CL,CLO_0009038,CLO_0052115,CL_0000192,CL_0000000,UBERON_0000995,UBERON_0000000,BTO_0002607,BTO_0004743,-,-,CLO_0007338,-
MaMel,CL,-,CLO_0037300,CL_0000499,CL_0000743,UBERON_0001007,UBERON_0003105,-,BTO_0000717,UBERON_0001752,BTO_0004475,NCBITAXON_55057,UBERON_0001752
SNU638,CL,-,CLO_0007782,CL_0002659,CL_0000000,UBERON_0000945,UBERON_0000000,BTO_0003478,BTO_0002028,-,BTO_0003478,CLO_0036651,-
H7 UTXKO,CL,-,CLO_0007083,CL_0002322,CL_0000182,-,UBERON_0000473,BTO_0006061,BTO_0002279,-,-,-,-
DU145_prostate_carcinoma,CL,CLO_0002840,CLO_0007623,CL_0002231,CL_0002324,UBERON_0002367,UBERON_0002367,BTO_0001332,BTO_0004272,UBERON_0002367,BTO_0002021,DOID_10286,UBERON_0002367
WT 9-12_control_vehicle,CL,-,CLO_0037307,CL_1000497,CL_0000146,UBERON_0002113,UBERON_0000468,-,BTO_0000843,GO_0051726,-,GO_0006936,GO_0051726
MCF10A_Nutlin3A,CL,CLO_0007599,CLO_0007871,CL_0002327,CL_0002327,UBERON_0000310,UBERON_0001062,BTO_0001939,BTO_0001461,-,BTO_0001939,CLO_0007599,-
GLC16_DMSO,CL,-,CLO_0007971,CL_0000082,CL_0000169,UBERON_0002048,UBERON_0000468,-,BTO_0002767,-,BTO_0002385,CLO_0002096,-
A375 DMSO,CL,CLO_0001582,CLO_0002704,CL_2000000,CL_0000000,UBERON_0001003,UBERON_0000000,BTO_0002806,BTO_0000443,-,BTO_0002806,CLO_0001581,-
J4_Mantle cell lymphoma tissue_THZ1,CL,-,CLO:0007987,CL_0000236,CL:0000829,UBERON_0000178,UBERON:0000021,-,BTO:0005167,UBERON_0000479,BTO_0004472,UBERON_0000479,UBERON_0000479
GIST-2_KIT e11,CL,-,CLO_0050856,CL_0002319,CL_0000000,UBERON_0001555,UBERON_0000000,-,BTO_0000000,PR_000002065,-,PR_000002065,ENSEMBL_ENSG00000157404
Neuroblastoma_NB1,CL,-,CLO_0002426,CL_0000031,CL_0000000,UBERON_0001016,UBERON_0000000,BTO_0005103,BTO_0000202,CL_0000031,BTO_0000931,EFO_0000621,CL_0000031
SK-N-BE_2_-C,CL,CLO_0009053,CLO:0007633,CL_0000031,CL:0000000,UBERON_0001016,UBERON:0000000,BTO_0004782,BTO:0000218,CL_0000570,-,CLO_0001912,CL_0000968
H9_0Dox,CL,CLO_0003612,CLO_0008366,CL_0000084,CL_0002321,UBERON_0000178,UBERON_0003087,BTO_0001944,BTO_0003787,-,-,CLO_0003612,-
H1_Derived_Mesenchymal_Stem_Cells,CL,-,CLO_0032738,CL_0000134,CL_0000134,UBERON_0003104,UBERON_0002116,BTO_0003298,BTO_0000844,CL_0000134,BTO_0003298,CL_0000134,CL_0000134
SVOG3e_cells_noDox_transduced with V5-FOXL2 C134W,CL,-,CLO_0007836,CL_0000501,CL_0000057,UBERON_0000992,UBERON_0002113,-,BTO_0003287,-,-,-,-
TE5,CL,CLO_0009287,CLO_0002490,CL_0000076,CL_0000000,UBERON_0001043,UBERON_0000000,-,BTO_0001302,-,-,CLO_0001521,-
BT474,CL,CLO_0002042,CLO_0001018,CL_0002327,CL_0000000,UBERON_0000310,UBERON_0000000,BTO_0001932,BTO_0000220,-,BTO_0001932,CLO_0002042,CL_1000474
lncaparmo-ar-dht100nm,CL,CLO_0007365,CLO_0002481,CL_0002231,CL_0002328,UBERON_0002367,UBERON_0001981,BTO_0001321,BTO_0000742,UBERON_2002053,BTO_0001321,CLO_0037116,-
KLM-1,CL,CLO_0050104,CLO_0003684,CL_0002079,CL_0000000,UBERON_0001264,UBERON_0000000,-,BTO_0002107,UBERON_0008878,BTO_0005079,CLO_0007338,-
OCI-LY19_diffuse_large_B-cell_lymphoma,CL,CLO_0037052,CLO_0007971,CL_0000236,CL_0000236,UBERON_0002371,UBERON_0002384,-,BTO_0003052,UBERON_2000193,BTO_0002521,DOID_0060058,CL_4033027
GM12878 lymphoblastoid,CL,CLO_0022851,CLO_0007767,CL_0000236,CL_0000945,UBERON_0000178,UBERON_0000468,BTO_0006353,BTO_0001493,UBERON_0016392,BTO_0000773,CLO_0022851,CL_0017005
THP1_1_high,CL,CLO_0009348,CLO_0000048,CL_0000576,CL_0000231,UBERON_0000178,UBERON_0002432,BTO_0001370,BTO_0000006,UBERON_0000376,BTO_0001376,UBERON_0000376,UBERON_0000376
SF767,CL,-,CLO_0007648,CL_0000125,CL_NULL,UBERON_0000955,UBERON_NULL,BTO_0001557,BTO_0001168,-,BTO_0001557,CLO_0024649,-
MCF-7_NS,CL,CLO_0007606,CLO_0002324,CL_0002327,CL_0000000,UBERON_0000310,UBERON_0000000,BTO_0000093,BTO_0000324,-,-,CLO_0007601,-
NCI-H2107_p8-15,CL,CLO_0008051,CLO_0007791,CL_0000082,CL_0000000,UBERON_0002048,UBERON_0000000,-,BTO_0002242,-,BTO_0003764,CLO_0008051,-
MCF_7,CL,CLO_0007606,CLO_0001925,CL_0002327,CL_0000000,UBERON_0000310,UBERON_0000000,BTO_0000093,BTO_0000062,UBERON_0016857,BTO_0000093,CLO_0007601,-
MV411_DMSO,CL,CLO_0007906,CLO_0034877,CL_0000235,CL_0000000,UBERON_0000178,UBERON_0000000,BTO_0006413,BTO_0002766,-,BTO_0004479,CLO_0035591,-
osteoclastoma cell line:Hs 706.T,CL,CLO_0004066,CLO_0007019,CL_0002092,CL_0000092,UBERON_0002371,UBERON_0004288,-,BTO_0000343,CL_0000092,BTO_0000969,CL_0000092,CL_0000092
clear cell carcinoma cell line:TEN,CL,CLO_0050884,CLO_0037305,CL_0002149,CL_0000000,UBERON_0001295,UBERON_0000000,-,BTO_0003845,PATO_0000964,BTO_0002787,DOID_4467,PATO_0000964
NCI-H650,CL,CLO_0008101,CLO_0007804,CL_0000082,CL_0000000,UBERON_0002048,UBERON_0000000,BTO_0004079,BTO_0002765,-,BTO_0003764,CLO_0008101,-
LM7,CL,-,CLO_0002881,CL_0001035,CL_0000000,UBERON_0002481,UBERON_0000000,-,BTO_0000562,-,BTO_0006333,CLO_0008681,-
MIC,CL,-,CLO_0050665,CL_0001035,CL_0000362,UBERON_0002481,UBERON_0006376,-,BTO_0002011,NCBITAXON_10088,BTO_0000078,NCBITAXON_10088,NCBITAXON_10088
cholangiocellular carcinoma cell line:HuH-28,CL,CLO_0050855,CLO_0007647,CL_1000488,CL_0000000,UBERON_0002107,UBERON_0000000,-,BTO_0000686,CL_1000488,BTO_0002932,CL_1000488,CL_1000488
CCRF-CEM_T_acute_lymphoblastic_leukemia,CL,CLO_0002334,CLO_0007487,CL_0000084,CL_0000765,UBERON_0000178,UBERON_0002352,BTO_0000736,BTO_0000199,PR_000016043,BTO_0000731,DOID_5603,PR_000016043
squamous cell lung carcinoma cell line:EBC-1,CL,CLO_0050039,CLO_0009010,CL_0000076,CL_0002327,UBERON_0002048,UBERON_0002035,-,BTO_0003670,CL_0000076,BTO_0002202,DOID_3907,CL_0000076
GM15850 LCLs (FRDA),CL,CLO_0027780,CLO_0003572,CL_0000945,CL_0000233,UBERON_0000178,UBERON_0000468,-,BTO_0002199,-,-,CLO_0027780,-
RMS246_PAX3-NCOA1,CL,-,CLO_0007863,CL_0000737,CL_0000055,UBERON_0002036,UBERON_0000178,BTO_0001802,BTO_0002945,-,-,-,-
NT2-D1_embryonic_carcinoma,CL,CLO_0008207,CLO_0007819,CL_0002248,CL_0000282,UBERON_0000473,UBERON_0000922,BTO_0000946,BTO_0001321,UBERON_0008816,BTO_0005511,DOID_3308,CL_0002322
AG04450_fibroblasts,CL,-,CLO_0001522,CL_0002553,CL_0000057,UBERON_0002048,UBERON_0006232,-,BTO_0000702,UBERON_2005246,BTO_0000452,CLO_0034832,CL_0000057
MOLM-13_sgSIK3e4,CL,CLO_0009848,CLO_0007168,CL_0000763,CL_0000000,UBERON_0000178,UBERON_0000000,BTO_0004175,BTO_0007029,-,BTO_0004175,CLO_0007342,-
PC3_GSK126,CL,CLO_0008395,CLO_0050093,CL_0002231,CL_0002321,UBERON_0002367,UBERON_0002384,BTO_0001061,BTO_0002781,-,-,CLO_0034862,-
HCC1143_ductal_breast_carcinoma,CL,CLO_0003630,CLO_0006846,CL_0002327,CL_0002325,UBERON_0000310,UBERON_0000310,-,BTO_0000132,UBERON_0000310,BTO_0002844,DOID_3007,UBERON_0000310
SUIT2 WT,CL,CLO_0037114,CLO_0008000,CL_1001433,CL:0000003,UBERON_0000017,UBERON:0000468,BTO_0003493,BTO:0002137,UBERON_0006337,BTO_0003493,CLO_0037114,-
HCC95_squamous_cell_lung_carcinoma,CL,-,CLO_0007686,CL_0000076,CL_0000069,UBERON_0002048,UBERON_0008953,-,BTO_0002094,UBERON_0001695,BTO_0003613,DOID_3907,CL_0000076
LK-2,CL,CLO_0050064,CLO_0002303,CL_0000076,CL:0000057,UBERON_0002048,UBERON:0000000,-,BTO:0000303,UBERON_0001913,BTO_0003326,CLO_0007318,UBERON_0001913
TE7,CL,CLO_0009319,CLO_0003043,CL_0000076,CL_0000010,UBERON_0001043,UBERON_0002371,-,BTO_0003979,-,-,CLO_0009319,-
NCI-H1299,CL,CLO_0007986,CLO_0002833,CL_0000082,CL_0000000,UBERON_0002048,UBERON_0000000,BTO_0002552,BTO_0000723,-,BTO_0002552,CLO_0007986,-
Human Podocyte Cell Line AB8/13,CL,-,CLO_0008143,CL_0002518,CL_0000653,UBERON_0001230,UBERON_0002397,-,BTO_0000815,CL_0000653,BTO_0002295,CLO_0037381,CL_0000653
GIST-T1,CL,-,CLO_0002875,CL_0002319,CL_2000002,UBERON_0000945,UBERON_0002405,-,BTO_0003170,UBERON_6003020,BTO_0006566,CLO_0037343,CL_0000958
KMS-11_Plasma_cell_myeloma,CL,-,CLO_0002893,CL_0000786,CL_0000785,UBERON_0002371,UBERON_0000178,BTO_0003932,BTO_0001873,CL_0000786,BTO_0000392,CL_0000786,CL_0000786
MC-IXC,CL,CLO_0007615,CLO_0009238,CL_0000057,CL_0000000,UBERON_0000955,UBERON_0000479,BTO_0005372,BTO_0000246,-,BTO_0005227,CLO_0007615,-
CLB-PE,CL,-,CLO_0002138,CL_0000031,CL:0000057,UBERON_0001016,UBERON:0001062,-,BTO:0000852,UBERON_0013128,-,-,CL_0002303
mycosis fungoides T cell lymphoma cell line:HuT 102 TIB-162,CL,CLO_0004303,CLO_0009470,CL_0000084,CL_0002624,UBERON_0000178,UBERON_0002405,-,BTO_0003371,CL_0000521,BTO_0000104,CLO_0004303,-
BGO3_embryonic_stem_cells,CL,-,CLO_0001786,CL_0002322,CL_0002322,UBERON_0000922,UBERON_0000922,-,BTO_0001197,UBERON_0000068,BTO_0001086,CLO_0037279,CL_0002322
MCF7L-P_FOXA1-Dox,CL,-,CLO_0002899,CL_0002327,CL_0002324,UBERON_0000310,UBERON_0000113,-,BTO_0000225,-,-,CLO_0007606,-
COBL-a,CL,-,CLO_0007198,CL_0000988,CL_0000097,UBERON_0002331,UBERON_0000178,-,BTO_0005816,UBERON_2005230,BTO_0000266,-,CL_0005003
HCC95,CL,-,CLO_0003676,CL_0000076,CL_0000000,UBERON_0002048,UBERON_0000000,-,BTO_0004976,PR_P41597,BTO_0006027,CLO_0001652,PR_P06307
HCC1428,CL,CLO_0003637,CLO_0002393,CL_0002327,CL_0000000,UBERON_0000310,UBERON_0000000,-,BTO_0005040,UBERON_0014288,BTO_0000406,CLO_0003637,PR_P06307
MCF7_Invasive_ductal_breast_carcinoma_CHX_10UM,CL,CLO_0007606,CLO_0002771,CL_0002327,CL_0002148,UBERON_0000310,UBERON_0000310,BTO_0000093,BTO_0001247,UBERON_0000310,BTO_0002844,DOID_3008,UBERON_0000310
peripheral neuroectodermal tumor cell line:KU-SN,CL,CLO_0050141,CLO_0007664,CL_0002319,CL_0008021,UBERON_0002481,UBERON_0001017,-,BTO_0005756,CL_2000032,BTO_0004261,DOID_3369,CL_2000032
HCC1599_WO,CL,CLO_0003641,CLO_0002362,CL_0002327,CL_0000000,UBERON_0000310,UBERON_0000000,-,BTO_0001197,-,-,CLO_0003641,-
GIST-10_PDGFRA e1,CL,-,CLO_0050768,CL_0002319,CL_0000350,UBERON_0001555,UBERON_0000000,-,BTO_0003660,-,-,CLO_0002857,PR_000002030
GP5d_colon_adenocarcinoma_SIRAD21,CL,CLO_0003555,CLO_0051991,CL_0011108,CL_0000182,UBERON_0001155,UBERON_0001155,-,BTO_0000367,UBERON_0001155,BTO_0000032,DOID_234,UBERON_0001155
SK-MEL-147,CL,-,CLO_0002524,CL_0000148,CL_0000000,UBERON_0001003,UBERON_0000000,-,BTO_0002868,UBERON_0004147,BTO_0004475,CLO_0003133,-
SHEP-21N_DOX_2h,CL,-,CLO_0002852,CL_0000031,CL_0000000,UBERON_0001016,UBERON_0000000,BTO_0004654,BTO_0002264,UBERON_0006612,-,-,-
OECM1_oral_cavity_squamous_cell_carcinoma,CL,-,CLO_0050841,CL_0000076,CL_0002051,UBERON_0001828,UBERON_0003676,BTO_0003964,BTO_0003043,UBERON_0000167,BTO_0003614,UBERON_0000167,UBERON_0000167
EW-3,CL,-,CLO_0002959,CL_0001035,CL_0000000,UBERON_0002481,UBERON_0000000,-,BTO_0002180,NBO_0000073,-,CLO_0009866,-
GM19240_B_cells_Lymphoblastoid_Cell_Lines,CL,CLO_0027143,CLO_0004549,CL_0000236,CL_0000236,UBERON_0000178,UBERON_0001457,-,BTO_0001884,CL_0000351,BTO_0000773,CLO_0027143,CL_0017005
IOE11,CL,-,CLO_0037160,CL_2000064,CL_0000031,UBERON_0000992,UBERON_0002037,-,BTO_0006257,CHEBI_24870,-,CHEBI_24870,-
LNCaP_prostate_carcinoma_SHFOXA1_PHFRPMIFCS,CL,CLO_0007365,CLO_0002446,CL_0002231,CL_0002323,UBERON_0002367,UBERON_0002367,BTO_0001321,BTO_0000550,UBERON_0002367,BTO_0002021,DOID_10286,UBERON_0002367
MM1_S_plasma_cell_myeloma,CL,CLO_0037203,CLO_0003139,CL_0000945,CL_0000783,UBERON_0000178,UBERON_0000178,BTO_0003933,BTO_0002664,CL_0000786,BTO_0000392,CL_0000786,CL_0000786
PF-382_childhood_T_acute_lymphoblastic_leukemia,CL,CLO_0008421,CLO_0000471,CL_0000084,CL_0000824,UBERON_0000178,UBERON_0002367,-,BTO_0000183,PR_000016043,BTO_0000731,DOID_5603,PR_000016043
KK1_Adult_T_acute_lymphoblastic_leukemia,CL,-,CLO_0003689,CL_0000084,CL_0000451,UBERON_0000178,UBERON_0000178,-,BTO_0000335,PR_000016043,BTO_0000731,DOID_5603,PR_000016043
H1-TRO,CL,-,CLO_0003368,CL_0000351,CL_0000182,UBERON_0000922,UBERON_0000468,BTO_0001079,BTO_0001040,UBERON_0022254,BTO_0002306,CLO_0037281,CL_0001034
ES-UCSF4 Cells,CL,-,CLO_0009377,CL_0002322,CL_0002325,UBERON_0000922,UBERON_0000104,-,BTO_0001230,-,-,-,-
myxofibrosarcoma cell line:MFH-ino,CL,CLO_0050084,CLO_0007748,-,CL_0000000,UBERON_0002384,UBERON_0000000,-,BTO_0005744,-,BTO_0006486,DOID_3355,CL_0000186
lncaparhi-ar-dht1nm,CL,CLO_0007365,CLO_0009229,CL_0002231,CL_0000019,UBERON_0002367,UBERON_0001981,BTO_0001321,BTO_0001163,-,BTO_0001321,CLO_0037116,-
BJ_fibroblasts,CL,CLO_0001980,CLO_0002517,CL_1001608,CL_0000057,UBERON_0001332,UBERON_0001981,BTO_0003807,BTO_0001100,CL_1001608,BTO_0000452,CL_1001608,CL_1001608
MCF7L-P_E2_24h,CL,-,CLO_0001072,CL_0002327,CL_0002324,UBERON_0000310,UBERON_0006,-,BTO_0002277,CL_0002072,-,CLO_0002860,CL_0002072
D341_6,CL,CLO_0002677,CLO_0036883,CL_0002319,CL_0000243,UBERON_0002037,UBERON_0000955,-,BTO_0005160,-,-,CLO_0002677,CHEBI_35341
HepG2_Hepatocellular_Carcinoma,CL,CLO_0003704,CLO_0002028,CL_0000182,CL_0010001,UBERON_0002107,UBERON_0002107,BTO_0000599,BTO_0001045,CL_0000182,BTO_0000608,DOID_684,CL_0000182
gm18505,CL,CLO_0024913,CLO_0003705,CL_0000236,CL:null,UBERON_0000178,UBERON:null,-,BTO:null,-,BTO_0003589,CLO_0024913,CHEBI_24505
Raji_JQ1,CL,CLO_0008734,CLO_0002852,CL_0000236,CL_0000236,UBERON_0000178,UBERON_0001062,BTO_0001154,BTO_0000711,NCBITAXON_7858,BTO_0001154,CLO_0008734,-
Ly-1,CL,-,CLO_0008856,CL_0000236,CL_0000899,UBERON_0000178,UBERON_0002471,-,BTO_0001284,-,BTO_0006213,CLO_0007091,-
IMR90_lung_fibroblasts_TNF,CL,CLO_0006951,CLO_0002575,CL_0002553,CL_0002547,UBERON_0002048,UBERON_0002048,BTO_0001229,BTO_0000333,CL_0002553,BTO_0000764,CL_0000057,CL_0002553
Detroit562,CL,CLO_0002752,CLO_0002887,CL_0002251,CL_0000000,UBERON_0006562,UBERON_0000000,-,BTO_0000419,UBERON_0000381,BTO_0000834,CLO_0002752,-
AsPC1-untreated,CL,CLO_0001756,CLO_0002875,CL_0000083,CL_0000000,UBERON_0001264,UBERON_0000000,BTO_0001864,BTO_0000297,PATO_0002505,BTO_0001864,CLO_0001756,PATO_0002505
Be2-C,CL,-,CLO_0007552,CL_0000031,CL_0000000,UBERON_0000955,UBERON_0000000,BTO_0004782,BTO_0000217,CL_0000570,-,CLO_0001922,CL_0000944
HBL1,CL,CLO_0037256,CLO_0050843,CL_0000236,CL_0000000,UBERON_0000178,UBERON_0000000,BTO_0002522,BTO_0005249,-,BTO_0002522,CLO_0037256,PR_000009766
THP-1_untr,CL,CLO_0009348,CLO_0000238,CL_0000576,CL_0001054,UBERON_0000178,UBERON_0000178,BTO_0001370,BTO_0000009,-,BTO_0001370,CLO_0009348,-
H1-hESC,CL,CLO_0037281,CLO_0030006,CL_0002322,CL_0002322,UBERON_0000922,UBERON_0000468,BTO_0006080,BTO_0003195,UBERON_0022254,BTO_0006080,CLO_0037281,CL_0002322
NCI-H1385,CL,CLO_0007991,CLO_0008249,CL_0000082,CL_0000000,UBERON_0002048,UBERON_0000000,-,BTO_0005067,-,BTO_0003764,CLO_0007991,-
HCT-116,CL,CLO_0003665,CLO_0007765,CL_0011108,CL_0002320,UBERON_0001155,UBERON_0000000,BTO_0001109,BTO_0002070,PR_P43235,BTO_0001109,CLO_0003665,PR_P43235
SJNB3,CL,-,CLO_0003280,CL_0000031,CL_0000000,UBERON_0001016,UBERON_0000000,-,BTO_0004238,-,BTO_0006053,CLO_0007946,-
SH-SY5Y_DMSO_3h,CL,CLO_0009015,CLO_0001996,CL_0000031,CL_0002319,UBERON_0002371,UBERON_0000955,BTO_0000793,BTO_0002451,-,BTO_0000793,CLO_0009015,-
u2os-actd-ps46,CL,CLO_0009454,CLO_0002545,CL_0001035,CL_0000057,UBERON_0002481,UBERON_0000468,BTO_0001938,BTO_0001843,-,-,-,-
Kasumi-1_acute_myeloblastic_leukemia,CL,CLO_0007069,CLO_0007606,CL_0000763,CL_0000030,UBERON_0000178,UBERON_0010000,BTO_0004136,BTO_0003156,CL_0000835,BTO_0001545,DOID_9119,PR_000014362
TAMR_E2,CL,-,CLO_0002315,CL_0002327,CL_0000000,UBERON_0000310,UBERON_0000000,-,BTO_0000000,-,BTO_0004226,CLO_0002860,GO_0032355
chronic myelogenous leukemia cell line:K562 ENCODE biol_rep2,CL,CLO_0007059,CLO_0007004,CL_0000763,CL_0000232,UBERON_0002371,UBERON_0000178,BTO_0000664,BTO_0002077,-,BTO_0005322,DOID_8552,PR_000014362
THP1_DMSO_noPMA,CL,CLO_0009348,CLO_0000238,CL_0000576,CL_0000148,UBERON_0000178,UBERON_0001062,BTO_0001370,BTO_0000512,-,-,-,-
NCI-H3122_lung_adenocarcinoma,CL,CLO_0037033,CLO_0007674,CL_0000082,CL_0000048,UBERON_0002048,UBERON_0008952,-,BTO_0000669,UBERON_0002048,BTO_0002057,DOID_3910,UBERON_0002048
HeLa-B2_GRKD_TA_TNFA,CL,-,-,CL_0002535,CL_0000057,UBERON_0000002,-,-,BTO_0000561,CL_0000822,BTO_0000567,CLO_0003684,CL_0000822
HUVEC-C_HUVEC_umbilical_vein_endothelial_cells_DMSO_NORMO,CL,CLO_0004307,CLO_0002786,CL_0002618,CL_0002618,UBERON_0002331,UBERON_0001997,BTO_0001949,BTO_0001243,CL_0002618,BTO_0004296,CLO_0000780,CL_0002618
KMLS-1,CL,-,CLO_0006581,CL_0000136,CL_0000000,UBERON_0001013,UBERON_0000000,-,BTO_0005124,-,-,-,-
HUES6,CL,-,CLO_0051461,CL_0002322,CL_0002322,UBERON_0000922,UBERON_0000020,-,BTO_0003404,-,BTO_0002158,CLO_0009863,-
HUVEC-C_HUVEC_umbilical_vein_endothelial_cells,CL,CLO_0004307,CLO_0034293,CL_0002618,CL_0002618,UBERON_0002331,UBERON_0002055,BTO_0001949,BTO_0002821,CL_0002618,BTO_0004296,CLO_0000780,CL_0002618
CFPAC1,CL,CLO_0002395,CLO_0050433,CL_0000083,CL:null,UBERON_0001264,UBERON:null,BTO_0004738,BTO_0000707,-,BTO_0004738,CLO_0002395,ENSEMBL_ENSG00000006128
H1 derived mesenchymal stem cells,CL,-,CLO_0007747,CL_0000134,CL_0000134,UBERON_0003104,UBERON_0001062,BTO_0003298,BTO_0000783,CL_0000134,BTO_0003298,CL_0000134,CL_0000134
vcap-dht-mdv3100,CL,CLO_0037117,CLO_0002822,CL_0002231,CL_0000000,UBERON_0002367,UBERON_0000000,BTO_0003215,BTO_0002822,-,BTO_0003215,CLO_0037117,-
liposarcoma cells_LP6,CL,-,CLO_0007778,CL_0000136,CL_0002618,UBERON_0001013,UBERON_0004546,-,BTO_0000709,GO_0030017,BTO_0003745,DOID_3382,GO_0030017
OCI-LY1_966,CL,-,CLO_0053046,CL_0000236,CL_0000000,UBERON_0002371,UBERON_0000000,-,BTO_0001043,-,-,CLO_0025419,-
ChaGo-K-1,CL,CLO_0002413,CLO_0009465,CL_0002328,CL_0000000,UBERON_0002185,UBERON_0000000,BTO_0003108,BTO_0000353,CL_0000234,BTO_0003108,CLO_0002413,CL_0000234
BG01V,CL,CLO_0003716,CLO_0004040,CL_0002322,CL_0000000,UBERON_0000922,UBERON_0000000,-,BTO_0000205,-,-,CLO_0003716,-
TUHR10TKB,CL,CLO_0050896,CLO_0002607,CL_1000497,CL_0000057,UBERON_0002113,UBERON_0000477,BTO_0003732,BTO_0005546,-,BTO_0003732,-,-
MOLM-14,CL,-,CLO_0002887,CL_0000763,CL_0000000,UBERON_0000178,UBERON_0000000,BTO_0005720,BTO_0000706,UBERON_1000010,BTO_0005720,CLO_0009848,PR_000001889
SAH_WT,CL,CLO_0037307,CLO_0007945,CL_0002248,CL_0000010,UBERON_0000922,UBERON_0000955,BTO_0006081,BTO_0000214,UBERON_0013656,-,-,-
adult T-cell leukemia cell line:ATN-1,CL,CLO_0050985,CLO_0003235,CL_0000084,CL_0000084,UBERON_0000178,UBERON_0002048,-,BTO_0000286,CL_0000084,BTO_0000737,CLO_0037303,CL_0000084
SU-DHL-1_Anaplastic_large_cell_lymphoma,CL,CLO_0009160,CLO_0002976,CL_0000542,CL_0000845,UBERON_0000178,UBERON_0000029,BTO_0005058,BTO_0001256,CL_0009018,BTO_0002505,DOID_0050747,CL_0009018
Caco-2_colon_adenocarcinoma,CL,CLO_0002172,CLO_0008031,CL_0011108,CL_0000136,UBERON_0001155,UBERON_0001155,BTO_0000195,BTO_0000686,UBERON_0001155,BTO_0000032,DOID_234,UBERON_0001155
PER-117,CL,-,CLO_0050867,CL_0000084,CL_0000236,UBERON_0000178,UBERON_0000153,-,BTO_0000209,PR_000002065,BTO_0001029,CLO_0002582,PR_000002065
NGP,CL,CLO_0037091,CLO_0007011,CL_0000031,CL_0008019,UBERON_0001016,UBERON_0006976,-,BTO_0002034,UBERON_2001118,BTO_0004844,CLO_0037091,CL_0000693
H1_Neural_Progenitor_Cells,CL,-,CLO_0050843,CL_0011020,CL_0000066,UBERON_0000922,UBERON_0001987,-,BTO_0000662,CL_0011026,BTO_0004093,CLO_0037250,CL_0011020
MDA-Pca-2b,CL,-,CLO_0002587,CL_0002231,CL_:0000000,UBERON_0002367,UBERON_:0000000,BTO_0005050,BTO_0000663,GO_1904948,BTO_0005050,CLO_0007629,CL_0002215
PC_3,CL,CLO_0008395,CLO_0007205,CL_0002231,CL_0000000,UBERON_0002367,UBERON_0000000,BTO_0001061,BTO_0001231,UBERON_0001965,BTO_0005498,CLO_0008390,CL_0002619
PA-1,CL,CLO_0008350,CLO_0002557,CL_0000021,CL_0000000,UBERON_0000992,UBERON_0000000,BTO_0001591,BTO_0000292,UBERON_0003143,BTO_0004771,CLO_0008347,PR_000001968
SNU-398,CL,CLO_0009098,CLO_0002495,CL_0000182,CL_0000000,UBERON_0002107,UBERON_0000000,BTO_0003170,BTO_0000248,UBERON_2001398,BTO_0003170,CLO_0009098,-
epidermoid carcinoma cell line:Ca Ski,CL,CLO_0002165,CLO_0002471,CL_1001575,CL_0000000,UBERON_0000002,UBERON_0000000,BTO_0003109,BTO_0000229,CL_0000362,BTO_0005264,DOID_3151,CL_0000362
NT2-D1,CL,CLO_0008207,CLO_0002791,CL_0002248,CL_0000000,UBERON_0000473,UBERON_0000000,BTO_0000946,BTO_0003098,UBERON_2001339,BTO_0000946,CLO_0008207,CL_0003026
A549_1,CL,CLO_0001601,CLO_0007764,CL_0000082,CL_0000182,UBERON_0002048,UBERON_0008952,BTO_0000018,BTO_0000014,-,BTO_0005816,CLO_0001601,-
iPS-DF-6.9,CL,CLO_0037308,CLO_0006966,CL_0002248,CL_0000015,-,UBERON_0001005,-,BTO_0004272,UBERON_2001840,-,CLO_0002755,-
Rh1,CL,CLO_0009878,CLO_0032936,CL_0002322,CL_0009000,-,UBERON_0010314,BTO_0005378,BTO_0002970,-,-,CLO_0008812,PR_000008982
BCBL-1,CL,-,CLO_0002387,CL_0000236,CL_0000236,UBERON_0000178,UBERON_0000455,BTO_0002727,BTO_0000930,UBERON_0006107,BTO_0002727,CLO_0008761,-
MOLM13_SIK3TQ,CL,CLO_0009848,CLO_0051280,CL_0000763,CL_0000542,UBERON_0000178,UBERON_0000000,BTO_0004175,BTO_0000647,-,BTO_0004175,CLO_0009848,-
U266_plasma_cell_myeloma,CL,CLO_0009457,CLO_0002264,CL_0000763,CL_0000785,UBERON_0000178,UBERON_0002385,BTO_0001594,BTO_0001161,CL_0000786,BTO_0000392,CL_0000786,CL_0000786
iPS-20b_Cell_Line,CL,CLO_0037308,CLO_0037296,CL_0002248,CL_0000010,-,UBERON_0000468,-,BTO_0002692,CL_0000039,BTO_0000374,CLO_0000001,CL_0007015
HUDEP-2_WT,CL,-,CLO_0034335,CL_0000038,CL_0000188,UBERON_0012168,UBERON_0000178,-,BTO_0002051,-,-,-,-
GBM_R28,CL,-,CLO_0001232,CL_0002319,CL_0002598,UBERON_0000955,UBERON_0000956,-,BTO_0000312,UBERON_0005569,-,DOID_3068,CL_0000690
HPAFII WT,CL,-,CLO_0050841,CL_1001599,CL_0000000,UBERON_0001264,UBERON_0000000,BTO_0003266,BTO_0006300,PR_Q02548,BTO_0003266,CLO_0003816,PR_P26367
RL_R1446C_gRNA1,CL,CLO_0008828,CLO_0037298,CL_0000236,CL_0009015,UBERON_0000178,UBERON_0000000,BTO_0003230,BTO_0000000,-,BTO_0003230,CLO_0008828,-
SK-N-BE_2_-C_naive_JQ1,CL,CLO_0009053,CLO_0050851,CL_0000031,CL_0000169,UBERON_0001016,UBERON_0000955,BTO_0004782,BTO_0000667,CL_0000788,BTO_0005871,CL_0000898,CL_0000898
T778,CL,-,CLO_0022474,CL_0000057,CL_0000056,UBERON_0003693,UBERON_0002048,-,BTO_0000111,-,-,CLO_0024635,-
cord blood derived cell line:COBL-a untreated,CL,-,CLO_0000474,CL_0000988,CL_0000897,UBERON_0002331,UBERON_0012168,-,BTO_0000296,CL_0000232,BTO_0002667,CL_0000081,CL_0000081
PEO1_ovarian_cystadenocarcinoma,CL,-,CLO_0007781,CL_0000066,CL_0000000,UBERON_0000992,UBERON_0000000,BTO_0005796,BTO_0005211,UBERON_0001145,BTO_0005122,DOID_3713,UBERON_0006960
HCT116_Heterozygous_ARID1A-KO,CL,CLO_0003665,CLO_0050461,CL_0011108,CL_0000057,UBERON_0001155,UBERON_0000478,BTO_0001109,BTO_0002747,-,BTO_0000600,-,-
MG63,CL,CLO_0007699,CLO_0008648,CL_0001035,CL_0000000,UBERON_0002481,UBERON_0000000,BTO_0001596,BTO_0000845,-,BTO_0001596,CLO_0007699,-
RL95-2_endometrial_adenosquamous_carcinoma,CL,CLO_0008830,CLO_0007824,CL_0002149,CL_0000000,UBERON_0001295,UBERON_0002097,BTO_0004491,BTO_0000130,UBERON_0002337,BTO_0003849,DOID_2871,UBERON_0002337
EEC16,CL,-,CLO_0050855,CL_0000066,CL_0000001,UBERON_0000992,UBERON_0002107,-,BTO_0003670,-,-,CLO_0002096,-
GM12871_male_B-cells,CL,CLO_0022828,CLO_0000127,CL_0000236,CL_0000236,UBERON_0000178,UBERON_0000178,-,BTO_0000162,CL_0000015,BTO_0001655,CLO_0022828,CL_0000015
NCI-H1975,CL,CLO_0008035,CLO_0003408,CL_0000082,CL_0000000,UBERON_0002048,UBERON_0000000,BTO_0004824,BTO_0004372,-,BTO_0004824,CLO_0008035,-
RMS237,CL,-,CLO_0000247,CL_0000737,CL_0000048,UBERON_0002036,UBERON_0002107,BTO_0001802,BTO_0000607,-,-,CLO_0035378,-
PATU8988,CL,CLO_0008383,CLO_0002894,CL_0000083,CL_0000000,UBERON_0001264,UBERON_0000000,BTO_0005191,BTO_0000123,-,BTO_0005191,CLO_0011104,-
SUIT2_MTV,CL,CLO_0037114,CLO_0050837,CL_1001433,CL_0000000,UBERON_0000017,UBERON_0000000,BTO_0003493,BTO_0001682,UBERON_0006337,BTO_0003493,CLO_0037114,-
PANC1_3,CL,CLO_0008381,CLO_0003131,CL_0000169,CL_0000057,UBERON_0001264,UBERON_0000000,BTO_0000304,BTO_0002091,NCBITAXON_9596,BTO_0000304,NCBITAXON_9596,UBERON_0001264
A-549,CL,CLO_0001601,CLO_0007788,CL_0000082,CL_0008001,UBERON_0002048,UBERON_0000000,BTO_0000018,BTO_0000003,-,BTO_0000018,CLO_0036157,-
CLB-GA,CL,-,CLO_0050857,CL_0000031,CL_0000875,UBERON_0001016,UBERON_0010414,-,BTO_0003913,UBERON_0008791,-,CLO_0003438,-
Kasumi-1,CL,CLO_0007069,CLO_0002478,CL_0000763,CL_0000000,UBERON_0000178,UBERON_0000000,BTO_0004136,BTO_0000205,UBERON_0007362,BTO_0004136,CLO_0007069,-
H9_Derived_Neuronal_Progenitor_Cultured_Cells,CL,-,CLO_0006369,CL_0011020,CL_0000062,UBERON_0001016,UBERON_0014323,-,BTO_0005900,CL_0011026,BTO_0000214,CL_0000010,CL_0011020
HUVEC-C_HUVEC_umbilical_vein_endothelial_cells_TNF_30M,CL,CLO_0004307,CLO_0003707,CL_0002618,CL_0002618,UBERON_0002331,UBERON_0001038,BTO_0001949,BTO_0000461,CL_0002618,BTO_0004296,CLO_0000780,CL_0002618
IMEC,CL,-,CLO_0002862,CL_0002327,-,UBERON_0000310,-,BTO_0004896,BTO_0001189,CL_0011030,BTO_0004896,CLO_0009608,CL_0011030
H7-WT,CL,-,CLO_0003619,CL_0002322,CL_0002329,-,UBERON_0000955,BTO_0006061,BTO_0001147,-,-,CLO_0001348,-
serous adenocarcinoma cell line:JHOS-2,CL,CLO_0051440,CLO_0002526,CL_2000063,CL_0000000,UBERON_0000992,UBERON_0000000,-,BTO_0002533,CL_0000313,BTO_0003803,DOID_5744,CL_0000313
HEK293 no dox,CL,CLO_0001230,CLO_0003684,CL_0002518,CL_0002326,UBERON_0002113,UBERON_0000467,BTO_0000007,BTO_0001222,-,BTO_0000007,CLO_0001230,-
FW18,CL,-,CLO_0009250,CL_0009004,CL_000000,UBERON_0000966,UBERON_0000000,-,BTO_0000000,-,-,CLO_0003408,-
glioma cell line:GI-1,CL,CLO_0050634,CLO_0037226,CL_0000125,CL_0000747,UBERON_0000955,UBERON_0000955,-,BTO_0000522,CL_0000125,BTO_0000711,EFO_0000520,CL_0000125
MCF7_Invasive_ductal_breast_carcinoma_TAM,CL,CLO_0007606,CLO_0007981,CL_0002327,CL_0002325,UBERON_0000310,UBERON_0001822,BTO_0000093,BTO_0000257,UBERON_0000310,BTO_0002844,DOID_3008,UBERON_0000310
endometrial stromal sarcoma cell line:OMC-9,CL,CLO_0050888,CLO_0050668,CL_0002255,CL_0008000,UBERON_0001295,UBERON_0001295,-,BTO_0005913,CL_0002255,BTO_0003598,DOID_4226,CL_0002255
LPS141,CL,-,CLO_0051527,CL_0000136,CL_2000031,UBERON_0001013,UBERON_0001027,-,BTO_0000112,-,BTO_0006526,CLO_0030826,PR_000002105
HepG2_shNS,CL,CLO_0003704,CLO_0002044,CL_0000182,CL_0000182,UBERON_0002107,UBERON_0002107,BTO_0000599,BTO_0003661,-,BTO_0006301,CLO_0037360,-
RPMI 2650,CL,CLO_0008876,CLO_0003451,CL_0000076,CL_0000000,UBERON_0001706,UBERON_0000000,BTO_0004205,BTO_0001088,-,BTO_0004205,CLO_0008869,-
15242A,CL,-,CLO_0001584,CL_0000192,CL_0000057,UBERON_0000995,UBERON_0000000,-,BTO_0000000,UBERON_0015242,-,CLO_0027447,-
LNCaP_C4-2B_prostate_carcinoma_R1881_SHCTR,CL,-,CLO_0002224,CL_0002231,CL_0002322,UBERON_0002367,UBERON_0002367,BTO_0004959,BTO_0000801,UBERON_0002367,BTO_0002021,DOID_10286,UBERON_0002367
HSQ-89,CL,CLO_0050085,CLO_0009786,CL_0000076,CL_0000000,UBERON_0001707,UBERON_0000000,-,BTO_0006316,-,-,CLO_0007858,-
L1236_Hodgkin_lymphoma,CL,CLO_0037179,CLO_0009024,CL_0000542,CL_0001051,UBERON_0000178,UBERON_0000029,-,BTO_0005280,-,BTO_0004974,DOID_8567,-
SaOS2_osteosarcoma,CL,CLO_0008947,CLO_0007706,CL_0001035,CL_0000000,UBERON_0002481,UBERON_0000000,BTO_0000971,BTO_0001880,PR_P01101,BTO_0000970,EFO_0000637,PR_P01101
SET2,CL,-,CLO_0050913,CL_0000553,CL_0000868,UBERON_0002371,UBERON_0013704,-,BTO_0000895,UBERON_0001032,BTO_0004212,UBERON_0001032,UBERON_0001032
MCF7_Invasive_ductal_breast_carcinoma_DEX,CL,CLO_0007606,CLO_0002312,CL_0002327,CL_0002326,UBERON_0000310,UBERON_0000310,BTO_0000093,BTO_0000357,UBERON_0000310,BTO_0002844,DOID_3008,UBERON_0000310
NCI-H1048,CL,CLO_0007979,CLO_0002841,CL_0000082,CL_0000000,UBERON_0002048,UBERON_0000000,BTO_0005974,BTO_0005842,-,BTO_0005974,CLO_0007979,-
HuH-7,CL,CLO_0050850,CLO_0002770,CL_0000182,CL_0002323,UBERON_0002107,UBERON_0002073,BTO_0001950,BTO_0002042,UBERON_0016857,BTO_0005773,CLO_0009989,-
WT 9-12_control_Nrf2_SFN,CL,-,CLO_0008980,CL_1000497,CL_0000233,UBERON_0002113,UBERON_0002298,-,BTO_0003240,GO_0003071,-,-,GO_0003071
HAP1_WT,CL,-,CLO_0007863,CL_0000763,CL_0000000,UBERON_0002371,UBERON_0000000,-,BTO_0000000,PATO_0001375,BTO_0003618,PATO_0001375,ENSEMBL_ENSG00000137804
MCF7_Invasive_ductal_breast_carcinoma_E2_SHCTCF,CL,CLO_0007606,CLO_0007615,CL_0002327,CL_0002329,UBERON_0000310,UBERON_0001891,BTO_0000093,BTO_0000268,UBERON_0000310,BTO_0002844,DOID_3008,UBERON_0000310
acute lymphoblastic leukemia (T-ALL) cell line:HPB-ALL,CL,CLO_0003817,CLO_0008230,CL_0000084,CL_0000451,UBERON_0000178,UBERON_0002048,BTO_0001952,BTO_0002763,PR_000016043,BTO_0002144,DOID_5603,PR_000016043
K562_MYO1D_Hub_KO,CL,CLO_0007059,CLO_0002732,CL_0000763,CL_0000094,UBERON_0002371,UBERON_0002367,BTO_0000664,BTO_0003493,-,-,CLO_0007060,-
BT245,CL,-,CLO_0002928,CL_0000031,CL_0000000,UBERON_0001016,UBERON_0000000,BTO_0005952,BTO_0000217,UBERON_0003245,BTO_0005952,CLO_0035384,-
MCF7_TET2WT-E2,CL,CLO_0007606,CLO_0001163,CL_0002327,CL_0000000,UBERON_0000310,UBERON_0000000,BTO_0000093,BTO_0000065,-,BTO_0004654,CLO_0007606,-
A1A3,CL,-,CLO_0000043,CL_0002327,CL_0002231,UBERON_0000310,UBERON_0006620,-,BTO_0000001,UBERON_0003883,BTO_0001342,CLO_0007948,PR_000004919
HUES48 cells,CL,-,CLO_0037311,CL_0002322,CL_0002319,UBERON_0000922,UBERON_0000104,-,BTO_0000590,UBERON_2000711,BTO_0002158,CLO_0037316,-
786-O_HIF2A,CL,CLO_0001486,CLO_0002253,CL_1000497,CL_0000182,UBERON_0002113,UBERON_0006535,-,BTO_0000003,-,-,-,-
HeLa-S3 cervical carcinoma,CL,CLO_0003696,CLO_0007773,CL_0002535,CL_0002325,UBERON_0000002,UBERON_0002384,BTO_0000568,BTO_0000246,UBERON_0000962,BTO_0000180,-,UBERON_0000962
TEX-Luciferase-Rx_cells,CL,-,CLO_0050871,CL_0000034,CL_2000010,UBERON_0002371,UBERON_0000468,BTO_0006359,BTO_0005009,UBERON_2007011,BTO_0006359,PR_000006611,CL_0011025
OCI-LY3_diffuse_large_B-cell_lymphoma,CL,-,CLO_0009144,CL_0000236,CL_0000236,UBERON_0002371,UBERON_0000029,-,BTO_0000352,UBERON_2000193,BTO_0002521,DOID_0060058,CL_4033027
P493-6_B-cell_lymphoma_SHTERT,CL,-,CLO_0033464,CL_0000236,CL_0000236,UBERON_0000178,UBERON_0000029,BTO_0003291,BTO_0000142,CL_0000236,BTO_0000785,DOID_0060058,PR_000003450
Mero-95,CL,-,CLO_0002974,CL_0000077,CL_0000000,UBERON_0002048,UBERON_0000000,-,BTO_0003922,-,BTO_0001444,CLO_0003231,PR_000001894
HCC-15,CL,CLO_0009999,CLO_0003638,CL_0000082,CL_0000000,UBERON_0002048,UBERON_0000000,-,BTO_0000963,UBERON_2000852,BTO_0005295,CLO_0009999,PR_P06307
ES-UCSF4 cells,CL,-,CLO_0007631,CL_0002322,CL_0002327,UBERON_0000922,UBERON_0000104,-,BTO_0000239,-,-,-,-
MUTZ-3,CL,CLO_0007903,CLO_0002599,CL_0000763,CL_0000000,UBERON_0000178,UBERON_0000000,-,BTO_0001565,UBERON_0003045,BTO_0004768,CLO_0007901,-
MDA-MB-468_breast_adenocarcinoma,CL,CLO_0007641,CLO_0002767,CL_0002327,CL_0002321,UBERON_0000310,UBERON_0000310,BTO_0001570,BTO_0000268,UBERON_0000310,BTO_0001912,DOID_3458,UBERON_0000310
teratocarcinoma cell line:PA-1,CL,CLO_0008350,CLO_0007767,CL_0000021,CL_0000000,UBERON_0000992,UBERON_0000000,BTO_0001591,BTO_0001123,UBERON_0010202,BTO_0000306,CLO_0000001,UBERON_0010202
iPS DF 19.11 cells,CL,CLO_0037308,CLO_0007419,CL_0002248,CL_0000019,-,UBERON_0001062,-,BTO_0003753,UBERON_2000754,-,CLO_0002755,-
LNCaP_R1881,CL,CLO_0007365,CLO_0002327,CL_0002231,CL_0002328,UBERON_0002367,UBERON_0000000,BTO_0001321,BTO_0000055,-,BTO_0001321,CLO_0037116,CL_0000676
neuroectodermal tumor cell line:TASK1,CL,CLO_0037092,CLO_0001047,CL_0011012,CL_0008001,UBERON_0000010,UBERON_0002534,-,BTO_0000121,UBERON_0002346,BTO_0005120,DOID_171,UBERON_0002346
FW15,CL,-,CLO_0050847,CL_0009004,CL_0002319,UBERON_0000966,UBERON_0002107,-,BTO_0000322,-,-,CLO_0003408,-
SUP-B15_Childhood_B_acute_lymphoblastic_leukemia,CL,CLO_0009161,CLO_0007236,CL_0017006,CL_0000837,UBERON_0002371,UBERON_0000178,-,BTO_0005703,PR_000016043,BTO_0000731,DOID_7757,PR_000016043
OVCA429_shLuc,CL,-,CLO_0008258,CL_0000066,CL_0000000,UBERON_0000992,UBERON_0000000,BTO_0002564,BTO_0001505,-,BTO_0002564,CLO_0008279,-
Rec-1_GSI,CL,CLO_0037056,CLO_0007753,CL_0000236,CL_0000001,UBERON_0000178,UBERON_0006928,BTO_0003558,BTO_0000598,-,BTO_0003160,-,-
NCI-H1299_wtSMARCA4_Dox,CL,CLO_0007986,CLO_0002776,CL_0000082,CL_0000057,UBERON_0002048,UBERON_0000178,BTO_0002552,BTO_0002080,UBERON_0003884,BTO_0002552,CLO_0007986,UBERON_0003884
CRC_7A,CL,-,CLO_0007873,CL_0011108,CL_0002321,UBERON_0001155,UBERON_0000428,-,BTO_0006047,CL_0000669,-,-,CL_0000669
SMS-KCN,CL,-,CLO_0000281,CL_0000031,CL_0000000,UBERON_0001016,UBERON_0000000,BTO_0003548,BTO_0002368,NCBITAXON_131567,BTO_0003548,-,ENSEMBL_ENSG00000082482
LCLGM10861,CL,CLO_0024094,CLO_0050388,CL_0000236,CL_0000451,UBERON_0000178,UBERON_0000467,-,BTO_0000207,-,-,CLO_0024094,-
KYSE180,CL,CLO_0007130,CLO_0051434,CL_0000076,CL_0000000,UBERON_0001043,UBERON_0000000,-,BTO_0005883,-,BTO_0004461,CLO_0007130,PR_000001017
U87_FBS,CL,CLO_0009464,CLO_0002600,CL_0000127,CL_0000000,UBERON_0000955,UBERON_0000000,BTO_0002036,BTO_0000239,-,BTO_0006374,CLO_0009463,-
HCC1599,CL,CLO_0003641,CLO_0009275,CL_0002327,CL_0000000,UBERON_0000310,UBERON_0000000,-,BTO_0005778,-,-,CLO_0003641,PR_P06307
SU-DHL-2,CL,-,CLO_0003590,CL_0000236,CL_0000000,UBERON_0000178,UBERON_0000000,BTO_0006463,BTO_0000180,-,BTO_0004076,DOID_8567,-
K562_native,CL,CLO_0007059,CLO_0003673,CL_0000763,CL_0000094,UBERON_0002371,UBERON_0000068,BTO_0000664,BTO_0000429,GO_0032815,BTO_0001434,CL_0000003,GO_0051134
mdamb175vii,CL,CLO_0007633,CLO_0002871,CL_0002327,CL_0000000,UBERON_0000310,UBERON_0000000,BTO_0003471,BTO_0001099,-,BTO_0003471,CLO_0037291,-
SU-DHL-6_diffuse_large_B-cell_lymphoma,CL,CLO_0037063,CLO_0008414,CL_0000236,CL_0000236,UBERON_0000178,UBERON_0000029,-,BTO_0000268,UBERON_2000193,BTO_0002521,DOID_0060058,CL_4033032
iPS-18axian,CL,CLO_0037308,CLO_0003577,CL_0002248,CL_0001034,-,UBERON_0000468,-,BTO_0002774,UBERON_2000039,-,-,UBERON_0003897
HCC1954,CL,CLO_0003647,CLO_0050891,CL_0002327,CL_0000000,UBERON_0000310,UBERON_0000000,BTO_0005368,BTO_0006055,-,BTO_0005368,CLO_0003647,PR_P06307
MOLT4_2,CL,CLO_0007825,CLO_0011507,CL_0000084,CL_0000236,UBERON_0000178,UBERON_0001062,BTO_0000873,BTO_0000768,UBERON_0018606,BTO_0004870,CLO_0007824,GO_0042303
SKNMC,CL,CLO_0009058,CLO_0007706,CL_0000031,CL_0000001,UBERON_0000955,UBERON_0001062,BTO_0002914,BTO_0004484,-,-,CLO_0009953,-
WIL2-NS,CL,CLO_0009604,CLO_0007609,CL_0000945,CL_,UBERON_0002106,UBERON_,-,BTO_0003241,UBERON_0003709,BTO_0001524,CLO_0009601,UBERON_0003709
H7-hESC,CL,-,CLO_0037367,CL_0002322,CL_0002248,UBERON_0000922,UBERON_0000104,-,BTO_0000999,-,BTO_0006080,-,CL_0002322
MCF7_Invasive_ductal_breast_carcinoma_TAMR_E2_TAM,CL,CLO_0007606,CLO_0008471,CL_0002327,CL_0002321,UBERON_0000310,UBERON_0003105,BTO_0000093,BTO_0000188,UBERON_0000310,BTO_0002844,DOID_3008,UBERON_0000310
SKH1_chronic_myelogenous_leukemia_BCR-ABL1_positive,CL,-,CLO_0009248,CL_0000763,CL_0000451,UBERON_0000178,UBERON_0000178,-,BTO_0001609,GO_1904951,BTO_0005322,DOID_8552,GO_1904951
H1 BMP4 Derived Mesendoderm Cultured Cells,CL,-,CLO_0037295,CL_0002321,CL_2000042,UBERON_0000922,UBERON_0000104,BTO_0003953,BTO_0003247,CL_0000223,BTO_0003953,CL_0000010,CL_0000010
U2OS_osteosarcoma_HEAT_20,CL,CLO_0009454,CLO_0007712,CL_0001035,CL_0002620,UBERON_0002481,UBERON_0004339,BTO_0001938,BTO_0000923,PR_P01101,BTO_0000970,EFO_0000637,PR_P01101
BE2C_2,CL,-,CLO_0007725,CL_0000031,CL_0000003,UBERON_0000955,UBERON_0001062,BTO_0004782,BTO_0000246,-,-,CLO_0001922,ENSEMBL_ENSG00000175063
WS3TF,CL,-,CLO_0008872,CL_0002327,CL_0000127,UBERON_0000310,UBERON_0000153,-,BTO_0000916,-,-,-,-
glioblastoma cell line:T98G,CL,CLO_0009258,CLO_0003671,CL_0000057,CL_0000000,UBERON_0000955,UBERON_0000000,BTO_0001583,BTO_0000604,CL_0000030,BTO_0001530,DOID_3068,CL_0000030
HGRT,CL,CLO_0050118,CLO_0039011,CL_0002248,CL_0002003,UBERON_0002358,UBERON_0000000,-,BTO_0003619,-,-,-,-
mesothelioma cell line:ACC-MESO-4,CL,CLO_0050083,CLO_0050858,CL_0002078,CL_0000182,UBERON_0000977,UBERON_0000175,-,BTO_0006385,CL_0000077,BTO_0002424,CL_0000077,CL_0000077
Lu99B,CL,CLO_0050042,CLO_0050628,-,CL_0000000,UBERON_0002048,UBERON_0000000,-,BTO_0000570,-,-,CLO_0037029,-
HT1080_DOX5d,CL,CLO_0004276,CLO_0002739,CL_0000066,CL_0000030,UBERON_0002384,UBERON_0004535,BTO_0001282,BTO_0001444,-,BTO_0001282,CLO_0004266,-
MCF10A-YAP5SA_ctrl,CL,CLO_0007599,CLO_0007676,CL_0002327,CL_0000182,UBERON_0000310,UBERON_0000045,BTO_0001939,BTO_0000346,-,BTO_0001939,CLO_0007599,-
KARPAS-422_DMSO_8d,CL,CLO_0007066,CLO_0005585,CL_0000236,CL_0000031,UBERON_0000178,UBERON_0002398,BTO_0004981,BTO_0002266,-,BTO_0004981,CLO_0007066,-
G401_Dox,CL,CLO_0003434,CLO_0000657,CL_0002518,CL_0000169,UBERON_0002113,UBERON_0002048,BTO_0002586,BTO_0000184,-,BTO_0002586,CLO_0035624,CL_1000401
A498,CL,-,CLO_0050200,CL_1000497,CL_0000000,UBERON_0002113,UBERON_0000000,-,BTO_0000000,-,BTO_0003769,CLO_0009974,-
SET-2_WT_DMSO,CL,-,CLO_0000356,CL_0000553,CL_0000447,UBERON_0002371,UBERON_0001062,-,BTO_0000106,UBERON_0002109,BTO_0004212,IAO_0000100,UBERON_0001032
VACO_400,CL,-,CLO_0007594,CL_0011108,CL_0000000,UBERON_0001155,UBERON_0000000,BTO_0004764,BTO_0006439,GO_0005773,BTO_0002739,CLO_0029651,GO_0005773
TT1TKB,CL,CLO_0051401,CLO_0000178,CL_0002253,CL_0000897,UBERON_0001052,UBERON_0002113,-,BTO_0003226,-,-,CLO_0037139,-
SUIT2_TP63dN,CL,CLO_0037114,CLO_0108012,CL_1001433,CL_0002062,UBERON_0000017,UBERON_0000397,BTO_0003493,BTO_0005953,UBERON_0006337,BTO_0003493,CLO_0037114,-
MDA-MB-157_triple_negative_breast_carcinoma,CL,CLO_0007632,CLO_0002979,CL_0002327,CL_0002325,UBERON_0000310,UBERON_0000310,BTO_0006218,BTO_0006170,GO_0009895,BTO_0000185,EFO_0000305,CL_0000998
HO-1-u-1,CL,CLO_0051384,CLO_0050852,CL_0000076,CL_0000000,UBERON_0012102,UBERON_0000000,BTO_0005948,BTO_0000995,-,BTO_0000246,CLO_0009449,-
LNCaP_prostate_carcinoma_CSFCS,CL,CLO_0007365,CLO_0002423,CL_0002231,CL_0000188,UBERON_0002367,UBERON_0002367,BTO_0001321,BTO_0004095,UBERON_0002367,BTO_0002021,DOID_10286,UBERON_0002367
NCI-H69,CL,CLO_0008105,CLO_0002531,CL_0000082,CL_0000000,UBERON_0002048,UBERON_0000000,BTO_0003022,BTO_0000443,-,BTO_0003022,CLO_0003609,-
AG04450,CL,-,CLO_0002752,CL_0002553,CL_0000000,UBERON_0002048,UBERON_0000000,-,BTO_0000000,-,-,CLO_0034832,-
A673 STAG2 null,CL,CLO_0001605,CLO_0007787,CL_0000187,CL_0000000,UBERON_0005090,UBERON_0000000,BTO_0003768,BTO_0000011,PR_000003460,BTO_0004716,CLO_0001605,PR_000003460
HL60,CL,CLO_0003775,CLO_0000024,CL_0000763,CL_0000236,UBERON_0000178,UBERON_0000013,BTO_0000738,BTO_0000207,-,BTO_0003572,CLO_0003779,-
AG10803,CL,CLO_0021511,CLO_0050071,CL_0002620,CL_0000000,UBERON_0003684,UBERON_0000000,-,BTO_0000702,-,BTO_0001282,CLO_0021511,-
xeroderma pigentosum b cell line:XPL 17,CL,CLO_0051020,CLO_0003356,CL_0000542,CL_0000236,UBERON_0000178,UBERON_0000483,-,BTO_0000287,UBERON_0001782,-,DOID_0050427,UBERON_0001782
hFOB_undifferentiated,CL,CLO_0003737,CLO_0050865,CL_0000062,CL_0000000,UBERON_0002481,UBERON_0000000,BTO_0005224,BTO_0000744,UBERON_0005564,BTO_0005579,PATO_0002100,UBERON_0005564
RWPE1 Schlap1 rep1,CL,CLO_0008905,CLO_0007786,CL_0002231,CL_0000037,UBERON_0002367,UBERON_0002107,BTO_0003709,BTO_0000205,-,BTO_0003709,CLO_0008285,ENSEMBL_ENSG00000137804
WA01_H1_human_embryonic_stem_cells_MESEN_STEM,CL,-,CLO_0050851,CL_0002322,CL_0002322,UBERON_0000922,UBERON_0002007,BTO_0006060,BTO_0002989,CL_0000034,BTO_0001086,CLO_0037280,CL_0002322
UACC62,CL,-,CLO_0002501,CL_2000000,CL_0000000,UBERON_0001003,UBERON_0000000,BTO_0004152,BTO_0000206,-,BTO_0004152,CLO_0037135,-
TTC1240_SMARCB1_K364del,CL,-,CLO_0050148,CL_1000497,CL_0000000,UBERON_0002113,UBERON_0000000,-,BTO_0000000,-,-,CLO_0050312,-
MCF7_CPI-455,CL,CLO_0007606,CLO_0002765,CL_0002327,CL_0000000,UBERON_0000310,UBERON_0000000,BTO_0000093,BTO_0000333,-,-,CLO_0001375,-
teratocarcinoma cell line:NCC-IT-A3,CL,CLO_0037149,CLO_0002934,CL_0000015,CL_0009000,UBERON_0000473,UBERON_0001062,-,BTO_0001169,UBERON_0010202,BTO_0000306,CLO_0001577,GO_0036484
VCaP_prostate_carcinoma_R1881_4H,CL,CLO_0037117,CLO_0007770,CL_0002231,CL_0000184,UBERON_0002367,UBERON_0002367,BTO_0003215,BTO_0002921,UBERON_0002367,BTO_0002021,DOID_10286,UBERON_0002367
TE 354.T,CL,CLO_0009299,CLO_0002847,CL_0002187,CL_0000018,UBERON_0001003,UBERON_0000478,-,BTO_0000204,-,BTO_0004443,CLO_0009299,CHEBI_25354
panc1,CL,CLO_0008381,CLO_0007764,CL_0000169,CL_0000692,UBERON_0001264,UBERON_0001264,BTO_0000304,BTO_0002085,NCBITAXON_9596,BTO_0000304,NCBITAXON_9596,UBERON_0001264
EP156T,CL,-,CLO_0007566,CL_0002231,CL_0000000,UBERON_0002367,UBERON_0000000,-,BTO_0001078,-,-,-,-
HME1,CL,CLO_0004291,CLO_0002871,CL_0002327,CL_0000003,UBERON_0000310,UBERON_0001474,-,BTO_0002785,-,BTO_0002769,CLO_0037172,PR_Q12866
ME-1_acute_myeloid_leukemia_,CL,CLO_0009847,CLO_0050927,CL_0000763,CL_0000236,UBERON_0000178,UBERON_0000178,-,BTO_0002098,CL_0000766,BTO_0001545,DOID_9119,PR_000014362
H9_ESC,CL,CLO_0003612,CLO_0037126,CL_0000084,CL_0002328,UBERON_0000178,UBERON_0000104,BTO_0001944,BTO_0003579,-,BTO_0006080,CLO_0037313,CL_0002322
Tet21N_neuroblastoma,CL,-,CLO_0050916,CL_0000031,CL_0000740,UBERON_0001016,UBERON_0000955,BTO_0004654,BTO_0002088,CL_0000031,BTO_0000931,EFO_0000621,CL_0000031
GM12870_male_B-cells,CL,CLO_0022829,CLO_0003006,CL_0000236,CL_0000236,UBERON_0000178,UBERON_0000178,-,BTO_0002490,CL_0000015,BTO_0001655,CLO_0022829,CL_0000015
SKNO-1,CL,-,CLO_0002395,CL_0000763,CL_0000000,UBERON_0000178,UBERON_0000000,-,BTO_0001245,-,-,CLO_0009953,-
HUVEC-C_HUVEC_umbilical_vein_endothelial_cells_HYPOX,CL,CLO_0004307,CLO_0002612,CL_0002618,CL_0002618,UBERON_0002331,UBERON_0002054,BTO_0001949,BTO_0001231,CL_0002618,BTO_0004296,CLO_0000780,CL_0002618
RMG-I,CL,CLO_0037103,CLO_0002588,-,CL_0000000,UBERON_0000992,UBERON_0000000,BTO_0004930,BTO_0000581,UBERON_0006048,BTO_0004930,CLO_0037103,-
RWPE1_prostate_epithelial_cells,CL,CLO_0008905,CLO_0007409,CL_0002231,CL_0002321,UBERON_0002367,UBERON_0002367,BTO_0003709,BTO_0006045,CL_0002231,BTO_0006252,UBERON_0000428,CL_0002231
KYSE180_1,CL,CLO_0007130,CLO_0007691,CL_0000076,CL_0000000,UBERON_0001043,UBERON_0000000,-,BTO_0007320,-,BTO_0004461,CLO_0007130,-
sacrococcigeal teratoma cell line:HTST,CL,CLO_0050139,CLO_0034773,CL_0000586,CL_0000000,UBERON_0001350,UBERON_0000000,-,BTO_0006167,UBERON_0011200,BTO_0000306,-,-
ID00016,CL,CLO_0029230,CLO_0000162,CL_0000542,CL_0000016,UBERON_0000178,UBERON_0000016,-,BTO_0000160,UBERON_0000169,-,CLO_0029230,BFO_0000019
LNCaP_prostate_carcinoma_PHFRPMIFCS,CL,CLO_0007365,CLO_0002329,CL_0002231,CL_0000182,UBERON_0002367,UBERON_0002367,BTO_0001321,BTO_0001238,UBERON_0002367,BTO_0002021,DOID_10286,UBERON_0002367
81-3,CL,CLO_0001001,CLO_0007484,CL_0000542,CL_0000001,UBERON_0000178,UBERON_0000965,-,BTO_0002595,UBERON_8490025,BTO_0004281,CLO_0003220,PR_000001256
Detroit_562_Pharyngeal_squamous_cell_carcinoma,CL,CLO_0002752,CLO_0002804,CL_0002251,CL_0002325,UBERON_0006562,UBERON_0006562,-,BTO_0001868,UBERON_0009145,BTO_0003773,CLO_0002752,UBERON_0002539
MIA Paca2,CL,CLO_0007726,CLO_0002589,CL_0002079,-,UBERON_0001264,-,BTO_0002137,BTO_0001324,UBERON_0003882,BTO_0002138,CLO_0007726,-
NCI-H889_p8-15,CL,CLO_0008125,CLO_0002887,CL_0000082,CL_0000000,UBERON_0002048,UBERON_0000000,BTO_0005667,BTO_0002722,-,BTO_0005667,CLO_0008125,-
NB4_1,CL,CLO_0007947,CLO_0001092,CL_0000763,CL_0000001,UBERON_0000178,UBERON_0000468,BTO_0002136,BTO_0000323,-,BTO_0006043,CLO_0007948,ENSEMBL_ENSG00000206073
ZR751,CL,-,CLO_0007608,CL_0002327,CL_0000000,UBERON_0000310,UBERON_0000000,BTO_0003136,BTO_0001144,-,BTO_0004453,CLO_0009924,-
CAOV4cis,CL,CLO_0002196,CLO_0007771,CL_2000064,CL_0000000,UBERON_0000992,UBERON_0000000,-,BTO_0000578,-,BTO_0000814,CLO_0002195,-
GM06990_female_B-cells,CL,CLO_0036556,CLO_0003677,CL_0000236,CL_0000236,UBERON_0000178,UBERON_0000178,-,BTO_0000841,CL_0000021,BTO_0001654,CLO_0036556,CL_0000021
BJAB_Burkitt_lymphoma_BIRA,CL,-,CLO_0001966,CL_0000236,CL_0000236,UBERON_0000178,UBERON_0000029,BTO_0001931,BTO_0000214,-,BTO_0000164,DOID_8584,PR_000001209
U87_EGFRvIII_shSOX9_FBS,CL,CLO_0009464,CLO_0008757,CL_0000127,CL_0000057,UBERON_0000955,UBERON_0000468,BTO_0002036,BTO_0000123,-,-,CLO_0037276,-
acute myeloid leukemia (FAB M2) cell line:Kasumi-6,CL,CLO_0007072,CLO_0006694,CL_0000763,CL_0000183,UBERON_0000178,UBERON_0000178,-,BTO_0006841,CL_0000763,BTO_0001883,DOID_9119,PR_000014362
BE2C,CL,-,CLO_0007571,CL_0000031,CL_0000000,UBERON_0000955,UBERON_0000000,BTO_0004782,BTO_0000567,-,-,CLO_0001922,ENSEMBL_ENSG00000175063
HuH7_hepatocellular_carcinoma_MITO,CL,CLO_0050850,CLO_0050851,CL_0000182,CL_0000182,UBERON_0002107,UBERON_0002107,BTO_0001950,BTO_0000665,CL_0000182,BTO_0000608,DOID_684,CL_0000182
Mel Juso,CL,CLO_0007676,CLO_0000378,CL_2000000,CL_0000066,UBERON_0001003,UBERON_0002037,BTO_0001588,BTO_0000449,UBERON_2005211,BTO_0001588,CLO_0007676,-
MCF7_DAC,CL,CLO_0007606,CLO_0001172,CL_0002327,CL_0002327,UBERON_0000310,UBERON_0000066,BTO_0000093,BTO_0000348,NCBITAXON_2024747,-,CLO_0007606,CL_4023119
OCI-AML-3,CL,CLO_0009853,CLO_0006817,CL_0000763,CL_0000000,UBERON_0000178,UBERON_0000000,BTO_0004620,BTO_0000227,-,BTO_0004621,CLO_0008235,-
pancreatic carcinoma cell line:NOR-P1,CL,CLO_0050103,CLO_0003052,CL_0000083,CL_0009044,UBERON_0001264,UBERON_0000000,BTO_0003533,BTO_0000206,CL_0000169,BTO_0000183,DOID_4905,CL_0000169
T_A,CL,-,CLO_0002306,CL_0000084,CL_0000093,UBERON_0000178,UBERON_0002107,BTO_0000782,BTO_0001867,CL_0000084,-,CL_0000084,CL_0000084
H9_neural_progenitor_cell,CL,-,CLO_0031110,CL_0011020,CL_0011020,UBERON_0001016,UBERON_0000955,-,BTO_0004757,CL_0011026,BTO_0004093,CLO_0037250,CL_0011020
GM12878_female_B-cells_lymphoblastoid_cell_line,CL,CLO_0022851,CLO_0003673,CL_0000236,CL_0000236,UBERON_0000178,UBERON_0010758,BTO_0006353,BTO_0000377,CL_0000022,BTO_0000773,CLO_0022851,CL_0017005
iPSC_induced_pluripotent_stem_cells,CL,CLO_0037308,CLO_0007804,CL_0002248,CL_0001032,-,UBERON_0000105,BTO_0006081,BTO_0003243,CL_0002248,BTO_0006078,CLO_0037307,CL_0002248
HuH-6,CL,CLO_0050851,CLO_0003244,CL_0000182,CL_0000000,UBERON_0002107,UBERON_0000000,BTO_0001670,BTO_0001186,-,BTO_0005773,CLO_0009989,-
SJSA-1,CL,CLO_0009031,CLO_0009916,CL_0001035,CL_0000000,UBERON_0002481,UBERON_0000000,BTO_0004216,BTO_0000333,-,BTO_0004216,CLO_0009031,-
ST1,CL,-,CLO_0037361,CL_0000084,CL_0000312,UBERON_0000178,UBERON_0000000,-,BTO_0000000,UBERON_6003020,BTO_0006566,CLO_0009141,CL_0000958
MOLM13,CL,CLO_0009848,CLO_0002773,CL_0000763,CL_0000000,UBERON_0000178,UBERON_0000000,BTO_0004175,BTO_0006583,UBERON_1000010,BTO_0004175,CLO_0009848,CL_0003046
HEK293_siBAHD1_W667G_mutant,CL,CLO_0001230,CLO_0001946,CL_0002518,CL_0002321,UBERON_0002113,UBERON_0000468,BTO_0000007,BTO_0000216,-,-,CLO_0001230,-
MKL1_virus_positive,CL,-,CLO_0000512,CL_0000242,CL_0000769,UBERON_0001003,UBERON_0001062,-,BTO_0000944,GO_1904951,-,GO_0043368,GO_1904951
fibrosarcoma cell line:HT-1080,CL,CLO_0004276,CLO_0007762,CL_0000066,CL_0002321,UBERON_0002384,UBERON_0001062,BTO_0001282,BTO_0000441,UBERON_0002209,BTO_0000460,DOID_3355,CL_0000135
LNCaP_prostate_carcinoma_SHCTR_DHT,CL,CLO_0007365,CLO_0002326,CL_0002231,CL_0000185,UBERON_0002367,UBERON_0002367,BTO_0001321,BTO_0000750,UBERON_0002367,BTO_0002021,DOID_10286,UBERON_0002367
SK-N-BE2,CL,CLO_0009052,CLO_0007605,CL_0000031,CL_0000003,UBERON_0001016,UBERON_0001062,BTO_0002696,BTO_0000171,-,-,CLO_0001922,CL_0000944
HelaS3 ENCODE,CL,CLO_0003696,CLO_0006656,CL_0002535,CL_0000057,UBERON_0000002,UBERON_0000468,BTO_0000568,BTO_0000183,-,BTO_0000567,CLO_0003696,-
WA09_embryonic_stem_cells,CL,-,CLO_0008366,CL_0002322,CL_0002322,UBERON_0000922,UBERON_0000104,BTO_0006062,BTO_0003245,UBERON_0000068,BTO_0001086,CLO_0037279,CL_0002322
MO1043_ICN1_HA_H3K27Ac_a,CL,-,CLO_0008122,CL_0000236,CL_0002322,UBERON_0000178,UBERON_0000483,-,BTO_0000254,-,-,CLO_0025326,-
GIST-T1_JQ1,CL,-,CLO_0037305,CL_0002319,CL_0000000,UBERON_0001555,UBERON_0000000,-,BTO_0000633,UBERON_6003020,BTO_0006566,-,CL_0000958
HT29_colon_adenocarcinoma_ROSIG_2H,CL,CLO_0004283,CLO_0008024,CL_0011108,CL_0001034,UBERON_0001155,UBERON_0001155,BTO_0000182,BTO_0000629,UBERON_0001155,BTO_0000032,DOID_234,UBERON_0001155
FaDu,CL,-,CLO_0008925,CL_0000076,CL_0000000,UBERON_0001051,UBERON_0000000,-,BTO_0000494,-,BTO_0003233,CLO_0002993,-
H295R,CL,CLO_0008082,CLO_0004007,CL_0002097,CL_0000000,UBERON_0001235,UBERON_0000000,BTO_0002588,BTO_0000219,-,BTO_0002588,CLO_0008082,-
OCI-Ly10,CL,-,CLO_0007762,CL_0000236,CL_NULL,UBERON_0000029,UBERON_NULL,-,BTO_0003081,-,BTO_0004622,CLO_0009854,-
TS576,CL,-,CLO_0007958,-,CL_0000057,UBERON_0000955,UBERON_0002367,-,BTO_0001150,-,-,CLO_0036223,-
HCC-1428_breast_adenocarcinoma,CL,CLO_0003637,CLO_0007760,CL_0002327,CL_0000182,UBERON_0000310,UBERON_0000310,-,BTO_0000210,UBERON_0000310,BTO_0001912,DOID_3458,UBERON_0000310
MDA-MB-231_ERαWT_0min,CL,CLO_0007634,CLO_0008000,CL_0002327,CL_0000182,UBERON_0000310,UBERON_0001062,BTO_0000815,BTO_0000253,-,-,-,-
hiPSC,CL,CLO_0037308,CLO_0009160,CL_0002248,CL_0001032,-,UBERON_0000105,BTO_0006081,BTO_0003247,UBERON_0001464,BTO_0006081,CLO_0037336,UBERON_0001464
MOLM14_CA25_11,CL,-,CLO_0007088,CL_0000763,CL_0000057,UBERON_0000178,UBERON_0002367,BTO_0005720,BTO_0002914,-,BTO_0005720,-,-
GM15850,CL,CLO_0027780,CLO_0003680,CL_0000236,CL_0000000,UBERON_0000178,UBERON_0000000,-,BTO_0000511,-,-,CLO_0027780,-
TTC-1240_Rhabdoid_tumor_of_the_kidney,CL,-,CLO:0003041,CL_1000497,CL:0000182,UBERON_0002113,UBERON:0002113,-,BTO:0006271,UBERON_0002113,BTO_0000671,UBERON_0002113,UBERON_0002113
U2OS_osteosarcoma_HEAT,CL,CLO_0009454,CLO_0008031,CL_0001035,CL_0002620,UBERON_0002481,UBERON_0000198,BTO_0001938,BTO_0001191,PR_P01101,BTO_0000970,EFO_0000637,PR_P01101
Ly4,CL,-,CLO_0000186,CL_0000236,CL_0000234,UBERON_0000178,UBERON_0002048,-,BTO_0000713,-,-,-,-
NEC14,CL,CLO_0051392,CLO_0008015,CL_0000015,CL:0002320,UBERON_0000473,UBERON_0002450,-,BTO:0006727,UBERON_0000974,BTO_0000420,UBERON_0000974,UBERON_0000974
CyT49_HE,CL,-,CLO_0001578,CL_0002322,CL_0000000,UBERON_0000922,UBERON_0001062,-,BTO_0000995,-,-,CLO_0003673,-
PC3_COMBO,CL,CLO_0008395,CLO_0008139,CL_0002231,CL_0000000,UBERON_0002367,UBERON_0000000,BTO_0001061,BTO_0000246,UBERON_0012176,-,-,-
MDA-MB-231_ER?WT_45min,CL,CLO_0007634,CLO_0002687,CL_0002327,CL_0000182,UBERON_0000310,UBERON_0000178,BTO_0000815,BTO_0001323,-,-,-,PR_000007204
SNU-216,CL,-,CLO_0050891,CL_0002178,CL:0000000,UBERON_0000945,UBERON:0000000,BTO_0004988,BTO:0005020,-,BTO_0004988,CLO_0009095,-
T_C,CL,-,CLO_0050849,CL_0000084,CL_0000081,UBERON_0000178,UBERON_0002048,BTO_0000782,BTO_0000500,CL_0000570,BTO_0000587,CL_0000084,CL_0000570
G401,CL,CLO_0003434,CLO_0002610,CL_0002518,CL_0000000,UBERON_0002113,UBERON_0000000,BTO_0002586,BTO_0000315,-,BTO_0002586,CLO_0035624,CL_1000401
OCI-LY3,CL,-,CLO_0002592,CL_0000236,CL_0000000,UBERON_0002371,UBERON_0000000,-,BTO_0000873,-,BTO_0004622,CLO_0009854,-
HEL92.1.7,CL,CLO_0003682,CLO_0009546,CL_0000763,CL:null,UBERON_0000178,UBERON:null,BTO_0003320,BTO:null,-,-,CLO_0003683,-
ES-WA7 cells,CL,-,CLO_0050841,CL_0002322,CL_0000001,UBERON_0000922,UBERON_0000955,-,BTO_0001479,UBERON_2000711,BTO_0003532,CLO_0001608,-
MKN1,CL,CLO_0050804,CLO_0007702,CL_0002659,CL_0000000,UBERON_0000945,UBERON_0000000,BTO_0002384,BTO_0001467,-,BTO_0002384,CLO_0037142,-
LoVo_colorectal_adenocarcinoma_PHASES,CL,CLO_0007378,CLO_0008001,CL_0011108,CL_0009061,UBERON_0001155,UBERON_0001155,BTO_0000666,BTO_0000554,UBERON_0013067,BTO_0000035,DOID_0050861,GO_0000279
ra1,CL,CLO_0008738,CLO_0030872,CL_0000236,CL_0002319,UBERON_0000178,UBERON_0001466,BTO_0003079,BTO_0000994,NCBITAXON_10116,-,CLO_0037410,PR_000009616
HEK-293,CL,CLO_0001230,CLO_0003684,CL_0002518,CL_0002248,UBERON_0002113,UBERON_0001062,BTO_0000007,BTO_0000482,-,BTO_0000007,CLO_0001230,CL_1000293
C4-2,CL,CLO_0037116,CLO_0008778,CL_0002231,CL_0000236,UBERON_0002367,UBERON_0001062,BTO_0005672,BTO_0002091,UBERON_0006490,-,CLO_0002977,CL_0003021
OCI-LY1,CL,-,CLO_0003375,CL_0000236,CL_0000000,UBERON_0002371,UBERON_0000000,-,BTO_0005828,PR_000001843,BTO_0004622,CLO_0009854,PR_000001843
GIST-9_PDGFRA e18,CL,-,CLO_0007986,CL_0002319,CL_0000000,UBERON_0001555,UBERON_0000000,-,BTO_0001377,-,-,-,PR_000002030
MCF7_Invasive_ductal_breast_carcinoma_SIGATA,CL,CLO_0007606,CLO_0002871,CL_0002327,CL_0002327,UBERON_0000310,UBERON_0000310,BTO_0000093,BTO_0000206,UBERON_0000310,BTO_0002844,DOID_3008,UBERON_0000310
DAOY_medulloblastoma,CL,CLO_0002699,CLO_0007772,CL_0002319,CL_0000039,UBERON_0002037,UBERON_0000955,BTO_0004328,BTO_0000214,UBERON_0000958,BTO_0001757,CLO_0002699,UBERON_0000958
G523NS_glioblastoma,CL,-,CLO_0050850,CL_0000125,CL_0000057,UBERON_0001017,UBERON_0000955,-,BTO_0000216,CL_0000030,BTO_0000527,DOID_3068,CL_0000030
SCC25,CL,CLO_0008967,CLO_0003120,CL_0000076,CL_NULL,UBERON_0001723,UBERON_NULL,BTO_0003774,BTO_0003680,-,BTO_0003774,CLO_0008967,-
ATN-1,CL,CLO_0050985,CLO_0027776,CL_0000084,CL_0000000,UBERON_0000178,UBERON_0000000,-,BTO_0003249,UBERON_8440072,-,-,-
RWPE2,CL,CLO_0008906,CLO_0002963,CL_0002231,CL_0000000,UBERON_0002367,UBERON_0000000,BTO_0005994,BTO_0002672,-,BTO_0003709,CLO_0008907,-
SupB15 ACY1035,CL,CLO_0009161,CLO_0003770,CL_0017006,CL_0000000,UBERON_0002371,UBERON_0000000,-,BTO_0000299,-,-,CLO_0025384,-
BICR-31,CL,CLO_0009943,CLO_0006834,CL_0000076,CL:null,UBERON_0001723,UBERON:null,-,BTO:0002220,UBERON_8490009,BTO_0003429,CLO_0009943,GO_0071890
IMR90_lung_fibroblasts_SENES_SHLUC,CL,CLO_0006951,CLO_0007780,CL_0002553,CL_0000057,UBERON_0002048,UBERON_0002048,BTO_0001229,BTO_0000705,CL_0002553,BTO_0000764,CL_0000057,CL_0002553
acute myeloid leukemia (FAB M4) cell line:HNT-34,CL,CLO_0050982,CLO_0009317,CL_0000763,CL_0002395,UBERON_0000178,UBERON_0000178,-,BTO_0005796,CL_0000763,BTO_0001883,DOID_9119,PR_000014362
clear cell carcinoma cell line:JHOC-5,CL,CLO_0051439,CLO_0033964,CL_2000064,CL_0000000,UBERON_0000992,UBERON_0000000,-,BTO_0003308,PATO_0000964,BTO_0002787,DOID_4467,PATO_0000964
HT3,CL,CLO_0004286,CLO_0009149,CL_0002535,CL_0000000,UBERON_0000002,UBERON_0000000,-,BTO_0000682,UBERON_3010394,BTO_0004325,CLO_0001345,GO_1904602
DND_41,CL,CLO_0009834,CLO_0002856,CL_0000084,CL_0000000,UBERON_0000178,UBERON_0000000,-,BTO_0000703,UBERON_8490015,BTO_0006374,CLO_0009834,-
DHL-4,CL,CLO_0037061,CLO_0003040,CL_0000236,CL_0000000,UBERON_0000178,UBERON_0000000,BTO_0006462,BTO_0004372,-,BTO_0004076,DOID_8567,-
cord blood derived cell line:COBL-a 24h infection,CL,-,CLO_0037124,CL_0000988,CL_0000038,UBERON_0002331,UBERON_0012168,-,BTO_0000248,CL_0000081,BTO_0002667,CL_0000081,CL_0000081
HT1080_WT,CL,CLO_0004276,CLO_0007168,CL_0000066,CL_0000000,UBERON_0002384,UBERON_0000000,BTO_0001282,BTO_0000259,-,BTO_0001282,CLO_0004266,-
NCI-H69_DMSO,CL,CLO_0008105,CLO_0008007,CL_0000082,CL_0000000,UBERON_0002048,UBERON_0000000,BTO_0003022,BTO_0000511,-,BTO_0003022,CLO_0003609,-
Mac-2A_ALK-,CL,-,CLO_0000310,CL_0000542,CL_0000235,UBERON_0000178,UBERON_0001062,-,BTO_0000224,UBERON_4300021,BTO_0005587,CLO_0001236,CL_0000674
GBM_B39,CL,-,CLO_0005643,CL_0002319,CL_0000000,UBERON_0000955,UBERON_0000000,-,BTO_0002918,-,-,DOID_3068,-
T47D_invasive_ductal_carcinoma_PROG,CL,CLO_0009251,CLO_0007599,CL_0002327,CL_0000182,UBERON_0000310,UBERON_0002384,BTO_0001248,BTO_0002461,UBERON_0003820,BTO_0002844,DOID_3008,UBERON_0003820
HUVEC_VEGF_4h,CL,CLO_0004307,CLO_0002046,CL_0002618,CL_0002618,UBERON_0002331,UBERON_0001981,BTO_0001949,BTO_0000538,CL_4030033,BTO_0001949,CLO_0007876,CL_4030033
MCF7_Invasive_ductal_breast_carcinoma_SHCTR_E2,CL,CLO_0007606,CLO_0001922,CL_0002327,CL_0002328,UBERON_0000310,UBERON_0000310,BTO_0000093,BTO_0000185,UBERON_0000310,BTO_0002844,DOID_3008,UBERON_0000310
U2OS_osteosarcoma_SHNS,CL,CLO_0009454,CLO_0007764,CL_0001035,CL_0000499,UBERON_0002481,UBERON_0001095,BTO_0001938,BTO_0000602,PR_P01101,BTO_0000970,EFO_0000637,PR_P01101
PC_9,CL,-,CLO_0002735,CL_0000082,CL_0000000,UBERON_0002048,UBERON_0000000,BTO_0005518,BTO_0000015,UBERON_0004608,-,CLO_0008390,CL_0002619
HK-2,CL,CLO_0003771,CLO_0037308,CL_0002306,CL_0000000,UBERON_0004134,UBERON_0000000,BTO_0003575,BTO_0002755,PR_P10721,BTO_0002194,CLO_0003766,PR_P10721
I10_Mantle cell lymphoma tissue_THZ1,CL,-,CLO_0000486,CL_0000236,CL_0000987,UBERON_0000178,UBERON_0002367,-,BTO_0001423,UBERON_0000479,BTO_0004472,UBERON_0000479,UBERON_0000479
SH-EP,CL,-,CLO_0050761,CL_0000031,CL_0000000,UBERON_0001016,UBERON_0000000,BTO_0005397,BTO_0001015,PR_000001898,BTO_0005397,CLO_0002937,PR_000001898
osteosarcoma cell line:143B/TK^(-)neo^(R),CL,CLO_0001088,CLO_0003672,CL_0001035,CL_0000000,UBERON_0000981,UBERON_0000000,-,BTO_0000567,PR_P01101,BTO_0000407,EFO_0000637,PR_P01101
PC9,CL,-,CLO_0007705,CL_0000082,CL_0000057,UBERON_0002048,UBERON_0000468,BTO_0005518,BTO_0000534,-,BTO_0004751,CLO_0001391,-
acute myeloid leukemia (FAB M4eo) cell line:EoL-1,CL,CLO_0002932,CLO_0003368,CL_0000763,CL_0000775,UBERON_0000178,UBERON_0000178,BTO_0002405,BTO_0000265,CL_0000763,BTO_0001883,DOID_9119,PR_000014362
BT16,CL,-,CLO_0007884,CL_0008019,CL_NULL,UBERON_0001017,UBERON_NULL,-,BTO_0000225,-,-,CLO_0002040,-
liposarcoma cell line:KMLS-1,CL,-,CLO_0007905,CL_0000136,CL_0000000,UBERON_0001013,UBERON_0000000,-,BTO_0005664,CHEBI_35740,BTO_0003744,DOID_3382,GO_0030017
GBM_IDHmut5661,CL,-,CLO_0051254,CL_0002319,CL_0002537,UBERON_0000955,UBERON_0000955,-,BTO_0006450,-,-,DOID_3068,-
BPE_mammary_epithelial_cells,CL,-,CLO_0035374,CL_0002327,CL_0002320,UBERON_0000310,UBERON_0001911,-,BTO_0003375,CL_0002327,BTO_0004300,UBERON_0003244,CL_0002327
697,CL,CLO_0001008,CLO_0006971,CL_0000817,CL_0006087,UBERON_0002371,UBERON_0003697,BTO_0001969,BTO_0006697,-,BTO_0001969,CLO_0001008,CHEBI_33697
HMS001,CL,-,CLO_0050829,CL_0000076,CL_0000000,UBERON_0001729,UBERON_0000000,-,BTO_0000000,PR_P11836,-,CLO_0009717,PR_P21757
be2c,CL,-,CLO_0007081,CL_0000031,CL_0000000,UBERON_0000955,UBERON_0000000,BTO_0004782,BTO_0001205,-,-,CLO_0001922,ENSEMBL_ENSG00000175063
MCF-7_estradiol,CL,CLO_0007606,CLO_0001493,CL_0002327,CL_0002328,UBERON_0000310,UBERON_0001981,BTO_0000093,BTO_0000462,GO_0060209,-,-,PR_000007204
Blue1_sporadic_Burkitt_lymphoma,CL,-,CLO_0000998,CL_0000236,CL_0000546,UBERON_0000178,UBERON_0000178,-,BTO_0005207,-,BTO_0000164,DOID_8584,PR_000001209
H9_naive,CL,CLO_0003612,CLO_0009198,CL_0000084,CL_0002321,UBERON_0000178,UBERON_0000106,BTO_0001944,BTO_0002142,CL_0000788,BTO_0005871,CL_0000898,CL_0000898
MDA-MB-453_breast_adenocarcinoma_MPA,CL,CLO_0007640,CLO_0007766,CL_0002327,CL_0002327,UBERON_0000310,UBERON_0000310,BTO_0001908,BTO_0000344,UBERON_0000310,BTO_0001912,DOID_3458,UBERON_0000310
SH-SY5Y_untreat,CL,CLO_0009015,CLO_0007324,CL_0000031,CL_0000188,UBERON_0002371,UBERON_0000955,BTO_0000793,BTO_0002160,-,BTO_0000793,CLO_0009015,-
A549_3h_only,CL,CLO_0001601,CLO_0002081,CL_0000082,CL_0000236,UBERON_0002048,UBERON_0000178,BTO_0000018,BTO_0000014,-,BTO_0005816,CLO_0001601,-
H1_hESC_2,CL,CLO_0037281,CLO_0003884,CL_0002322,CL_0002322,UBERON_0000922,UBERON_0000468,BTO_0006080,BTO_0002985,UBERON_0022254,BTO_0006080,CLO_0037281,CL_0002322
NEC8,CL,CLO_0051391,CLO_0008133,CL_0000015,CL_0000000,UBERON_0000473,UBERON_0000000,BTO_0006542,BTO_0004912,UBERON_0000974,BTO_0006507,CLO_0007303,UBERON_0000974
EndoC-betaH2,CL,-,CLO_0051524,CL_0000169,CL_0009012,UBERON_0001264,UBERON_0001264,-,BTO_0005754,UBERON_0005316,BTO_0000730,CL_0000163,UBERON_0005316
BT168_glioblastoma_stem_cells,CL,-,CLO_0031111,CL_0000034,CL_0000127,UBERON_0001017,UBERON_0001954,-,BTO_0002866,CL_0000030,BTO_0000527,DOID_3068,CL_0000030
CLB-MA,CL,-,CLO_0026824,CL_0000031,CL_0000066,UBERON_0001016,UBERON_0000165,-,BTO_0000884,-,BTO_0000159,-,-
gastrointestinal carcinoma cell line:ECC12,CL,CLO_0050807,CLO_0007749,CL_0002178,CL_0002605,UBERON_0000945,UBERON_0002107,-,BTO_0005647,UBERON_0004908,BTO_0005544,DOID_77,UBERON_0004908
SW872_YAP5SA,CL,CLO_0009201,CLO_0003759,CL_0000136,CL_0000182,UBERON_0002384,UBERON_0001062,BTO_0003743,BTO_0000258,-,BTO_0003743,CLO_0037071,-
MKL-1,CL,-,CLO_0003681,CL_0000242,CL_0000000,UBERON_0001003,UBERON_0000000,-,BTO_0000809,PR_P27814,-,CLO_0002909,PR_O88713
GM04604,CL,CLO_0018911,CLO_0007771,CL_0000236,CL_0000000,UBERON_0000178,UBERON_0000000,-,BTO_0000995,-,BTO_0002015,CLO_0018911,-
HeLa-S3 Cervical Carcinoma Cell Line,CL,CLO_0003696,CLO_0007673,CL_0002535,CL_0002323,UBERON_0000002,UBERON_0000000,BTO_0000568,BTO_0001138,UBERON_0006072,BTO_0000180,-,UBERON_0006072
AzH-G2/M,CL,-,CLO_0050871,-,CL_0000000,UBERON_0000922,UBERON_0000000,-,BTO_0003244,-,BTO_0003600,CLO_0003704,CL_0003003
MDA-MB-157,CL,CLO_0007632,CLO_0007771,CL_0002327,CL_0000000,UBERON_0000310,UBERON_0000000,BTO_0006218,BTO_0000491,UBERON_0004157,BTO_0006218,CLO_0007544,GO_1904948
LNCaP95_shARfl_DHT,CL,-,CLO_0034539,CL_0002231,CL_0000481,UBERON_0002367,UBERON_0002367,BTO_0006264,BTO_0000811,-,BTO_0006264,CLO_0001738,-
SHEP with tetracycline inducible MYC_DOX_6HR,CL,-,CLO_0003731,CL_0000031,CL_0000003,UBERON_0001016,UBERON_0000000,BTO_0005397,BTO_0001446,CHEBI_36309,-,-,PR_000001860
WHIM12,CL,-,CLO_0009146,CL_0002327,CL_0000000,UBERON_0000310,UBERON_0000000,-,BTO_0007026,UBERON_0001347,BTO_0000370,CL_0000738,UBERON_0001347
NCI-H460,CL,CLO_0008089,CLO_0008005,CL_0000082,CL_0000000,UBERON_0002048,UBERON_0000000,BTO_0002207,BTO_0000563,UBERON_0004460,BTO_0002207,CLO_0003601,-
DAOY,CL,CLO_0002699,CLO_0002971,CL_0002319,CL_0000000,UBERON_0002037,UBERON_0000000,BTO_0004328,BTO_0000224,UBERON_0007249,BTO_0004328,CLO_0002699,UBERON_0005805
RH3,CL,-,CLO_0008054,CL_0002598,CL_0000182,UBERON_0004895,UBERON_0000172,BTO_0005383,BTO_0002649,-,BTO_0001410,CLO_0009003,-
TEX-HIST1H3F-WT-Rx_cells,CL,-,CLO:0009912,CL_0000034,CL:0002321,UBERON_0002371,UBERON:0010334,BTO_0006359,BTO:0005887,UBERON_2007011,BTO_0006359,-,CL_0011025
GIST-3_KIT e11,CL,-,CLO_0050972,CL_0002319,CL_0000236,UBERON_0001555,UBERON_0002403,-,BTO_0005781,PR_000002065,-,PR_000002065,ENSEMBL_ENSG00000157404
MonoMac6,CL,CLO_0007828,CLO_0007785,CL_0000576,CL_0000000,UBERON_0000178,UBERON_0000000,BTO_0002333,BTO_0001479,NCBITAXON_40151,BTO_0000876,CHEBI_25414,CL_0000576
hTERT-HME1,CL,CLO_0004291,CLO_0007788,CL_0002327,CL_0000000,UBERON_0000310,UBERON_0000000,-,BTO_0000000,-,BTO_0004790,CLO_0004291,PR_Q12866
JHU-029_laryngeal_squamous_cell_carcinoma,CL,-,CLO_0009822,CL_0000076,CL_0000232,UBERON_0001737,UBERON_0001043,BTO_0003888,BTO_0002098,UBERON_0001568,BTO_0003936,DOID_1749,UBERON_0001568
iPS_DF_19_11,CL,CLO_0037308,CLO_0008939,CL_0002248,CL_0000034,-,UBERON_0000000,-,BTO_0000000,UBERON_2000977,-,CLO_0002755,-
RL,CL,CLO_0008828,CLO_0009780,CL_0000236,CL_0000236,UBERON_0000178,UBERON_0001981,BTO_0003230,BTO_0000647,BSPO_0000017,BTO_0003230,CLO_0008828,PR_000013246
NCI-H1299-wtSMARCA4_Dox_SAHA,CL,CLO_0007986,CLO_0007819,CL_0000082,CL_0000094,UBERON_0002048,UBERON_0001062,BTO_0002552,BTO_0001249,UBERON_0003884,BTO_0002552,CLO_0007986,UBERON_0003884
GBM_4218_0,CL,-,CLO_0007598,CL_0000125,CL_0000081,UBERON_0000955,UBERON_0000955,BTO_0001530,BTO_0000950,-,BTO_0002519,DOID_3068,-
carcinoid cell line:SK-PN-DW,CL,CLO_0009064,CLO_0008489,CL_0002319,CL_0000000,UBERON_0001016,UBERON_0000000,-,BTO_0002369,CHEBI_23044,BTO_0000729,CLO_0000001,-
Wilms' tumor cell line:HFWT,CL,CLO_0050899,CLO_0036923,CL_0002518,CL_0000000,UBERON_0002113,UBERON_0000000,-,BTO_0000600,-,BTO_0003766,DOID_5176,PATO_0002011
MDA-MB-231_ER?WT_0min,CL,CLO_0007634,CLO_0002775,CL_0002327,CL_0002620,UBERON_0000310,UBERON_0000468,BTO_0000815,BTO_0000268,-,BTO_0000815,-,PR_000007204
RS4_11_AZD1775 _4h,CL,CLO_0008883,CLO_0009232,CL_0000945,CL_0000910,UBERON_0002371,UBERON_0001062,BTO_0004505,BTO_0001195,-,BTO_0004505,CLO_0031004,-
Hu5,CL,-,CLO_0051529,CL_0008019,CL_0000670,UBERON_0003104,UBERON_0000178,-,BTO_0003547,-,-,-,-
TC797,CL,-,CLO_0009017,-,CL_0002322,-,UBERON_0000475,-,BTO_0004744,UBERON_0015797,-,CLO_0023712,-
Glioblastoma neurosphere cell_HF-3035,CT,-,CLO_0030736,CL_0000125,CL_0000236,UBERON_0001017,UBERON_0016567,BTO_0001530,BTO_0000958,CL_0000030,BTO_0000527,-,CL_0000468
Stromal_heart_2,CT,-,CLO_0050867,CL_0000499,CL_0002553,UBERON_0000948,UBERON_0000948,-,BTO_0001249,UBERON_0000948,BTO_0000562,-,UBERON_0000948
foreskin-keratinocyte-calcium5.5day,CT,-,CLO_0003684,CL_1001606,CL_0000312,UBERON_0001332,UBERON_0002366,BTO_0005481,BTO:0001199,CL_1001606,BTO_0005481,-,CL_1001606
PAEP_MECOM_pos_placenta,CT,-,CLO_0051855,-,CL_0000746,UBERON_0001987,UBERON_0001987,-,BTO_0001255,UBERON_0001987,BTO_0001078,-,UBERON_0001987
GMP_Frozen_BM1077,CT,-,CLO_0033905,CL_0000557,CL_0000236,UBERON_0002371,UBERON_0035747,-,BTO_0000759,-,-,-,-
Chondrocyte - re diff donor2,CT,-,CLO_0037291,CL_0000138,CL_0000138,UBERON_0002418,UBERON_0001992,BTO_0000249,BTO_0001102,CL_0000138,BTO_0000249,-,CL_0000138
GBM07,CT,CLO_0003456,CLO_0007640,CL_0000125,CL_0000000,UBERON_0000955,UBERON_0000000,-,BTO_0002099,-,-,-,-
MPAL1_T2_4,CT,-,CLO:0007571,CL_0000988,CL:0000542,UBERON_0000178,UBERON:0000945,-,BTO:0000562,UBERON_6003021,BTO_0003771,-,PR_000016043
Myeloid_liver_0,CT,-,CLO_0050846,CL_0000763,CL_0000763,UBERON_0002107,UBERON_0002107,BTO_0000906,BTO_0000759,CL_0000763,BTO_0000906,-,CL_0000763
750T,CT,-,CLO_0002154,CL_1000497,CL_0000000,UBERON_0002113,UBERON_0000000,-,BTO_0000989,-,-,-,-
CluB_D,CT,-,CLO_0009103,CL_0000158,CL_0000057,UBERON_0002048,UBERON_0006316,-,BTO_0002869,CL_0000158,-,-,CL_0000158
Astro_Oligodendro_cerebrum_2,CT,-,CLO_0000577,CL_0000125,CL_0000127,UBERON_0000955,UBERON_0000955,-,BTO_0005078,CL_0000128,BTO_0000962,-,CL_0000128
Macrophages_GM-CSF_72h,CT,-,CLO_0000611,CL_0000235,CL_0000235,UBERON_0000178,UBERON_0000468,BTO_0000801,BTO:0000759,CL_0000235,BTO_0000801,-,CL_0000235
Th2,CT,-,CLO_0050807,CL_0000546,CL_0000813,UBERON_0002405,UBERON_0000000,BTO_0001679,BTO_0000000,-,BTO_0001679,-,CL_0000546
Glioblastoma neurosphere cell_HF-3016,CT,-,CLO_0050854,CL_0000125,CL_0000000,UBERON_0001017,UBERON_0000956,BTO_0001530,BTO_0001486,CL_0000030,BTO_0000527,-,CL_0000468
NHEK-Epidermal_Keratinocytes,CT,-,CLO_0050846,CL_0000312,CL_0000765,UBERON_0001003,UBERON_0001990,BTO_0003182,BTO_0000311,CL_0000312,BTO_0000667,-,CL_0000312
Ik6pre-BALL+TET-emptyvector,CT,-,CLO_0032549,CL_0000988,CL_0002321,UBERON_0000178,UBERON_0000453,-,BTO_0002893,UBERON_2000006,-,-,-
NH-A astrocyte,CT,-,CLO_0050831,CL_0000127,CL_0000127,UBERON_0001017,UBERON_0000955,BTO_0000099,BTO_0000502,CL_0000127,BTO_0000099,-,CL_0000127
Renal Proximal Tubular Epithelial Cell donor2,CT,-,CLO_0000278,CL_0002306,CL_0000062,UBERON_0008404,UBERON_0001913,BTO_0006154,BTO_0003673,CL_0002306,BTO_0006154,-,CL_0002306
cervical-cancer_KDM5C,CT,-,CLO_0008915,CL_0002535,CL_0000000,UBERON_0000002,UBERON_0000000,-,BTO_0000962,UBERON_0000962,BTO_0001967,-,UBERON_0000962
Bone_Marrow_Derived_Mesenchymal_Stem_Cell_Cultured_Cells,CT,-,CLO_0008546,CL_0002540,CL_0000134,UBERON_0002371,UBERON_0002371,-,BTO_0002775,CL_0002540,BTO_0004052,-,CL_0002540
ILC1,CT,-,CLO_0037297,CL_0001067,CL_0000931,UBERON_0002405,UBERON_0000013,-,BTO_0004759,PR_000030026,-,-,CL_0001068
Naive_Treg,CT,-,CLO:0000750,CL_0002677,CL:0000815,UBERON_0002370,UBERON:0000000,-,BTO:0000000,CL_0000788,BTO_0005871,-,CL_0000815
Lung cancer-derived Cell Lines,CT,-,CLO_0000099,CL_0000082,CL_0002607,UBERON_0002048,UBERON_0002048,BTO_0000762,BTO_0003197,UBERON_0002048,BTO_0000762,-,UBERON_0002048
"CD8-positive, alpha-beta T cell",CT,-,CLO_0050130,CL_0000625,CL_0000625,UBERON_0002405,UBERON_0000029,BTO_0000289,BTO_0000218,-,-,-,-
MPNST007_PRC2 WT,CT,-,CLO_0037229,-,CL_0002138,UBERON_0001021,UBERON_0002190,BTO_0005316,BTO_0005424,-,-,-,-
Excitatory_neur_cerebrum_6,CT,-,CLO_0050844,CL_0000540,CL_0002603,UBERON_0000955,UBERON_0001890,-,BTO_0000964,CL_4023068,BTO_0003868,-,CL_4023068
Club-A,CT,-,CLO_0038107,CL_0000158,CL_0002068,UBERON_0002048,UBERON_0001981,-,BTO_0004759,CL_0000158,-,-,CL_0000158
fibroblast_of_pulmonary_artery,CT,-,CLO_0002490,CL_0002557,CL_0002547,UBERON_0002012,UBERON_0002031,-,BTO_0000556,CL_0002557,BTO_0000778,-,CL_0002557
GMP_BM1214,CT,-,CLO_0051507,CL_0000557,CL_0000236,UBERON_0002371,UBERON_0002371,-,BTO_0000999,CL_0000961,BTO_0005923,-,CL_0000961
Glioblastoma Cell Lines,CT,-,CLO_0008001,CL_0000125,CL_0000051,UBERON_0001017,UBERON_0000955,BTO_0001530,BTO_0001121,CL_0000030,BTO_0001530,-,CL_0000030
CD4_TH1_DMSO,CT,-,CLO_0037290,CL_0000545,CL_0002061,UBERON_0002405,UBERON_0001537,BTO_0001678,BTO_0001400,PR_000001004,BTO_0001678,-,CL_0000545
Fibroblast - skin spinal muscular atrophy donor2,CT,-,CLO_0037123,CL_0002620,CL_0000057,UBERON_0001003,UBERON_0000014,BTO_0001255,BTO_0004600,CL_0002620,BTO_0001255,-,CL_0002620
Neural Crest Cells,CT,-,-,CL_0011012,CL_0000031,UBERON_0002342,UBERON_0003087,BTO_0003825,-,CL_0011012,BTO_0003825,-,CL_0011012
Endothelial Cells - Lymphatic donor1,CT,-,CLO_0002575,CL_0002138,CL_0002138,UBERON_0001473,UBERON_0001635,BTO_0004167,BTO_0002189,CL_0002138,BTO_0004167,-,CL_0002138
Stromal_placenta_4,CT,-,CLO_0017260,CL_0000499,CL_0002321,UBERON_0001987,UBERON_0001987,-,BTO_0001903,UBERON_0001987,BTO_0001078,-,UBERON_0001987
Syn_vil_cytoTrophobs_placenta_1,CT,-,CLO_0002543,CL_0000034,CL_0000699,UBERON_0001987,UBERON_0001474,-,BTO_0001323,UBERON_0001987,BTO_0001078,-,UBERON_0001987
Fibrob_BCC,CT,-,CLO_0002557,CL_0000057,CL_0000057,UBERON_0002384,UBERON_0002398,BTO_0000452,BTO_0000200,CL_0000057,BTO_0000452,-,CL_0000057
induced pluripotent stem cell derived Neuronal progenitor cell,CT,-,CLO_0021571,CL_0011020,CL_2000044,UBERON_0001016,UBERON_0008897,-,BTO_0004367,CL_0002248,BTO_0006078,-,CL_0002248
Endothelial Cells - Aortic donor3,CT,-,CLO_0002612,CL_0002544,CL_0000115,UBERON_0000947,UBERON_0000948,BTO_0003245,BTO_0000992,CL_0000115,BTO_0003245,-,CL_0002544
Th17-IL-10- Day 5,CT,-,CLO:0000297,CL_0000899,CL:0000895,UBERON_0002405,UBERON:0000000,BTO_0005655,BTO:0000000,UBERON_4300023,BTO_0005655,-,CL_0000899
adult CD4+CD25hiCD127lo regulatory T cells,CT,-,CLO_0000913,CL_0000815,CL_0000815,UBERON_0002405,UBERON_0000468,-,BTO_0001384,PR_000001869,BTO_0004615,-,CL_0000815
thymocyte,CT,-,CLO_0000183,CL_0000893,CL_0000895,UBERON_0002370,UBERON_0002370,BTO_0001372,BTO_0000794,CL_0000893,BTO_0001372,-,CL_0000893
DIPGIV,CT,-,CLO_0051472,CL_0000125,CL_0000003,UBERON_0000955,UBERON_0003403,-,BTO_0006605,UBERON_0006051,BTO_0005955,-,-
Pro-B,CT,-,CLO_0002144,CL_0000826,CL_0000945,UBERON_0002371,UBERON_0001479,BTO_0003104,BTO_0002191,CL_0002045,BTO_0004186,-,CL_0002045
dermal_fibroblasts,CT,-,CLO_0002505,CL_0002551,CL_0002620,UBERON_0002067,UBERON_0002406,BTO_0004419,BTO_0004516,UBERON_2005246,BTO_0004419,-,CL_0002551
Endothelial Cells - Umbilical vein donor3,CT,-,CLO_0037297,CL_0002618,CL_0000115,UBERON_0002066,UBERON_0002078,BTO_0004296,BTO_0000738,CL_0002618,BTO_0004296,-,CL_0002618
MM001_Primary_Melanoma,CT,-,CLO_0000181,CL_0000148,CL_0002451,UBERON_0001003,UBERON_0002097,-,BTO_0002099,CL_0000148,BTO_0000848,-,CL_0002566
GBM35,CT,CLO_0003456,CLO_0035278,CL_0000125,CL_0000000,UBERON_0000955,UBERON_0000000,-,BTO_0004973,-,-,-,-
Myeloid_liver_3,CT,-,CLO_0050778,CL_0000763,CL_0000763,UBERON_0002107,UBERON_0002107,BTO_0000906,BTO_0004539,CL_0000763,BTO_0000906,-,CL_0000763
Inhib_neur_cerebrum_2,CT,-,CLO_0000151,CL_0000540,CL_0000099,UBERON_0000955,UBERON_0000955,-,BTO_0000338,UBERON_0001893,BTO_0003868,-,UBERON_0001893
fetal_prostate_fibroblasts,CT,-,CLO_0050841,CL_1000299,CL_0000691,UBERON_0015130,UBERON_0002367,-,BTO_0001689,UBERON_0002367,BTO_0001129,-,UBERON_0002367
Primary haematopoietic stem cells (HSCs),CT,-,CLO_0000019,CL_0000037,CL_0000037,UBERON_0002371,UBERON_0002048,BTO_0000725,BTO_0005057,CL_0000988,BTO_0000725,-,CL_0000988
EM CD4+ ab T (PB),CT,-,CLO_0037311,CL_0000624,CL_0000624,UBERON_0000178,UBERON_0000178,-,BTO_0002177,PR_000001004,-,-,PR_000001004
Adrenocortical_adrenal_3,CT,-,CLO_0000238,CL_0002097,CL_0000182,UBERON_0002369,UBERON_0001239,BTO_0005817,BTO_0000117,CL_0002097,BTO_0005817,-,CL_0002097
Myeloid_adrenal,CT,-,CLO_0050856,CL_0000763,CL_0000763,UBERON_0002369,UBERON_0001264,BTO_0000906,BTO_0002046,CL_0000763,BTO_0000906,-,CL_0000763
Endothelial Cells - Vein donor2,CT,-,CLO_0002598,CL_0002543,CL_0000115,UBERON_0001638,UBERON_0001394,-,BTO_0000580,CL_0002543,BTO_0001176,-,CL_0002543
Bone marrow derived hMSC_d0,CT,-,CLO_0034362,CL_0002540,CL_0000034,UBERON_0002371,UBERON_0002371,-,BTO_0001163,UBERON_0002371,BTO_0000141,-,UBERON_0002371
SGBS,CT,-,CLO_0007772,CL_0000499,CL_0000232,UBERON_0001013,UBERON_0000468,-,BTO_0003207,-,-,-,-
Crc Cell,CT,-,CLO_0009401,CL_0011108,CL_0002329,UBERON_0012652,UBERON_0000000,BTO_0001615,BTO_0002688,CL_0000000,BTO_0004495,-,CL_0000000
Renal Glomerular Endothelial Cells donor2,CT,-,CLO_0008003,CL_0002188,CL_0002120,UBERON_0004212,UBERON_0000078,BTO_0004632,BTO_0002296,CL_0002188,BTO_0004632,-,CL_0002188
round spermatids,CT,-,CLO_0037301,CL_0000018,CL_0000014,UBERON_0000473,UBERON_0000087,BTO_0001274,BTO_0002836,CL_0000018,BTO_0001274,-,CL_4030036
Smooth Muscle Cells - Umbilical Artery donor3,CT,-,CLO_0014001,CL_0002594,CL_0000192,UBERON_0012615,UBERON_0001550,-,BTO_0001235,CL_0002594,BTO_0004290,-,CL_0002594
LTED_breast_cancer,CT,-,CLO_0001111,CL_0002327,CL_0002323,UBERON_0000310,UBERON_0000310,-,BTO_0002052,UBERON_0000310,BTO_0000150,-,UBERON_0000310
Foreskin melanocyte,CT,-,CLO_0000090,CL_2000045,CL_0000541,UBERON_0001332,UBERON_0008367,BTO_0005457,BTO_0000898,CL_2000045,BTO_0005457,-,CL_2000045
MyoFibrob_B,CT,-,CLO_0003270,CL_0000186,CL_0002620,UBERON_0002384,UBERON_0001981,BTO_0001946,BTO_0002813,CL_0002372,BTO_0001946,-,CL_0000186
primary-glioblastoma,CT,-,CLO:0008196,CL_0000125,CL:0000060,UBERON_0001017,UBERON:0000955,BTO_0001530,BTO:0000722,CL_0000030,BTO_0000527,-,CL_0000030
Capillary_1_E,CT,-,CLO_0050938,CL_0002144,CL_0002062,UBERON_0001915,UBERON_0001980,BTO_0004956,BTO_0000759,UBERON_0001982,BTO_0002045,-,UBERON_0001982
FX52 iPSCs dC-T,CT,-,CLO_0009325,CL_0002248,CL_0002327,-,UBERON_0000468,-,BTO_0002998,CL_0000990,-,-,CL_0000990
LCL_lymphoblastoid_cell_line_ETOH,CT,-,CLO_0031038,CL_0017005,CL_0000896,UBERON_0000178,UBERON_0002391,BTO_0000773,BTO_0003766,UBERON_0016392,BTO_0000773,-,CL_0017005
Human Embryos,CT,-,CLO_0037001,CL_0002321,CL_0000358,UBERON_0000922,UBERON_0000068,BTO_0000379,BTO_0000343,UBERON_0000922,BTO_0000379,-,NCBITAXON_9606
Peripheral_Blood_Mononuclear_Primary_Cells,CT,-,CLO_0000045,CL_2000001,CL_0000863,UBERON_0000178,UBERON_0000178,BTO_0001025,BTO_0000759,CL_2000001,BTO_0001025,-,CL_2000001
Syn_vil_cytoTrophobs_1,CT,-,CLO_0003173,CL_0000034,CL_0002563,UBERON_0001987,UBERON_0008821,-,BTO_0002901,CL_2000060,BTO_0006119,-,CL_2000060
bipolar neuron,CT,-,-,CL_0000103,CL_0000103,UBERON_0001016,UBERON_0002544,-,BTO_0004783,CL_0000748,BTO_0004051,-,CL_0000103
B_B,CT,-,CLO_0000829,CL_0000236,CL_0000057,UBERON_0000178,UBERON_0000100,BTO_0000776,BTO_0000171,CL_0000236,BTO_0006349,-,CL_0000236
Vascular_endothelial_spleen,CT,-,CLO_0000563,CL_2000053,CL_0000115,UBERON_0002106,UBERON_0002106,-,BTO_0001483,CL_0002139,BTO_0001854,-,CL_0002139
Neurons donor2,CT,-,CLO_0000512,CL_0000540,CL_0000540,UBERON_0001016,UBERON_0001016,BTO_0000938,BTO_0004751,CL_0000540,BTO_0000938,-,CL_0000540
HEMn,CT,-,CLO_0001013,CL_2000000,CL_0002384,UBERON_0001003,UBERON_0002048,-,BTO_0002881,UBERON_0013119,BTO_0004002,-,-
M0_CB,CT,-,CLO_0008104,CL_0000235,CL_0000938,UBERON_0000178,UBERON_0001013,-,BTO_0002857,-,-,-,-
CD34_cells_ERYTH_BIO,CT,-,CLO_0000084,CL_0000764,CL_0000031,UBERON_0002371,UBERON_0000178,BTO_0002731,BTO_0002038,PR_000001003,BTO_0002731,-,PR_000001003
CD8 Naive 8pool,CT,-,CLO_0000764,CL_0000900,CL_0000905,UBERON_0002370,UBERON_0000468,-,BTO_0001865,CL_0000788,BTO_0005871,-,CL_0000898
Vascular Endothelial Cell,CT,-,CLO_0002318,CL_0002139,CL_0000115,UBERON_0001986,UBERON_0002044,BTO_0001854,BTO_0003648,CL_0002139,BTO_0001854,-,CL_0002139
Mesothelial Cells donor1,CT,-,CLO_0037035,CL_0000077,CL_0002573,UBERON_0035809,UBERON_0004802,-,BTO_0000763,CL_0000077,BTO_0002422,-,CL_0000077
Monocyte_2,CT,-,CLO_0000057,CL_0000576,CL_0000576,UBERON_0000178,UBERON_0002400,BTO_0000876,BTO_0000759,CL_0000576,BTO_0000876,-,CL_0000576
Preadipocyte - subcutaneous donor2,CT,-,CLO_0002490,CL_0002334,CL_0002584,UBERON_0002190,UBERON_0001439,BTO_0001107,BTO_0002690,CL_0002583,BTO_0004042,-,CL_0002583
GBM,CT,-,CLO_0050011,CL_0000125,CL_2000001,UBERON_0001017,UBERON_0000955,BTO_0002373,BTO_0001335,-,BTO_0003356,-,-
Pre-B,CT,-,CLO_0007359,CL_0000817,CL_0000813,UBERON_0002371,UBERON_0000479,BTO_0001133,BTO_0000237,CL_0000785,BTO_0002432,-,CL_0000785
Induced Pluripotent Stem Cells,CT,CLO_0037307,CLO_0030002,CL_0002248,CL_0002322,-,UBERON_0000106,BTO_0006081,BTO_0003172,CL_0002248,BTO_0006078,-,CL_0002248
Lens Epithelial Cells donor3,CT,-,CLO_0000271,CL_0002224,CL_0000389,UBERON_0001803,UBERON_0001106,-,BTO_0000183,CL_0002224,BTO_0001874,-,CL_0002224
Im-GCT-3504_G34W,CT,-,CLO_0050846,-,CL_0002324,UBERON_0002481,UBERON_0001264,-,BTO_0002844,-,-,-,-
CD8_Naive_Primary_Cells,CT,-,CLO_0037167,CL_0000900,CL_0000625,UBERON_0002370,UBERON_0000178,-,BTO_0004729,CL_0000788,BTO_0001413,-,CL_0000898
MPAL5_T1,CT,-,CLO_0002555,CL_0000988,CL_0000236,UBERON_0000178,UBERON_0002048,-,BTO_0003078,UBERON_6003020,BTO_0006566,-,CL_0000958
CD14+ monocytes - treated with IFN + N-hexane donor2,CT,-,CLO_0000473,CL_0001054,CL_0000860,UBERON_0000178,UBERON_0000178,BTO_0000876,BTO_0000759,CL_0000576,BTO_0000876,-,CL_0000576
Fibroblast - Cardiac donor3,CT,-,CLO_0034038,CL_0002548,CL_0000057,UBERON_0000948,UBERON_0000948,BTO_0003093,BTO_0001072,CL_0002548,BTO_0003093,-,CL_0002548
CD19donorA,CT,-,CLO_0000572,CL_0001201,CL_0000903,UBERON_0000178,UBERON_0001960,BTO_0000776,BTO_0000128,UBERON_2005022,-,-,PR_000001002
CD4-pos,CT,-,CLO_0000235,CL_0000492,CL_0000624,UBERON_0002405,UBERON_0000000,BTO_0002417,BTO_0000667,PR_000001004,BTO_0005399,-,PR_000001004
CD3,CT,-,CLO_0000200,CL_0002419,CL_0000624,UBERON_0002405,UBERON_0002385,-,BTO_0000563,PR_000001020,BTO_0003353,-,PR_000001020
High-grade serous ovarian cancer,CT,-,-,CL_2000064,CL_0009071,UBERON_0000992,UBERON_0000992,-,BTO_0001505,CL_0000313,BTO_0002729,-,CL_0000313
hepatocyte,CT,-,CLO_0000183,CL_0000182,CL_0000182,UBERON_0002107,UBERON_0001083,BTO_0000575,BTO_0000709,CL_0000182,BTO_0000575,-,CL_0000182
tamoxifen_EC5,CT,-,CLO_0009303,CL_0002149,CL_0000000,UBERON_0001295,UBERON_0000000,-,BTO_0005013,-,-,-,PR_000001927
HBE,CT,-,CLO_0002555,CL_0002328,CL_0002620,UBERON_0002185,UBERON_0002048,-,BTO_0002187,-,BTO_0004603,-,PR_Q8NFU0
Pancreatic_tumor_associated_fibroblasts_B009B_untreated,CT,-,CLO_0035651,CL_0002410,CL_0002620,UBERON_0001264,UBERON_0001264,-,BTO_0003660,CL_0000095,BTO_0000183,-,CL_0000095
Normal Human Astrocyte,CT,-,CLO_0004918,CL_0000127,CL_0000127,UBERON_0001017,UBERON_0010352,BTO_0000099,BTO_0003124,CL_0000127,BTO_0000099,-,CL_0000127
Endothelial Cells - Microvascular donor1,CT,-,CLO_0002619,CL_2000008,CL_0000115,UBERON_0008339,UBERON_0002049,BTO_0003123,BTO_0003016,CL_2000008,BTO_0003123,-,CL_2000008
Skeletal Muscle Cells donor5,CT,-,CLO_0008118,CL_0000188,CL_0000188,UBERON_0001134,UBERON_0001134,BTO_0004392,BTO_0001102,CL_0000188,BTO_0004392,-,CL_0000188
EX_cerebrum_7,CT,-,CLO_0051526,CL_0000540,CL_0000146,UBERON_0000955,UBERON_0000956,-,BTO_0000707,UBERON_0001893,BTO_0003868,-,UBERON_0001893
Pericytes donor2,CT,-,CLO_0002597,CL_0000669,CL_0000669,UBERON_0002384,UBERON_0002113,BTO_0002441,BTO_0004750,CL_0000669,BTO_0002441,-,CL_0000669
Endothelial Cells - Thoracic donor1,CT,-,CLO_0002780,CL_0000115,CL_0000115,UBERON_0001986,UBERON_0002048,-,BTO_0000666,UBERON_0005482,BTO_0004150,-,CL_0002545
Antigen_presenting_thymus,CT,-,CLO_0000784,-,CL_0000493,UBERON_0002370,UBERON_0013509,-,BTO_0001943,GO_0019882,BTO_0002008,-,GO_0019882
Acinar_pancreas,CT,-,CLO_0050857,CL_0002064,CL_0002067,UBERON_0001264,UBERON_0001966,BTO_0000028,BTO_0000633,CL_0002064,BTO_0000028,-,CL_0002064
CNCC,CT,-,CLO_0050096,CL_0011012,CL_0000403,UBERON_0003099,UBERON_0009211,-,BTO_0001765,UBERON_0003099,-,-,UBERON_0003099
Sympathoblasts_adrenal,CT,-,CLO_0007028,CL_0002248,CL_0011000,UBERON_0000922,UBERON_0001264,-,BTO_0004693,CL_3000002,BTO_0000047,-,CL_3000002
Thymocytes_thymus_0,CT,-,CLO_0000956,CL_0000893,CL_0000829,UBERON_0002370,UBERON_0002370,BTO_0001372,BTO_0000630,UBERON_0002370,BTO_0001374,-,UBERON_0002370
Medulloblastoma Cell Lines,CT,-,CLO_0001131,CL_0002319,CL_0002427,UBERON_0002037,UBERON_0000956,BTO_0001359,BTO_0002496,UBERON_0000958,BTO_0001359,-,UBERON_0000958
CD4+ T Cells donor1,CT,-,CLO_0000895,CL_0000492,CL_0000624,UBERON_0002405,UBERON_0001637,BTO_0002417,BTO_0000818,PR_000001004,BTO_0000354,-,PR_000001004
Vascular_endothelial_adrenal,CT,-,CLO_0002497,CL_0002139,CL_0000115,UBERON_0002369,UBERON_0004680,-,BTO_0001426,CL_0002139,BTO_0001854,-,CL_0002139
pulmonary arterial smooth muscle cells_PAH2_sictrl,CT,-,CLO_0051848,CL_0002591,CL_0002547,UBERON_0002111,UBERON_0002114,BTO_0003336,BTO_0000260,CL_0002591,BTO_0003336,-,CL_0002591
Club-C,CT,-,CLO_0050492,CL_0000158,CL_0008003,UBERON_0002048,UBERON_0005453,-,BTO_0002808,CL_0000158,-,-,CL_0000158
GMP_BM0828,CT,-,CLO_0000762,CL_0000557,CL_0000037,UBERON_0002371,UBERON_0002371,-,BTO_0000430,-,-,-,-
PB1022_mono_singles,CT,-,CLO_0037128,-,CL_0000236,UBERON_0000178,UBERON_0002367,-,BTO_0000236,CL_0000226,BTO_0005357,-,CL_0000226
Hindbrain derived neural stem cells_NS13_H3.3K27M_WT,CT,-,CLO_0050871,CL_0000047,CL_0000031,UBERON_0002028,UBERON_0002028,BTO_0002881,BTO_0004752,UBERON_0009614,BTO_0000672,-,UBERON_0009614
Smooth Muscle Cells - Umbilical Artery donor1,CT,-,CLO_0002497,CL_0002594,CL_0000192,UBERON_0012615,UBERON_0001570,-,BTO_0000662,CL_0002594,BTO_0004290,-,CL_0002594
HCASMC_Human_coronary_artery_smooth_muscle_cells,CT,-,CLO_0031080,CL_0002592,CL_0002619,UBERON_0002111,UBERON_0002032,BTO_0005101,BTO_0097884,CL_0002592,BTO_0005101,-,CL_0002592
Fibroblast - Gingival donor2,CT,-,CLO_0002502,CL_0000057,CL_0000057,UBERON_0001828,UBERON_0001828,BTO_0004138,BTO_0000289,CL_0002552,BTO_0004138,-,CL_0002552
Fibroblast - Dermal donor3,CT,-,CLO_0002505,CL_0002551,CL_0000057,UBERON_0002067,UBERON_0002073,BTO_0004419,BTO_0004701,CL_0002551,BTO_0004419,-,CL_0002551
CD8 Memory 7pool,CT,-,CLO_0000772,CL_0000909,CL_0000645,UBERON_0002405,UBERON_0002384,-,BTO_0003599,GO_0007613,BTO_0003435,-,GO_0007613
CD14+ monocyte (PB),CT,-,CLO_0050870,CL_0001054,CL_0000860,UBERON_0000178,UBERON_0000178,BTO_0000876,BTO_0000759,CL_0000576,BTO_0000876,-,CL_0000576
NK_cells_G,CT,-,CLO_0000238,CL_0000623,CL_0000622,UBERON_0002405,UBERON_0016539,BTO_0000914,BTO_0000635,CL_0000623,BTO_0004108,-,CL_0000623
Matrix_Fibrob_2_E,CT,-,CLO_0002550,CL_0000057,CL_0000057,UBERON_0002384,UBERON_0002398,BTO_0000452,BTO_0001040,UBERON_0011901,BTO_0004592,-,GO_0031012
Peripheral Blood Mononuclear Cells donor1,CT,-,CLO_0000473,CL_2000001,CL_0000863,UBERON_0000178,UBERON_0000178,BTO_0001025,BTO_0001377,CL_2000001,BTO_0001025,-,CL_2000001
myotube originated from skeletal muscle myoblast,CT,-,CLO_0000185,CL_0002372,CL_0000010,UBERON_0005090,UBERON_0001134,-,BTO_0001103,CL_0000515,BTO_0001103,-,CL_0000515
Nucleus Pulposus Cell donor3,CT,-,CLO_0001473,CL_0000138,CL_0000903,UBERON_0002242,UBERON_0012701,BTO_0005498,BTO_0002738,UBERON_0002242,BTO_0003626,-,UBERON_0002242
MEP-CD34,CT,-,CLO_0050845,CL_0000050,CL_0001054,UBERON_0002371,UBERON_0000473,-,BTO_0000848,CL_0000050,-,-,CL_0000050
Tumor_3_BCC,CT,-,CLO_0008052,CL_0001063,CL_1001607,-,UBERON_0000178,-,BTO_0002891,PR_000001963,BTO_0003766,-,PATO_0002011
B_C,CT,-,CLO_0000257,CL_0000236,CL_0002355,UBERON_0000178,UBERON_0000015,BTO_0000776,BTO_0002821,CL_0000570,BTO_0000587,-,CL_0000570
Stromal_lung_8,CT,-,CLO_0037111,CL_0000499,CL_0002547,UBERON_0002048,UBERON_0002048,-,BTO_0000793,UBERON_0002048,BTO_0000763,-,UBERON_0002048
Club-D,CT,-,CLO_0051892,CL_0000158,CL_0002063,UBERON_0002048,UBERON_0004891,-,BTO_0002475,CL_0000158,-,-,CL_0000158
Goblet_stomach,CT,-,-,CL_1000313,CL_0000160,UBERON_0000945,UBERON_0001160,-,BTO_0001479,CL_1000313,BTO_0001540,-,CL_1000313
Smooth Muscle Cells - Internal Thoracic Artery donor3,CT,-,CLO_0002620,CL_0002593,CL_0000192,UBERON_8480002,UBERON_0001473,-,BTO_0001561,CL_0002593,BTO_0000087,-,CL_0002593
umbilical-cord-derived-mesenchymal-stem-cells_SGA_cycle_0,CT,-,CLO_0050611,CL_0000134,CL_0000034,UBERON_0002331,UBERON_0007239,-,BTO_0002158,CL_0002569,BTO_0001415,-,CL_0002569
Granule_n_cerebellum,CT,-,CLO:0007001,CL_0001031,CL:0000121,UBERON_0002037,UBERON:0001017,BTO_0004278,BTO:0001516,UBERON_0002956,BTO_0004278,-,CL_0001031
Prostate Epithelial Cells donor2,CT,-,CLO_0009245,CL_0002231,CL_0002341,UBERON_0002367,UBERON_0002367,BTO_0001033,BTO_0006227,CL_0002231,BTO_0006252,-,CL_0002231
mesenchymal precursor cell - ovarian cancer metastasis donor4,CT,-,CLO_0009014,CL_0000134,CL_0008019,UBERON_0000992,UBERON_0000992,BTO_0003298,BTO_0005090,CL_0008019,BTO_0004094,-,CL_0008019
hepatocellular-carcinoma-cell,CT,-,CLO_0007658,CL_0000182,CL_0000182,UBERON_0002107,UBERON_0002107,-,BTO_0004345,GO_0009987,BTO_0000176,-,GO_0009987
Bronchial Epithelial Cell donor6,CT,-,CLO_0050851,CL_0002328,CL_0002148,UBERON_0002185,UBERON_0001992,BTO_0002922,BTO_0001048,CL_0002328,BTO_0002922,-,CL_0002328
NK_1_BCC,CT,-,CLO_0006985,CL_0000623,CL_0000624,UBERON_0002405,UBERON_0012353,BTO_0000914,BTO_0002244,UBERON_3010310,-,-,CL_0000623
neuron-progenitor,CT,-,CLO_0037291,CL_0011020,CL_0000048,UBERON_0001016,UBERON_0001013,-,BTO_0001033,UBERON_0010536,BTO_0000938,-,CL_0011020
STAD,CT,-,CLO_0003113,CL_0002659,CL_0008019,UBERON_0000945,UBERON_0002107,BTO_0000036,BTO_0000723,UBERON_0002876,BTO_0002786,-,PR_000001932
Human Monocytes/Macrophages,CT,-,CLO_0000576,CL_0000235,CL_0000860,UBERON_0000178,UBERON_0000022,BTO_0000801,BTO_0000759,CL_0000235,BTO_0000801,-,CL_0000235
Cardiac progenitor cells,CT,-,CLO_0000650,CL_0000680,CL_0000837,UBERON_0000948,UBERON_0004178,-,BTO_0001678,CL_0000513,BTO_0004092,-,CL_0000513
Th2_t-infiltrating,CT,-,CLO_0000238,CL_0000546,CL_0000118,UBERON_0002405,UBERON_0002324,BTO_0001679,BTO_0001132,GO_0097205,BTO_0006164,-,GO_0097205
ILC3,CT,-,CLO_0037302,CL_0001071,CL_0000814,UBERON_0002405,UBERON_0000029,-,BTO_0004756,CL_0001082,-,-,CL_0001071
Preadipocyte - omental donor3,CT,-,CLO_0051545,CL_0002334,CL_0002300,UBERON_0010414,UBERON_0003688,BTO_0001107,BTO_0006243,CL_0002615,BTO_0001107,-,CL_0002615
MPAL4_T1_4,CT,-,CLO_0051051,CL_0000988,CL_0002342,UBERON_0000178,UBERON_0001067,-,BTO_0000214,UBERON_6003020,BTO_0006566,-,CL_0000958
CD14_Mono,CT,-,CLO_0051441,CL_0001054,CL_0000892,UBERON_0000178,UBERON_0002387,BTO_0000876,BTO_0000209,PR_000001889,BTO_0000876,-,PR_000001889
IIDP/donor790,CT,-,CLO_0000924,-,CL_0000000,UBERON_0000925,UBERON_0000000,-,BTO_0000000,-,-,-,-
BI_CD8_Memory_7pool,CT,-,CLO_0051526,CL_0000909,CL_0000625,UBERON_0002405,UBERON_0001634,-,BTO_0002731,GO_0007613,BTO_0003435,-,GO_0007613
Adipocyte - subcutaneous donor2,CT,-,CLO_0051874,CL_0002521,CL_0000136,UBERON_0002190,UBERON_0003701,-,BTO_0000000,CL_0002521,BTO_0004042,-,CL_0002521
trophoblast__SynT,CT,-,CLO_0021764,CL_0000351,CL_0000795,UBERON_0000088,UBERON_0014277,BTO_0001079,BTO_0003204,UBERON_0000371,BTO_0001079,-,UBERON_0000088
Smooth Muscle Cells - Esophageal donor1,CT,-,CLO_0050719,CL_0000192,CL_0000192,UBERON_0002112,UBERON_0002469,-,BTO_0001297,UBERON_0002112,BTO_0004576,-,UBERON_0002112
primary-monocyte,CT,-,CLO_0000471,CL_0000576,CL_0000860,UBERON_0000178,UBERON_0000175,BTO_0000876,BTO_0000453,CL_0000576,BTO_0000512,-,CL_0000576
Bone_marrow_derived_macrophage,CT,-,CLO_0050851,CL_0000235,CL_0000235,UBERON_0002371,UBERON_0002371,BTO_0000801,BTO_0000561,UBERON_0002371,BTO_0004732,-,CL_0002476
Myeloid_placenta_2,CT,-,CLO_0000112,CL_0000763,CL_0000775,UBERON_0001987,UBERON_0001987,BTO_0000906,BTO_0000419,UBERON_0001987,BTO_0001078,-,UBERON_0001987
pDC,CT,-,CLO_0050844,CL_0000784,CL_0000837,UBERON_0000178,UBERON_0002434,BTO_0004625,BTO_0005018,CL_0000990,-,-,CL_0000784
MLS 1765-92,CT,-,CLO_0050192,CL_0000136,CL_0000343,UBERON_0001013,UBERON_0011091,-,BTO_0002758,-,-,-,-
B lymphoblastoid Cell,CT,-,CLO_0000183,CL_0017006,CL_0000945,UBERON_0000178,UBERON_0000178,BTO_0002878,BTO_0003833,UBERON_0016392,BTO_0000773,-,CL_0017005
astrocyte_of_the_spinal_cord,CT,-,-,CL_0002606,CL_0000127,UBERON_0002240,UBERON_0001788,-,BTO_0001939,CL_0002606,BTO_0001279,-,CL_0002606
hMGLs_WT,CT,-,CLO_0022363,CL_0000125,CL_0001021,UBERON_0000955,UBERON_0000955,BTO_0002606,BTO_0003045,-,-,-,-
Hair Follicle Dermal Papilla Cells donor2,CT,-,CLO_0053664,CL_0000346,CL_0000788,UBERON_0002073,UBERON_0013686,BTO_0005569,BTO_0002499,CL_0000346,BTO_0005569,-,CL_0000346
CHLA-10,CT,-,CLO_0002786,CL_0001035,CL_0000000,UBERON_0002481,UBERON_0000000,-,BTO_0002374,UBERON_0004609,BTO_0006383,-,CL_0000726
CD4+CD25+CD45RA- memory regulatory T cells expanded donor3,CT,-,-,CL_0002678,CL_0000815,UBERON_0002405,-,-,-,PR_000001015,BTO_0004615,-,CL_0002678
Chondrocyte - re diff donor3,CT,-,CLO_0050605,CL_0000138,CL_0000138,UBERON_0002418,UBERON_0001995,BTO_0000249,BTO_0000562,CL_0000138,BTO_0000249,-,CL_0000138
CD8+ T Cells donor2,CT,-,CLO_0030007,CL_0000625,CL_0000625,UBERON_0002405,UBERON_0000465,BTO_0000289,BTO_0001100,CHEBI_17891,BTO_0000354,-,CL_0000811
CD4_ab_T_Th,CT,-,CLO_0000238,CL_0000492,CL_0000624,UBERON_0002405,UBERON_0001284,BTO_0002417,BTO_0000342,PR_000001004,-,-,PR_000001004
Smooth Muscle Cells - Tracheal donor1,CT,-,CLO_0050855,CL_0019019,CL_0000192,UBERON_0003387,UBERON_0002180,BTO_0004403,BTO_0003829,UBERON_0003387,BTO_0004403,-,UBERON_0003387
Gingival epithelial cells donor3 (GEA15),CT,-,CLO_0037308,CL_0002621,CL_0000851,UBERON_0001949,UBERON_0001917,-,BTO_0004759,CL_0002621,BTO_0004998,-,CL_0002621
Astrocyte_Oligo_1,CT,-,CLO_0050857,CL_0000125,CL_0000127,UBERON_0000955,UBERON_0000955,-,BTO_0004003,CL_0000127,BTO_0000099,-,CL_0000127
primordial-germ-cell-like-cell,CT,-,-,CL_0000670,CL_0001019,UBERON_0000991,UBERON_0005296,-,BTO_0003685,CL_0000670,BTO_0000535,-,CL_0000670
Excitatory_neur_cerebrum_7,CT,-,CLO_0000069,CL_0000540,CL_0008030,UBERON_0000955,UBERON_0000955,-,BTO_0004772,CL_4023068,BTO_0003868,-,CL_4023068
Stromal_intestine_3,CT,-,CLO:0007371,CL_0000499,CL:0000496,UBERON_0000160,UBERON:0002049,-,BTO:0004759,UBERON_0000160,BTO_0000648,-,UBERON_0000160
Synoviocyte donor2,CT,-,CLO_0002310,CL_0000214,CL_0000136,UBERON_0003668,UBERON_0000029,BTO_0003742,BTO_0000181,CL_0000214,BTO_0003742,-,CL_0000214
neutrophils,CT,-,-,CL_0000775,CL_0000775,UBERON_0000178,-,BTO_0000130,BTO_0000792,CL_0000775,BTO_0000130,-,CL_0000775
HMEC_human_mammary_epithelial_cells,CT,-,CLO_0002366,CL_0002327,CL_0002320,UBERON_0000310,UBERON_0001911,BTO_0004300,BTO_0001385,CL_0002327,BTO_0004300,-,CL_0002327
T_cell_C,CT,-,CLO_0000238,CL_0000084,CL_0000084,UBERON_0000178,UBERON_0000468,BTO_0000782,BTO_0001494,CL_0000570,BTO_0000587,-,CL_0000570
Day6 Plasmablast CD23- memory B cell,CT,-,-,CL_0000980,CL_0000945,UBERON_0002405,-,-,-,CL_0000980,BTO_0006150,-,CL_0000980
Pre_B_healthy,CT,-,CLO_0037162,CL_0000817,CL_0000945,UBERON_0002371,UBERON_0002449,BTO_0001133,BTO_0000224,-,-,-,-
Ciliated_cells_C,CT,-,CLO_0002734,CL_0000064,CL_0000066,UBERON_0002048,UBERON_0004512,-,BTO_0000973,CL_0000064,BTO_0005589,-,CL_0000064
Myeloid_heart,CT,-,CLO_0000622,CL_0000763,CL_0000763,UBERON_0000948,UBERON_0000948,BTO_0000906,BTO_0004199,CL_0000763,BTO_0000906,-,CL_0000763
neutrophils_US,CT,-,CLO_0000861,CL_0000775,CL_0000775,UBERON_0000178,UBERON_0002390,BTO_0000130,BTO_0000790,CL_0000775,BTO_0000130,-,CL_0000775
breast_tumour_metastasis,CT,-,CLO_0007765,-,CL_0002321,UBERON_0000310,UBERON_0000480,BTO_0000150,BTO_0001431,UBERON_0000310,BTO_0000149,-,UBERON_0000310
SGBS_adipocyte,CT,-,CLO_0017542,CL_0000136,CL_0008001,UBERON_0001013,UBERON_0002385,-,BTO_0003220,CL_0000136,BTO_0000443,-,CL_0000136
HUES64 derived CD184+ endoderm,CT,-,CLO_0037121,CL_0000223,CL_0000182,UBERON_0000925,UBERON_0001264,-,BTO_0000999,UBERON_0000925,BTO_0000800,-,UBERON_0000925
primary-prostate-cancer,CT,-,CLO_0007810,CL_0002231,CL_0002231,UBERON_0002367,UBERON_0002367,BTO_0001033,BTO_0005471,UBERON_0002367,BTO_0001033,-,UBERON_0002367
Matrix_Fibrob_2_F,CT,-,CLO_0002559,CL_0000057,CL_0000057,UBERON_0002384,UBERON_0002418,BTO_0000452,BTO_0000535,UBERON_0011901,BTO_0004592,-,GO_0031012
migratory langerhans cells donor1,CT,-,-,CL_0000453,CL_0000117,UBERON_0000006,UBERON_0002099,BTO_0000705,BTO_0002094,CL_0000453,BTO_0000705,-,CL_0000453
lower_leg_skin,CT,-,CLO_0000259,CL_0000066,CL_0011117,UBERON_0004264,UBERON_0002048,-,BTO_0005457,UBERON_0004264,BTO_0000721,-,UBERON_0004264
GBM34,CT,CLO_0003456,CLO_0008915,CL_0000125,CL_0000000,UBERON_0000955,UBERON_0000000,-,BTO_0002044,-,-,-,-
NHEK-epidermal keratinocyte,CT,-,CLO_0002471,CL_0000312,CL_0002451,UBERON_0001003,UBERON_0001003,BTO_0003182,BTO_0001496,CL_0000312,BTO_0000667,-,CL_0000312
CRC_myeloid_1,CT,-,CLO_0051739,CL_0000763,CL_0000763,UBERON_0000178,UBERON_0002037,BTO_0000906,BTO_0000324,CL_0000763,BTO_0000906,-,CL_0000763
Foreskin Fibroblast Primary Cells skin02,CT,-,CLO_0002666,CL_1001608,CL_0000057,UBERON_0001332,UBERON_0001986,BTO_0002245,BTO_0002862,CL_1001608,BTO_0002245,-,CL_1001608
Lymphoid_intestine_0,CT,-,CLO_0005675,CL_0000542,CL_0000895,UBERON_0000160,UBERON_0001259,-,BTO_0000759,UBERON_0000160,BTO_0001586,-,UBERON_0000160
Th17-IL-10+ Day 0,CT,-,CLO_0051545,CL_0000899,CL_0000817,UBERON_0002405,UBERON_0001062,BTO_0005655,BTO_0000955,UBERON_4300023,BTO_0005655,-,CL_0000899
CD34,CT,-,CLO_0001451,CL_0000037,CL_0000953,UBERON_0002371,UBERON_0034928,BTO_0000725,BTO_0002208,PR_000001003,BTO_0004408,-,PR_000001003
Thymic_epithelial_thymus,CT,-,CLO:0001689,CL_0002293,CL:0000789,UBERON_0002370,UBERON:0002370,-,BTO:0000562,CL_0002293,BTO_0001836,-,CL_0002293
BI_Adipose_Nuclei,CT,-,CLO_0005701,CL_0000136,CL_0000235,UBERON_0001013,UBERON_0001013,-,BTO_0000638,CL_0000136,BTO_0001487,-,CL_0000136
Primary T cells from cord blood,CT,-,CLO_0000349,CL_0000084,CL_0000900,UBERON_0012168,UBERON_0012168,-,BTO_0000462,UBERON_0005053,BTO_0002667,-,CL_0000081
CD14-positive-monocyte,CT,-,CLO_0000578,CL_0001054,CL_0000860,UBERON_0000178,UBERON_0002357,BTO_0000876,BTO_0002267,CL_0001054,BTO_0000876,-,CL_0001054
effector memory CD4+ alpha-beta T cell,CT,-,-,CL_0000905,CL_0000905,UBERON_0002405,-,-,-,GO_0002443,BTO_0000990,-,CL_0000905
Mesothelial_intestine,CT,-,CLO_0021543,CL_0000077,CL_0002570,UBERON_0000160,UBERON_0000160,-,BTO_0002497,CL_0009024,BTO_0000648,-,CL_0008041
monocyte-derived dendritic cells_R848_1h,CT,-,CLO_0000369,CL_0000451,CL_0000451,UBERON_0002405,UBERON_0002391,BTO_0002042,BTO_0004253,PATO_0002045,BTO_0002900,-,CL_0011031
CD14+ monocytes - treated with Cryptococcus donor3,CT,-,CLO_0000238,CL_0001054,CL_0000576,UBERON_0000178,UBERON_0000178,BTO_0000876,BTO_0001067,NCBITAXON_6209,BTO_0000305,-,CL_0000849
Primary T cells from?peripheral?blood,CT,-,CLO_0037303,CL_0000084,CL_0000081,UBERON_0000178,UBERON_0000178,-,BTO_0001207,CL_0002246,BTO_0003494,-,CL_0002246
primaryhepatocyte-gw4064,CT,-,CLO_0001064,CL_0000182,CL_0000182,UBERON_0002107,UBERON_0008955,BTO_0000575,BTO_0002455,CL_0000182,BTO_0000575,-,CL_0000182
surface_ectoderm_cells,CT,-,-,CL_0000114,CL_0002329,UBERON_0000924,UBERON_0004125,-,-,UBERON_0000076,BTO_0000315,-,CL_0000114
RPE1-anaphase/telophase,CT,-,CLO_0008471,CL_0002586,CL_0000699,UBERON_0000966,UBERON_0003087,BTO_0004910,BTO_0000640,GO_0060206,BTO_0001902,-,GO_0000279
Plasma_B_BCC,CT,-,CLO_0037312,CL_0000786,CL_0000945,UBERON_0002405,UBERON_0001964,BTO_0000392,BTO_0000179,CL_0000786,BTO_0000392,-,CL_0000786
Hair Follicle Dermal Papilla Cells donor1,CT,-,CLO_0033919,CL_0000346,CL_0000358,UBERON_0002073,UBERON_0002064,BTO_0005569,BTO_0002395,CL_0000346,BTO_0005569,-,CL_0000346
endometrioid_adenocarcinoma,CT,-,CLO_0009516,CL_0002149,CL_0002620,UBERON_0001295,UBERON_0002253,BTO_0000658,BTO_0002860,UBERON_0001295,BTO_0000194,-,UBERON_0001295
bipolar_spindle_neuron,CT,-,CLO_0050854,CL_0000103,CL_0000100,UBERON_0001016,UBERON_0001015,-,BTO_0004766,CL_0000748,BTO_0003651,-,CL_0000103
Epidermal-Stem-Cells_shCTRL,CT,-,CLO_0020011,CL_1000428,CL_0000863,UBERON_0001003,UBERON_0001003,BTO_0005098,BTO_0002738,CL_1000428,BTO_0005098,-,CL_1000428
Schwann_heart,CT,-,CLO_0007397,CL_0002573,CL_0002563,UBERON_0000948,UBERON_0005667,BTO_0001220,BTO_0001356,CL_0002573,BTO_0001220,-,CL_0002573
Nucleus Pulposus Cell donor1,CT,-,CLO_0033919,CL_0000138,CL_0000779,UBERON_0002242,UBERON_0002343,BTO_0005498,BTO_0002868,UBERON_0002242,BTO_0003626,-,UBERON_0002242
neural-cell,CT,-,CLO_0050995,CL_0002319,CL_0000540,UBERON_0001016,UBERON_0001016,-,BTO_0000759,CL_0002319,BTO_0002881,-,CL_0002319
Placental Epithelial Cells donor1,CT,-,CLO_0008559,CL_0002577,CL_0000227,UBERON_0001987,UBERON_0006878,-,BTO_0000103,CL_0002577,BTO_0001975,-,CL_0002577
foreskin_keratinocyte,CT,-,CLO_0031676,CL_1001606,CL_0000312,UBERON_0001332,UBERON_0003116,BTO_0005481,BTO_0002176,CL_1001606,BTO_0005481,-,CL_1001606
CD8_H9RET,CT,-,CLO_0031030,CL_0000625,CL_0000624,UBERON_0002405,UBERON_0001724,BTO_0000289,BTO_0000111,-,BTO_0000468,-,CL_0000811
Neutrophils donor1,CT,-,CLO_0000000,CL_0000775,CL_0000775,UBERON_0000178,UBERON_0002351,BTO_0000130,BTO_0002753,CL_0000775,BTO_0000130,-,CL_0000775
CD8_ab_T_CB,CT,-,CLO_0000238,CL_0000625,CL_0000625,UBERON_0000178,UBERON_0002350,BTO_0000289,BTO_0000561,-,-,-,CL_0000811
Megakaryo_liver,CT,-,CLO_0030474,CL_0000556,CL_0000554,UBERON_0002107,UBERON_0002107,-,BTO_0000759,CL_0000556,BTO_0001549,-,CL_0000556
CMP CD4+_3,CT,-,CLO_0000566,CL_0000084,CL_0000624,UBERON_0000178,UBERON_0002324,-,BTO_0007000,PR_000001004,-,-,PR_000001004
Human Embryonic Kidney Cell,CT,-,CLO_0050846,CL_1000497,CL_0002324,UBERON_0000922,UBERON_0002113,BTO_0002733,BTO_0000295,CL_1000497,BTO_0002733,-,CL_1000497
umbilical cord Fibroblast,CT,-,CLO_0008786,CL_0000057,CL_0000057,UBERON_0002331,UBERON_0002170,-,BTO_0001089,UBERON_0002331,BTO_0001415,-,UBERON_0002331
CD4+CD25+CD45RA- memory regulatory T cells donor3,CT,-,none,CL_0002678,CL_0000815,UBERON_0002405,none,-,BTO_0000759,PR_000001015,BTO_0004615,-,CL_0002678
Skeletal Muscle Myoblast,CT,-,CLO_0000171,CL_0000056,CL_0000056,UBERON_0001134,UBERON_0001133,-,BTO_0001109,CL_0000515,BTO_0001103,-,CL_0000515
Adrenocortical_adrenal_8,CT,-,CLO_0050951,CL_0002097,CL_0000171,UBERON_0002369,UBERON_0001238,BTO_0005817,BTO_0000182,CL_0002097,BTO_0005817,-,CL_0002097
NPC_1,CT,-,CLO_0009243,CL_0011020,CL_0000740,UBERON_0001016,UBERON_0000113,-,BTO_0003841,UBERON_0001965,BTO_0005498,-,PATO_0070030
NPC_2,CT,-,CLO_0003555,CL_0011020,CL_0000020,UBERON_0001016,UBERON_0000955,-,BTO_0004707,UBERON_0001965,BTO_0005498,-,PATO_0070030
epithelial,CT,-,CLO_0000111,CL_0000066,CL_0000066,UBERON_0000483,UBERON_0000483,BTO_0000414,BTO_0000368,CL_0000066,BTO_0000414,-,CL_0000066
CRC_myeloid_2,CT,-,CLO_0051177,CL_0000763,CL_0000763,UBERON_0000178,UBERON_0000178,BTO_0000906,BTO_0002450,CL_0000763,BTO_0000906,-,CL_0000763
RPTEC,CT,-,CLO_0007467,CL_0002306,CL_0008002,UBERON_0004134,UBERON_0004203,BTO_0006154,BTO_0001429,CL_0002364,BTO_0003486,-,CL_0002364
CMP_BMP,CT,-,CLO_0020461,CL_0000049,CL_0000034,UBERON_0002371,UBERON_0011915,BTO_0004730,BTO_0002926,UBERON_0013657,-,-,UBERON_0003695
foreskin-keratinocyte-calcium2.5day,CT,-,CLO_0002549,CL_1001606,CL_0000312,UBERON_0001332,UBERON_0001499,BTO_0005481,BTO_0000275,CL_1001606,BTO_0005481,-,CL_1001606
ESC,CT,-,CLO_0007665,CL_0002322,CL_0002322,UBERON_0000922,UBERON_0000104,BTO_0001086,BTO_0001045,CHEBI_35701,BTO_0006080,-,CL_0002322
Stromal_muscle,CT,-,CLO_0050742,CL_0000499,CL_0000749,UBERON_0005090,UBERON_0004470,-,BTO_0000748,CL_0000499,BTO_0000887,-,CL_0000499
Stromal_stomach,CT,-,CLO_0007102,CL_0000499,CL_0000499,UBERON_0000945,UBERON_0000945,-,BTO_0001757,UBERON_0000945,BTO_0001307,-,UBERON_0000945
mammary_epithelial_cells,CT,-,CLO_0002544,CL_0002327,CL_0002325,UBERON_0000310,UBERON_0001911,BTO_0004300,BTO_0000149,CL_0002327,BTO_0004300,-,CL_0002327
M0_VB,CT,-,CLO_0033312,CL_0000235,CL_0000048,UBERON_0000178,UBERON_0002037,-,BTO_0000006,-,-,-,-
Myeloid_placenta,CT,-,CLO_0050784,CL_0000763,CL_0000763,UBERON_0001987,UBERON_0001987,BTO_0000906,BTO_0001746,UBERON_0001987,BTO_0001078,-,UBERON_0001987
Monocyte_1,CT,-,CLO_0037007,CL_0000576,CL_0000576,UBERON_0000178,UBERON_0000178,BTO_0000876,BTO_0000759,CL_0000576,BTO_0000876,-,CL_0000576
GMP1low_LS_BM1137,CT,-,CLO_0059204,CL_0000557,CL_0000451,UBERON_0002371,UBERON_0002371,-,BTO_0001487,-,-,-,-
adult_dermal_fibroblasts,CT,-,CLO_0002622,CL_0002551,CL_0002618,UBERON_0002067,UBERON_0001444,BTO_0004419,BTO_0001861,UBERON_2005246,BTO_0004419,-,CL_0002551
CD8donorC,CT,-,CLO_0002536,CL_0000625,CL_0000625,UBERON_0002405,UBERON_0000000,BTO_0000289,BTO_0003960,CL_0000669,-,-,PR_000001902
Inhibitory_neur_cerebrum_0,CT,-,CLO_0008267,CL_0000540,CL_0002579,UBERON_0000955,UBERON_0002421,-,BTO_0001237,CHEBI_35222,BTO_0003869,-,CL_0008015
MPAL2_T1_2,CT,-,CLO_0052063,CL_0000988,CL_0000813,UBERON_0000178,UBERON_0002184,-,BTO_0005917,UBERON_6003020,BTO_0006566,-,CL_0000958
Mast cell donor4,CT,-,CLO_0000288,CL_0000097,CL_0000097,UBERON_0002405,UBERON_0002048,BTO_0000830,BTO_0000781,CL_2000020,BTO_0000830,-,CL_0000097
CD4-positive helper T cell,CT,-,-,CL_0000492,CL_0000624,UBERON_0002405,-,BTO_0002417,BTO_0000486,GO_0045224,BTO_0002417,-,CL_0000492
Endothelial Cells - Umbilical vein donor1,CT,-,CLO_0002612,CL_0002618,CL_0000115,UBERON_0002066,UBERON_0002059,BTO_0004296,BTO_0006580,CL_0002618,BTO_0004296,-,CL_0002618
Penis_Foreskin_Fibroblast_Primary_Cells_skin01,CT,-,CLO_0007245,CL_1001608,CL_0002618,UBERON_0001332,UBERON_0000989,BTO_0002245,BTO_0002185,UBERON_0001471,BTO_0002245,-,UBERON_0001471
MPAL1_T1_2,CT,-,CLO_0002560,CL_0000988,CL_0000077,UBERON_0000178,UBERON_0000178,-,BTO_0002988,PR_000016043,BTO_0006566,-,PR_000016043
subcutaneous adipocytes,CT,-,CLO_0050741,CL_0002521,CL_0000136,UBERON_0002190,UBERON_0006976,-,BTO_0001274,CL_0002521,BTO_0004042,-,CL_0002521
CD4+ CD7- cells_CTCL1043,CT,-,CLO_0000427,CL_0000084,CL_0000624,UBERON_0000178,UBERON_0002371,-,BTO_0001431,PR_000001836,-,-,PR_000001836
Esophageal Epithelial Cells donor1,CT,-,CLO_0003685,CL_0002252,CL_0000147,UBERON_0001043,UBERON_0001990,BTO_0006199,BTO_0004750,UBERON_0001976,BTO_0006199,-,UBERON_0001976
CD34 Erythroid cells_Don002,CT,-,CLO_0031543,CL_0000764,CL_0000536,UBERON_0002371,UBERON_0015226,BTO_0002731,BTO_0002602,CL_0000038,BTO_0002731,-,CL_0000038
Adipocyte - subcutaneous donor3,CT,-,CLO_0002628,CL_0002521,CL_0000136,UBERON_0002190,UBERON_0001442,-,BTO_0000763,CL_0002521,BTO_0004042,-,CL_0002521
tamoxifen_EC9,CT,-,CLO_0009160,CL_0002149,CL_0000000,UBERON_0001295,UBERON_0000000,-,BTO_0001829,-,-,-,-
human_cardiac_fibroblasts-adult_atrial,CT,-,CLO_0032555,CL_0002548,CL_1000489,UBERON_0000948,UBERON_0006433,BTO_0003093,BTO_0001351,CL_2000067,BTO_0001043,-,CL_2000067
Matrix_Fibrob_2_A,CT,-,CLO_0000659,CL_0000057,CL_0002131,UBERON_0002384,UBERON_0002398,BTO_0000452,BTO_0000181,UBERON_0011901,BTO_0004592,-,GO_0031012
Induced-regulatory-T-cells_DMSO,CT,-,CLO_0000189,CL_0000902,CL_0000817,UBERON_0002405,UBERON_0000000,-,BTO_0000000,UBERON_0010531,BTO_0004615,-,CL_0000902
Macrophages_C,CT,-,CLO_0050841,CL_0000235,CL_0000235,UBERON_0000178,UBERON_0002455,BTO_0000801,BTO_0000759,CL_0000235,BTO_0000801,-,CL_0000235
Parathyroid_adenoma,CT,-,CLO_0000270,CL_1001593,CL_0002139,UBERON_0001132,UBERON_0001759,-,BTO_0003312,UBERON_0001132,BTO_0000997,-,UBERON_0001132
Red blood cells,CT,-,CLO_0000153,CL_0000232,CL_0000232,UBERON_0000178,UBERON_0000178,BTO_0000424,BTO_0000383,-,-,-,-
Pericytes_E,CT,-,CLO_0002621,CL_0000669,CL_0000669,UBERON_0002384,UBERON_0004950,BTO_0002441,BTO_0000671,CL_0000669,BTO_0002441,-,CL_0000669
GBM29,CT,CLO_0003456,CLO:0003304,CL_0000125,CL:0000000,UBERON_0000955,UBERON:0000000,-,BTO:0002729,-,-,-,-
Club-F,CT,-,CLO_0037353,CL_0000158,CL_0002139,UBERON_0002048,UBERON_0007385,-,BTO_0004665,CL_0000158,-,-,CL_0000158
p7-CLL-patient_CD74,CT,-,CLO_0000184,CL_0000988,CL_0000945,UBERON_0000178,UBERON_0000178,-,BTO_0000202,-,-,-,-
Im-GCT-3504_G34W-repair_WT_4C7,CT,-,CLO_0037656,-,CL_0009057,UBERON_0002481,UBERON_0001264,-,BTO_0002568,-,-,-,-
Bone Marrow Derived Cultured Mesenchymal Stem Cells,CT,-,CLO_0008104,CL_0002540,CL_0000134,UBERON_0002371,UBERON_0002371,-,BTO_0001585,CL_0002540,BTO_0004052,-,CL_0002540
Megakaryo_adrenal,CT,-,CLO_0039462,CL_0000556,CL_0000557,UBERON_0002369,UBERON_0002369,-,BTO_0001775,CL_0000556,BTO_0000843,-,CL_0000556
Chondrocyte - de diff donor1,CT,-,CLO_0000309,CL_0000138,CL_0000138,UBERON_0002418,UBERON_0000054,BTO_0000249,BTO_0000170,CL_0000138,BTO_0000249,-,CL_0000138
aortic_adventitial_fibroblasts,CT,-,CLO_0009288,CL_0002547,CL_0002554,UBERON_0007240,UBERON_0001634,BTO_0005640,BTO_0000993,CL_0002547,BTO_0005640,-,CL_0002547
Endothelial Cells - Aortic donor0,CT,-,CLO_0050743,CL_0002544,CL_0000115,UBERON_0000947,UBERON_0000945,BTO_0003245,BTO_0000555,CL_0000115,BTO_0003245,-,CL_0002544
Penis_Foreskin_Keratinocyte_Primary_Cells_skin02,CT,-,CLO_0032141,CL_1001606,CL_0000312,UBERON_0001332,UBERON_0000989,BTO_0005481,BTO_0002663,CL_1001606,BTO_0005481,-,CL_1001606
NH-A_Astrocytes,CT,-,CLO_0034365,CL_0000127,CL_0000127,UBERON_0001017,UBERON_0000955,BTO_0000099,BTO_0000594,CL_0000127,BTO_0000099,-,CL_0000127
CD8_EM_healthy,CT,-,CLO_0001236,CL_0000625,CL_0000905,UBERON_0002405,UBERON_0000029,BTO_0000289,BTO_0000258,-,-,-,-
CD34_bone_marrow_cell-derived_erythroid_progenitors,CT,-,CLO:0008894,CL_0000038,CL:0000049,UBERON_0002371,UBERON:0002048,-,BTO:0000510,CL_0000038,BTO_0004911,-,CL_0000038
prostate_cancer,CT,-,CLO_0007894,CL_0002231,CL_0000735,UBERON_0002367,UBERON_0002367,BTO_0001130,BTO_0005672,UBERON_0002367,BTO_0001033,-,UBERON_0002367
acute myeloid leukemia,CT,-,CLO_0009323,CL_0000763,CL_0000821,UBERON_0000178,UBERON_0002048,BTO_0001545,BTO_0000961,PR_000016043,BTO_0001545,-,PR_000014362
GBM03,CT,CLO_0003456,CLO_0002595,CL_0000125,CL_0000668,UBERON_0000955,UBERON_0000955,-,BTO_0004391,-,-,-,-
hMSC,CT,-,CLO_0002618,CL_0000134,CL_0000034,UBERON_0002371,UBERON_0005239,BTO_0003298,BTO_0001062,PR_P11836,-,-,PR_P21757
PBMC_Rep1-CD34,CT,-,CLO_0000001,CL_2000001,CL_0000232,UBERON_0000178,UBERON_0002049,-,BTO_0000759,PR_000001003,BTO_0001008,-,PR_000001003
Th17-IL-10- Day 0,CT,-,CLO_0000918,CL_0000899,CL_0001238,UBERON_0002405,UBERON_0000000,BTO_0005655,BTO_0000000,UBERON_4300023,BTO_0005655,-,CL_0000899
BI_CD4p_CD25-_Il17p_PMAstim_Th17,CT,-,CLO_0000516,CL_0000899,CL_0000899,UBERON_0002405,UBERON_0002351,BTO_0005655,BTO_0001060,PR_000001380,BTO_0005655,-,PR_000001380
MEP,CT,-,CLO_0037303,CL_0000050,CL_0001023,UBERON_0002371,UBERON_0002370,-,BTO_0000342,CL_0000050,BTO_0002178,-,CL_0000050
CD8+ T Cells donor1,CT,-,CLO_0011111,CL_0000625,CL_0000625,UBERON_0002405,UBERON_0000000,BTO_0000289,BTO_0000000,CHEBI_17891,BTO_0000354,-,CL_0000811
Astrocyte - cerebellum donor1,CT,-,CLO_0005004,CL_0002603,CL_0000127,UBERON_0002037,UBERON_0002037,-,BTO_0000175,CL_0002603,BTO_0000232,-,CL_0002603
Fibroblast - Dermal donor4,CT,-,CLO_0002582,CL_0002551,CL_0000057,UBERON_0002067,UBERON_0002047,BTO_0004419,BTO_0000254,CL_0002551,BTO_0004419,-,CL_0002551
Human Bronchial Epithelial Cell,CT,-,CLO_0034362,CL_0002328,CL_0002683,UBERON_0002185,UBERON_0003470,BTO_0002922,BTO_0000662,CL_0002328,BTO_0002922,-,CL_0002328
Human CD34+ Hematopoietic Stem/Progenitor Cell,CT,-,CLO_0007249,CL_0000037,CL_0000037,UBERON_0002371,UBERON_0010715,BTO_0000725,BTO_0001063,PR_000001003,BTO_0000725,-,PR_P28906
iPS derived pancreatic precursor cells_Lane2,CT,-,CLO_0037342,CL_0011115,CL_0002060,-,UBERON_0001264,-,BTO_0005086,CL_0011115,BTO_0000183,-,CL_0011115
NHEK-Epidermal Keratinocyte Primary Cells,CT,-,CLO_0002271,CL_0000312,CL_0000312,UBERON_0001003,UBERON_0004383,BTO_0003182,BTO_0000701,CL_0000312,BTO_0000667,-,CL_0000312
Hindbrain derived neural stem cells_NS19_H3.3K27M,CT,-,CLO_0050851,CL_0000047,CL_0000047,UBERON_0002028,UBERON_0002028,BTO_0002881,BTO_0006735,UBERON_0009614,BTO_0000672,-,UBERON_0009614
iPS_derived_pancreatic_precursor_cells,CT,-,CLO_0009224,CL_0011115,CL_1001608,-,UBERON_0001264,-,BTO_0001335,CL_0011115,BTO_0000183,-,CL_0011115
Smooth_muscle_placenta,CT,-,CLO_0050845,CL_0009093,CL_0000192,UBERON_0001987,UBERON_0001982,-,BTO_0002892,CL_0009093,BTO_0001260,-,CL_0009093
Fibroblast - Aortic Adventitial donor3,CT,-,CLO_0002494,CL_0002547,CL_0000057,UBERON_0007240,UBERON_0001636,BTO_0005640,BTO_0001358,CL_0002547,BTO_0005640,-,CL_0002547
Endothelial Cells - Artery donor1,CT,-,CLO_0002531,CL_1000413,CL_0000115,UBERON_0001637,UBERON_0001637,-,BTO_0000284,CL_1000413,BTO_0004758,-,CL_1000413
foreskin_keratinocyte_2,CT,-,CLO_0002622,CL_1001606,CL_0000312,UBERON_0001332,UBERON_0000989,BTO_0005481,BTO_0000763,CL_1001606,BTO_0005481,-,CL_1001606
visceral adipocytes,CT,-,CLO_0002588,CL_0000136,CL_0000138,UBERON_0035818,UBERON_0001378,-,BTO_0000743,UBERON_8600004,BTO_0002780,-,CL_0002582
P286_Primary_DLBCL,CT,-,CLO_0007902,CL_0000236,CL_0000236,UBERON_0000178,UBERON_0000029,-,BTO_0000221,UBERON_0005620,BTO_0001413,-,GO_0042582
HTBE_H3N2_12h,CT,-,CLO_0052521,CL_0002202,CL_0000236,UBERON_0007196,UBERON_0002048,-,BTO_0000854,-,-,-,-
RPE,CT,-,CLO_0002455,CL_0002586,CL_0002027,UBERON_0000966,UBERON_0001786,BTO_0004910,BTO_0005095,UBERON_0005424,BTO_0003357,-,UBERON_0005424
NHDF-Ad_Adult_Dermal_Fibroblasts,CT,-,CLO_0002497,CL_0002620,CL_0000057,UBERON_0002067,UBERON_0002073,BTO_0004419,BTO_0000744,UBERON_2005246,BTO_0004419,-,UBERON_0003457
NKC,CT,-,CLO_0002138,CL_0000623,CL_0000622,UBERON_0002405,UBERON_0002390,BTO_0000914,BTO_0000739,UBERON_3010310,BTO_0000382,-,CL_0000623
T-cell,CT,-,CLO_0000238,CL_0000084,CL_0000084,UBERON_0000178,UBERON_0002384,BTO_0000782,BTO_0000751,CL_0000084,BTO_0006501,-,CL_0000084
Stromal_heart_3,CT,-,CLO_0000411,CL_0000499,CL_0002131,UBERON_0000948,UBERON_0000948,-,BTO_0000661,UBERON_0000948,BTO_0000562,-,UBERON_0000948
Lens Epithelial Cells donor1,CT,-,CLO_0050845,CL_0002224,CL_0000198,UBERON_0001803,UBERON_0001771,-,BTO_0000676,CL_0002224,BTO_0001874,-,CL_0002224
hNPCs_K755R/+,CT,-,CLO_0002853,CL_0000138,CL_0000005,UBERON_0002242,UBERON_0000955,BTO_0005498,BTO_0002753,-,BTO_0005498,-,-
CD36+,CT,-,CLO_0050849,CL_0000038,CL_0002327,UBERON_0002371,UBERON_0000178,-,BTO_0000651,UBERON_0006104,-,-,PR_000001905
CD4+CD25-CD45RA+ naive conventional T cells donor1,CT,-,-,CL_0000898,CL_2000015,UBERON_0002370,UBERON_0000453,-,BTO_0002297,PR_000001015,-,-,PR_000001015
Horizontal_Amacrine_eye,CT,-,-,CL_0000561,CL_0000149,UBERON_0000966,UBERON_0015912,BTO_0004044,-,CL_0000745,BTO_0004120,-,CL_0000745
immature langerhans cells donor1,CT,-,CLO_0000576,CL_0000453,CL_0000456,UBERON_0002405,UBERON_0002049,BTO_0000705,BTO_0000786,CL_0000453,BTO_0000705,-,CL_0001016
CD34 Erythroid cells_Don003,CT,-,CLO_0007654,CL_0000764,CL_0002063,UBERON_0002371,UBERON_0000178,BTO_0002731,BTO_0000726,CL_0000038,BTO_0002731,-,CL_0000038
cDC_healthy,CT,-,CLO_0002377,CL_0000451,CL_0000990,UBERON_0002405,UBERON_0002405,BTO_0002042,BTO_0004758,CL_0000990,-,-,CL_0000990
Day6 Plasmablast CD23- memory B cell_G9A-Inhibited,CT,-,CLO_0000211,CL_0000980,CL_0000945,UBERON_0002405,UBERON_0000467,-,BTO_0000214,CL_0000980,BTO_0006150,-,CL_0000980
Fibroblast cells,CT,-,CLO_0002597,CL_0000057,CL_0000057,UBERON_0002384,UBERON_0002398,BTO_0000452,BTO_0000555,CL_0000057,BTO_0000452,-,CL_0000057
mesenchymal precursor cell - bone marrow donor3,CT,-,CLO_0009024,CL_0000134,CL_0000492,UBERON_0002371,UBERON_0002371,BTO_0003298,BTO_0000759,CL_0002540,BTO_0004850,-,CL_0002540
Matrix_Fibrob_1_B,CT,-,CLO_0050855,CL_0000057,CL_0000057,UBERON_0002384,UBERON_0002398,BTO_0000452,BTO_0000399,UBERON_0011901,BTO_0004592,-,GO_0031012
Undifferentiated Pleomorphic Sarcoma,CT,-,CLO:0008512,-,CL:0009079,UBERON_0002384,UBERON:0004198,BTO_0003646,BTO:0002887,UBERON_0005564,BTO_0003646,-,UBERON_0005564
EPC_VB,CT,-,CLO_0002620,CL_0002619,CL_0008001,UBERON_0002371,UBERON_0002037,BTO_0004093,BTO_0001502,-,BTO_0002862,-,CL_0002619
UMUC1_sonic_pSIN-puro_EV,CT,-,CLO_0002253,CL_1001319,CL_0000000,UBERON_0001255,UBERON_0000000,BTO_0006457,BTO_0006889,UBERON_8440038,-,-,-
CD4+ ab T,CT,-,CLO_0011090,CL_0000624,CL_0000624,UBERON_0002405,UBERON_0000000,-,BTO_0000000,PR_000001004,-,-,PR_000001004
ASC,CT,-,CLO_0030668,CL_0000136,CL_0000648,UBERON_0001013,UBERON_0000013,BTO_0000443,BTO_0001708,UBERON_0001156,BTO_0002162,-,CL_0002638
MSC_VB,CT,-,CLO_0000555,CL_0000134,CL_0000134,UBERON_0000178,UBERON_0001062,BTO_0003298,BTO_0001062,CL_4040004,BTO_0000492,-,CL_4040004
tamoxifen_EC11,CT,-,CLO_0000047,CL_0002149,CL_0000182,UBERON_0001295,UBERON_0000178,-,BTO_0000265,-,-,-,PR_000003499
hNPCs_R1159Q/+,CT,-,CLO_0003678,CL_0000138,CL_0002248,UBERON_0002242,UBERON_0000955,BTO_0005498,BTO_0001115,UBERON_0019286,BTO_0005498,-,-
Ciliated_cells_D,CT,-,CLO_0000004,CL_0000064,CL_0000012,UBERON_0002048,UBERON_0000014,-,BTO_0000018,CL_0000064,BTO_0005589,-,CL_0000064
EX_cerebrum_3,CT,-,CLO_0026824,CL_0000540,CL_0000705,UBERON_0000955,UBERON_0000956,-,BTO_0001899,UBERON_0001893,BTO_0003868,-,UBERON_0001893
Corneal Epithelial Cells donor1,CT,-,CLO_0053133,CL_0000575,CL_0000213,UBERON_0000964,UBERON_0001770,BTO_0004298,BTO_0000687,CL_0000575,BTO_0004298,-,CL_0000575
Stromal_lung_5,CT,-,CLO_0008988,CL_0000499,CL_0000019,UBERON_0002048,UBERON_0002048,-,BTO_0002233,UBERON_0002048,BTO_0000763,-,UBERON_0002048
Primary T CD8+ memory cells from peripheral blood,CT,-,CLO:0000496,CL_0000909,CL:0000900,UBERON_0000178,UBERON:0000178,-,BTO:0000697,CL_0002246,BTO_0003494,-,CL_0002246
NK_cells_F,CT,-,CLO_0000913,CL_0000623,CL_0000623,UBERON_0002405,UBERON_0002465,BTO_0000914,BTO_0002451,CL_0000623,BTO_0000629,-,CL_0000623
CD4+ cells_CTCL1145,CT,-,CLO_0000471,CL_0000492,CL_0000624,UBERON_0002405,UBERON_0000478,BTO_0002417,BTO_0000556,PR_000001004,BTO_0005950,-,PR_000001004
Monocytes-CD14+_RO01746,CT,-,CLO_0050845,CL_0001054,CL_0000576,UBERON_0000178,UBERON_0010223,-,BTO_0000759,CL_0000576,BTO_0000876,-,CL_0000576
Stromal_lung_1,CT,-,CLO_0050924,CL_0000499,CL_0002325,UBERON_0002048,UBERON_0002048,-,BTO_0001028,UBERON_0002048,BTO_0000763,-,UBERON_0002048
NK_cells_J,CT,-,CLO_0000560,CL_0000623,CL_0000624,UBERON_0002405,UBERON_0002390,BTO_0000914,BTO_0000722,CL_0000623,BTO_0000629,-,CL_0000623
lymphocyte,CT,-,CLO_0000232,CL_0000542,CL_0000542,UBERON_0000178,UBERON_0001475,BTO_0000775,BTO_0000780,CL_0000542,BTO_0000775,-,CL_0000542
CD4+ T Cells donor2,CT,-,CLO_0039059,CL_0000492,CL_0000624,UBERON_0002405,UBERON_0000468,BTO_0002417,BTO_0001225,PR_000001004,BTO_0000354,-,PR_000001004
Erythrob_adrenal,CT,-,CLO_0037311,CL_0000765,CL_0002342,UBERON_0002369,UBERON_0001239,BTO_0001571,BTO_0002538,CL_0000232,BTO_0001571,-,CL_0000232
HUES64_derived_CD184+,CT,-,CLO:0007074,CL_0000223,CL:0000842,UBERON_0000925,UBERON:0000029,-,BTO:0002766,-,-,-,PR_000001208
GSC,CT,-,CLO_0033806,CL_0000047,CL_0000646,UBERON_0001017,UBERON_0002046,BTO_0006001,BTO_0003734,-,BTO_0006001,-,-
HSC_liver,CT,-,CLO_0034096,CL_0000037,CL_0000057,UBERON_0002107,UBERON_0002107,BTO_0000725,BTO_0000801,UBERON_0002107,BTO_0000759,-,UBERON_0002107
Im-GCT-4072_G34W-repair_WT_A4,CT,-,CLO_0051206,-,CL_0000182,UBERON_0002481,UBERON_0000468,-,BTO_0000744,-,-,-,-
non-tamoxifen_EC5,CT,-,CLO_0000213,CL_0002149,CL_0000544,UBERON_0001295,UBERON_0002398,-,BTO_0000471,-,-,-,PR_000001927
Tfh_BCC,CT,-,CLO_0037312,CL_0002038,CL_0000895,UBERON_0000029,UBERON_0004113,-,BTO_0005005,-,-,-,CL_0002038
Hepatocyte donor2,CT,-,CLO_0000180,CL_0000182,CL_0000182,UBERON_0002107,UBERON_0001062,BTO_0000575,BTO_0000699,CL_0000182,BTO_0000575,-,CL_0000182
Urothelial Cells donor1,CT,-,CLO_0037162,CL_0000731,CL_0000096,UBERON_0001255,UBERON_0000368,BTO_0005781,BTO_0004754,CL_0000731,BTO_0005781,-,CL_0000731
Mallassez-derived cells donor3,CT,-,CLO_0050207,CL_0002166,CL_0002329,UBERON_0008266,UBERON_0008282,-,BTO_0000609,CL_0002166,-,-,CL_0002166
Syn_vil_cytoTrophobs_placenta_0,CT,-,CLO_0004019,CL_0000034,CL_0000783,UBERON_0001987,UBERON_0006928,-,BTO_0001309,UBERON_0001987,BTO_0001078,-,UBERON_0001987
Stromal_lung_3,CT,-,CLO_0000426,CL_0000499,CL_0000690,UBERON_0002048,UBERON_0002048,-,BTO_0001210,UBERON_0002048,BTO_0000763,-,UBERON_0002048
Matrix_Fibrob_2_B,CT,-,CLO_0002877,CL_0000057,CL_0000492,UBERON_0002384,UBERON_0002398,BTO_0000452,BTO_0004685,UBERON_0011901,BTO_0004592,-,GO_0031012
Primary hematopoietic stem cells,CT,-,CLO_0000955,CL_0000037,CL_0000037,UBERON_0002371,UBERON_0002048,BTO_0000725,BTO_0000488,CL_0000037,BTO_0000725,-,CL_0000037
Skeletal muscle cells differentiated into Myotubes - multinucleated donor1,CT,-,CLO_0000198,CL_0002372,CL_0000188,UBERON_0005090,UBERON_0001133,-,BTO_0001104,GO_0035914,BTO_0004392,-,GO_0035914
tamoxifen_EC8,CT,-,CLO_0050081,CL_0002149,CL_0000000,UBERON_0001295,UBERON_0000000,-,BTO_0000114,-,BTO_0006507,-,-
Central_Memo_CD8_T,CT,-,CLO_0000501,CL_0000909,CL_0000908,UBERON_0002405,UBERON_0000029,-,BTO_0002654,UBERON_0012131,BTO_0003753,-,UBERON_0002291
Matrix_Fibrob_1_G,CT,-,CLO_0002591,CL_0000057,CL_0000057,UBERON_0002384,UBERON_0001981,BTO_0000452,BTO_0001227,UBERON_0011901,BTO_0004592,-,GO_0031012
MM011_Primary_Melanoma,CT,-,CLO_0037291,CL_0000148,CL_0000164,UBERON_0001003,UBERON_0002032,-,BTO_0002106,CL_0000148,BTO_0000848,-,CL_0002566
endometrial_stromal_cells,CT,-,CLO_0008948,CL_0002255,CL_0002578,UBERON_0001295,UBERON_0001261,BTO_0003697,BTO_0001290,CL_0002255,BTO_0003697,-,CL_0002255
Epithelial_intestine_2,CT,-,CLO:0002678,CL_0002563,CL:0000066,UBERON_0000160,UBERON:0004922,BTO_0005937,BTO:0002756,UBERON_0001277,BTO_0005937,-,UBERON_0001277
hASC_preadipocytes,CT,-,CLO_0002612,CL_0002334,CL_2010000,UBERON_0002384,UBERON_0000000,BTO_0001107,BTO_0000780,CL_0002334,BTO_0001107,-,CL_0002334
keratinocytes_Mi2KD,CT,-,CLO_0000956,CL_0000312,CL_0000312,UBERON_0001003,UBERON_0001003,BTO_0000667,BTO_0000324,CL_0000312,BTO_0000667,-,CL_0000312
Memory_CD4_T_t,CT,-,CLO_0000238,CL_0000897,CL_0000904,UBERON_0002405,UBERON_0004175,-,BTO_0001769,GO_0007613,BTO_0003435,-,CL_0000813
FiPSC,CT,-,CLO_0050849,CL_0002248,CL_0002326,-,UBERON_0000000,-,BTO_0000000,CL_4030035,BTO_0006081,-,CL_4030035
epithelial_cell_of_proximal_tubule,CT,-,-,CL_0002306,CL_0000066,UBERON_0004134,UBERON_0001928,BTO_0006154,BTO_0002931,CL_0002306,BTO_0006154,-,CL_0002306
CD14+ monocyte derived endothelial progenitor cells donor1,CT,-,CLO_0037294,CL_0001054,CL_0000890,UBERON_0000178,UBERON_0000473,BTO_0000876,BTO_0002662,CL_0000557,BTO_0004093,-,CL_0002619
GBM32,CT,CLO_0003456,CLO_0003303,CL_0000125,CL_0000002,UBERON_0000955,UBERON_0001627,-,BTO_0006367,-,-,-,-
Stromal_muscle_2,CT,-,CLO_0008031,CL_0000499,CL_0000187,UBERON_0005090,UBERON_0002367,-,BTO_0000116,CL_0000499,BTO_0000887,-,CL_0000499
Monocyte,CT,-,CLO_0000235,CL_0000576,CL_0000576,UBERON_0000178,UBERON_0001269,BTO_0000876,BTO_0000206,CL_0000576,BTO_0000876,-,CL_0000576
CD16_Mono,CT,-,CLO_0050763,CL_0002397,CL_2000001,UBERON_0000178,UBERON_0001392,BTO_0000876,BTO_0001409,PR_000001483,BTO_0000876,-,PR_000001483
Treg,CT,-,CLO_0000905,CL_0000815,CL_0000815,UBERON_0002405,UBERON_0002298,BTO_0004520,BTO_0002019,UBERON_2002106,BTO_0000721,-,CL_0000815
Capillary_2_E,CT,-,CLO_0050848,CL_0002144,CL_0000359,UBERON_0001915,UBERON_0001981,BTO_0004956,BTO_0000561,UBERON_0001982,BTO_0002045,-,UBERON_0001982
Astrocytes,CT,-,-,CL_0000127,CL_0000127,UBERON_0001017,UBERON_0000318,BTO_0000099,BTO_0000217,CL_0000127,BTO_0000099,-,CL_0000127
MPAL2_T2_2,CT,-,CLO_0000375,CL_0000988,CL_0000787,UBERON_0000178,UBERON_0000066,-,BTO_0002090,UBERON_6003021,BTO_0003771,-,CL_0000959
Vascular_endo_adrenal,CT,-,CLO_0050939,CL_0002139,CL_0000115,UBERON_0002369,UBERON_0002368,-,BTO_0000078,CL_0002139,BTO_0002688,-,CL_0002139
AT1_A,CT,-,CLO_0050770,CL_0002062,CL_0002463,UBERON_0002299,UBERON_0000178,BTO_0000780,BTO_0001848,UBERON_6003020,BTO_0006125,-,PR_000001440
PBMC,CT,-,CLO_0000471,CL_2000001,CL_0000860,UBERON_0000178,UBERON_0010757,BTO_0001025,BTO_0000243,-,BTO_0001008,-,-
hMADS-3,CT,-,CLO_0009588,CL_0000048,CL_0000182,UBERON_0001013,UBERON_0000468,-,BTO_0000706,UBERON_2001977,BTO_0004329,-,PR_Q9UEW3
HTBE_H1N1_18h,CT,-,CLO_0050848,CL_0002202,CL_0000236,UBERON_0007196,UBERON_0002048,-,BTO_0001460,-,-,-,-
leukophereses_p217,CT,-,CLO_0000027,CL_0000738,CL_0000081,UBERON_0000178,UBERON_0000178,BTO_0000751,BTO_0000759,CL_0000738,BTO_0000751,-,CL_0000738
breast cancer FA,CT,-,CLO_0007782,CL_0002327,CL_0000182,UBERON_0000310,UBERON_0000310,-,BTO_0000185,UBERON_0000310,BTO_0000150,-,UBERON_0000310
neutrophil_VB,CT,-,CLO_0000028,CL_0000775,CL_0000775,UBERON_0000178,UBERON_0002399,BTO_0000130,BTO_0000785,CL_0000775,BTO_0000130,-,CL_0000775
Smooth Muscle Cells - Subclavian Artery donor2,CT,-,CLO_0050853,CL_0002595,CL_0000192,UBERON_0002111,UBERON_0001559,-,BTO_0001231,CL_0002595,BTO_0000087,-,CL_0002595
NHEK_siGRHL3,CT,-,CLO_0001873,CL_0000312,CL_0000031,UBERON_0001003,UBERON_0001003,BTO_0003182,BTO_0004093,-,BTO_0003182,-,-
GBM12,CT,CLO_0003456,CLO_0000899,CL_0000125,CL_0000000,UBERON_0000955,UBERON_0000000,-,BTO_0000000,-,BTO_0005128,-,CL_0003045
CD14+ monocytes - treated with lipopolysaccharide donor2,CT,-,CLO_0000519,CL_0001054,CL_0000860,UBERON_0000178,UBERON_0000178,BTO_0000876,BTO_0000565,CHEBI_18154,-,-,GO_0015774
GBM15,CT,CLO_0003456,CLO_0050734,CL_0000125,CL_0000000,UBERON_0000955,UBERON_0000000,-,BTO_0007035,-,-,-,-
GBM09,CT,CLO_0003456,CLO_0050936,CL_0000125,CL_0000000,UBERON_0000955,UBERON_0000000,-,BTO_0004770,-,-,-,-
CD19_Primary,CT,-,CLO_0037302,CL_0001201,CL_0000905,UBERON_0000178,UBERON_0000178,BTO_0000776,BTO_0001069,PR_000001002,BTO_0001413,-,PR_000001002
CD19+ B Cells donor3,CT,-,CLO_0000603,CL_0001201,CL_0000236,UBERON_0000178,UBERON_0000178,BTO_0000776,BTO_0000162,PR_000001002,-,-,PR_000001002
Gastrointestinal stromal tumor,CT,-,CLO_0050849,CL_0002319,CL_0008019,UBERON_0001555,UBERON_0008572,BTO_0004111,BTO_0000613,UBERON_0004908,BTO_0004111,-,UBERON_0004908
non-tamoxifen_EC2,CT,-,CLO_0050145,CL_0002149,CL_0000182,UBERON_0001295,UBERON_0001981,-,BTO_0000572,-,-,-,-
Fibroblast - Gingival donor1,CT,-,CLO_0003361,CL_0000057,CL_0000057,UBERON_0001828,UBERON_0001828,BTO_0004138,BTO_0000251,CL_0002552,BTO_0004138,-,CL_0002552
umbilical-cord-derived-mesenchymal-stem-cells_Control_cycle_0,CT,-,CLO_0007372,CL_0000134,CL_0000034,UBERON_0002331,UBERON_0002224,-,BTO_0001159,CL_0002569,BTO_0001415,-,CL_0002569
osteoblasts,CT,-,CLO_0006853,CL_0000062,CL_0000062,UBERON_0002481,UBERON_0006955,BTO_0001593,BTO_0000715,CL_0000062,BTO_0001593,-,CL_0000062
CD14_monocyte_PB,CT,-,CLO_0037001,CL_0001054,CL_0002053,UBERON_0000178,UBERON_0000178,BTO_0000876,BTO_0000142,CL_0000576,BTO_0000876,-,CL_0000576
salivary acinar cells donor2,CT,-,CLO_0034117,CL_0002623,CL_0002011,UBERON_0001044,UBERON_0001911,-,BTO_0005235,CL_0002623,BTO_0001203,-,CL_0002623
HGPS fibroblast_LMNA_AG11498,CT,-,CLO_0001577,CL_0000057,CL_0000057,UBERON_0002384,UBERON_0001981,-,BTO_0002439,CL_0000057,BTO_0000452,-,CL_0000057
Primary HSCs G-CSF-mobilized female,CT,-,CLO_0000061,CL_0000037,CL_0000037,UBERON_0002371,UBERON_0002376,-,BTO_0001500,UBERON_0001359,BTO_0002276,-,UBERON_0001359
leukophereses_p456,CT,-,CLO_0000187,CL_0000738,CL_0000863,UBERON_0000178,UBERON_0013756,BTO_0000751,BTO_0001782,CL_0000738,BTO_0000751,-,CL_0000738
CiPSC,CT,-,CLO_0009231,CL_0002248,CL_0002319,-,UBERON_0007223,-,BTO_0000992,CL_4030035,BTO_0006081,-,CL_4030035
CD14+ monocytes - mock treated donor1,CT,-,CLO_0000066,CL_0001054,CL_0000860,UBERON_0000178,UBERON_0000178,BTO_0000876,BTO_0002038,CL_0000576,BTO_0000876,-,CL_0000576
neutrophil (CB),CT,-,CLO_0037311,CL_0000775,CL_0000775,UBERON_0000178,UBERON_0002397,BTO_0000130,BTO_0002814,CL_0000775,BTO_0000130,-,CL_0000775
Myoblast donor1,CT,-,CLO_0000185,CL_0000056,CL_0000056,UBERON_0005090,UBERON_0007520,BTO_0000222,BTO_0001062,CL_0000056,BTO_0000222,-,CL_0000056
Vascular_endo_eye,CT,-,CLO:0007761,CL_0002139,CL:0000008,UBERON_0000970,UBERON:0001750,-,BTO:0001082,UBERON_0002203,BTO_0002688,-,UBERON_0002203
Lymphatic_endothelial_heart,CT,-,CLO_0034544,CL_0002138,CL_0002135,UBERON_0000310,UBERON_0001971,-,BTO_0001129,CL_0002138,BTO_0004167,-,CL_0002138
breast-cancer,CT,-,CLO_0008000,CL_0002327,CL_0002328,UBERON_0000310,UBERON_0000311,BTO_0000150,BTO_0000188,UBERON_0000310,BTO_0000150,-,UBERON_0000310
B-cell,CT,-,CLO_0000237,CL_0000236,CL_0000236,UBERON_0000178,UBERON_0001468,BTO_0000776,BTO_0000142,CL_0000236,-,-,CL_0000236
Endothelial Cells (ECs),CT,-,CLO_0002614,CL_0000115,CL_0000115,UBERON_0001986,UBERON_0001980,BTO_0001176,BTO_0000036,CL_0000115,BTO_0001176,-,CL_0000115
MLPS_T2,CT,-,CLO_0000002,CL_0000136,CL_0000127,UBERON_0001013,UBERON_0000473,-,BTO_0001159,UBERON_6003021,BTO_0003771,-,CL_0000959
Foreskin Melanocyte Primary Cells skin03,CT,-,CLO_0002722,CL_2000045,CL_0000578,UBERON_0001332,UBERON_0000989,BTO_0005457,BTO_0000705,CL_2000045,BTO_0005457,-,CL_2000045
Pancreatic cancer cells_THZ1,CT,-,CLO_0002966,CL_0000083,CL_0000182,UBERON_0001264,UBERON_0001264,BTO_0000584,BTO_0005170,CL_0000169,BTO_0000584,-,CL_0000169
MPAL2_T1_3,CT,-,CLO_0000104,CL_0000988,CL_0000001,UBERON_0000178,UBERON_0010414,-,BTO_0000157,UBERON_6003020,BTO_0006566,-,CL_0000958
M1_VB,CT,-,CLO_0001090,CL_0000235,CL_0000129,UBERON_0000178,UBERON_0008904,-,BTO_0005427,UBERON_0019272,BTO_0005043,-,CL_4023045
CD4+_CD25-_IL17-_PMA-Ionomycin_stimulated_MACS_purified_Th_Primary_Cells,CT,-,CLO_0037306,CL_0000492,CL_2000045,UBERON_0002405,UBERON_0000178,BTO_0001678,BTO_0001244,-,-,-,-
primary-dermal-fibroblasts,CT,-,CLO_0002501,CL_0002620,CL_0000057,UBERON_0002067,UBERON_0002059,BTO_0004419,BTO_0001343,UBERON_2005246,BTO_0004419,-,CL_0002551
mammary_epithelial_cell,CT,-,CLO_0002924,CL_0002327,CL_0000171,UBERON_0000310,UBERON_0000310,BTO_0002768,BTO_0002759,CL_0002327,BTO_0004300,-,CL_0002327
Natural Killer Cells donor2,CT,-,CLO_0037317,CL_0000623,CL_0000623,UBERON_0002405,UBERON_0001275,BTO_0000914,BTO_0001989,CL_0000623,BTO_0000914,-,CL_0000623
SGBS_Simpson_Golabi_Behmel_syndrome_type_1_adipocytes,CT,-,CLO_0002327,CL_0000499,CL_0000136,UBERON_0001013,UBERON_0002385,-,BTO_0000702,-,-,-,-
HASMC,CT,-,CLO_0007359,CL_0002539,CL_0000590,UBERON_0004178,UBERON_0001135,BTO_0004577,BTO_0000121,CL_0000359,BTO_0006031,-,CL_0000359
CD14+ monocytes - treated with Salmonella donor1,CT,-,CLO_0000270,CL_0001054,CL_0000860,UBERON_0000178,UBERON_0000463,BTO_0000876,BTO_0000671,CL_0000576,BTO_0000876,-,CL_0000576
CD34_adult,CT,-,CLO_0000019,CL_0000037,CL_0000902,UBERON_0002371,UBERON_0002552,BTO_0000725,BTO_0000248,PR_000001003,BTO_0001043,-,UBERON_0007023
CD4_T-cells,CT,-,CLO_0031033,CL_0000492,CL_0000624,UBERON_0002405,UBERON_0009292,BTO_0002417,BTO_0001869,PR_000001004,-,-,PR_000001004
Keratinocytes,CT,-,CLO_0002329,CL_0000312,CL_0000312,UBERON_0001003,UBERON_0001844,BTO_0000667,BTO_0004559,CL_0000312,BTO_0000667,-,CL_0000312
naive_B_VB,CT,-,CLO_0000238,CL_0000788,CL_0000594,UBERON_0000178,UBERON_0000178,-,BTO_0004092,CL_0000788,BTO_0005871,-,CL_0000788
Dermal fibroblast,CT,-,CLO_0002627,CL_0002551,CL_0000057,UBERON_0002067,UBERON_0002059,BTO_0004419,BTO_0000180,CL_0002551,BTO_0004419,-,CL_0002551
metastatic_prostate_cancer_tissue,CT,-,CLO_0003122,CL_0002231,CL_0000789,UBERON_0002367,UBERON_0001264,-,BTO_0005838,UBERON_0008715,BTO_0001033,-,UBERON_0008715
CMP_LS_BM1214,CT,-,CLO_0000568,CL_0000049,CL_0000001,UBERON_0002371,UBERON_0000178,BTO_0004730,BTO_0000001,-,BTO_0005923,-,CL_0000961
Osteoblast - differentiated donor1,CT,-,CLO_0000278,CL_0000062,CL_0000062,UBERON_0002481,UBERON_0002168,BTO_0001593,BTO_0000252,GO_0001649,BTO_0001593,-,GO_0001649
Breast vHMEC mammary epithelial,CT,-,CLO_0037313,CL_0002327,CL_0002325,UBERON_0000310,UBERON_0001911,BTO_0004300,BTO_0004819,CL_0002327,BTO_0004300,-,CL_0002327
HDFhuman_dermal_fibroblasts_DMSO,CT,-,CLO_0002571,CL_0002620,CL_0000057,UBERON_0002067,UBERON_0001444,BTO_0004419,BTO_0001152,UBERON_2005246,BTO_0004419,-,CL_0002551
CM CD4+ ab T (VB),CT,-,CLO_0037295,CL_0000624,CL_0000624,UBERON_0000178,UBERON_0000052,-,BTO_0004703,PR_000001004,-,-,PR_000001004
HSMMtube,CT,-,CLO_0000184,CL_0002372,CL_0000186,UBERON_0005090,UBERON_0002048,-,BTO_0001862,UBERON_0000025,BTO_0004822,-,UBERON_0000025
Prostate Epithelial Cells donor3,CT,-,CLO_0000071,CL_0002231,CL_0002320,UBERON_0002367,UBERON_0000428,BTO_0001033,BTO_0004754,CL_0002231,BTO_0006252,-,CL_0002231
visceral adipose_CS_H507,CT,-,CLO_0051843,CL_0000136,CL_0000445,UBERON_0035818,UBERON_0003688,-,BTO_0005655,UBERON_0014454,BTO_0002780,-,UBERON_0014454
Primary T regulatory cells (from PB),CT,-,CLO_0000238,CL_0000815,CL_0000815,UBERON_0000178,UBERON_0000178,BTO_0004520,BTO_0002295,UBERON_0007100,BTO_0004615,-,CL_0000815
pancreatic cancer cells,CT,-,CLO_0002682,CL_0000083,CL_0009044,UBERON_0001264,UBERON_0001264,BTO_0000584,BTO_0005160,CL_0000169,BTO_0000584,-,CL_0000169
CD4+ cell_UNTREATED,CT,-,CLO_0011797,CL_0000492,CL_0000624,UBERON_0002405,UBERON_0000468,BTO_0002417,BTO_0001303,PR_000001004,-,-,PR_000001004
Macrophages_D,CT,-,CLO_0000029,CL_0000235,CL_0000235,UBERON_0000178,UBERON_0002044,BTO_0000801,BTO_0000759,CL_0000235,BTO_0000801,-,CL_0000235
retinal_pigment_epithelial_cell,CT,-,CLO_0002616,CL_0002586,CL_0000745,UBERON_0000966,UBERON_0001771,BTO_0004910,BTO_0003061,CL_0002586,BTO_0004910,-,CL_0002586
Ovarian Cancer Cell,CT,CLO_0037296,CLO_0050851,-,CL_0002327,UBERON_0000992,UBERON_0000992,BTO_0001023,BTO_0005808,UBERON_0001145,BTO_0004094,-,UBERON_0001145
keratinocytes,CT,-,CLO_0002360,CL_0000312,CL_0000312,UBERON_0001003,UBERON_0000114,BTO_0000667,BTO_0000688,CL_0000312,BTO_0000667,-,CL_0000312
SCC,CT,-,CLO_0002475,CL_0000076,CL_0000743,UBERON_0006914,UBERON_0000170,BTO_0002024,BTO_0001907,-,BTO_0004438,-,UBERON_0001773
SARC,CT,-,CLO_0050498,CL_0002320,CL_0000181,UBERON_0002384,UBERON_0002103,BTO_0001207,BTO_0002192,NCBITAXON_2698737,BTO_0001207,-,NCBITAXON_2698737
NHA,CT,-,CLO_0050851,CL_0000127,CL_0002187,UBERON_0001017,UBERON_0002000,BTO_0000099,BTO_0005223,UBERON_2000673,-,-,-
Macrophages_G,CT,-,CLO_0000578,CL_0000235,CL_0000235,UBERON_0000178,UBERON_0002429,BTO_0000801,BTO_0000759,CL_0000235,BTO_0000801,-,CL_0000235
fibroblast,CT,-,CLO_0002003,CL_0000057,CL_0000057,UBERON_0002384,UBERON_0000000,BTO_0000452,BTO_0000175,CL_0000057,BTO_0000452,-,CL_0000057
HGEP,CT,-,CLO_0011012,CL_0011026,CL_0000775,UBERON_0001949,UBERON_0002048,-,BTO_0000388,PR_000001898,BTO_0003580,-,PR_000001898
breast_tumor_GOODOUTCOME,CT,-,CLO_0007773,-,CL_0002328,UBERON_0000310,UBERON_0000310,BTO_0000150,BTO_0000187,UBERON_0000310,BTO_0000149,-,UBERON_0000310
podocyte_CTL,CT,-,CLO_0002336,CL_0000653,CL_0000653,UBERON_0002113,UBERON_0004093,BTO_0002295,BTO_0000762,CL_0000653,BTO_0002295,-,CL_0000653
AT1_B,CT,-,CLO_0009346,CL_0002062,CL_0000110,UBERON_0002299,UBERON_0002048,BTO_0000780,BTO_0007370,UBERON_6003020,BTO_0006125,-,PR_000001440
Astro_cerebrum,CT,-,CLO_0003670,CL_0000127,CL_0000127,UBERON_0000955,UBERON_0000955,-,BTO_0000081,UBERON_0001893,BTO_0003868,-,UBERON_0001893
macrophages_IFNG,CT,-,CLO_0050934,CL_0000235,CL_0000235,UBERON_0000178,UBERON_0002391,BTO_0000801,BTO_0000759,CL_0000235,BTO_0000801,-,CL_0000235
CluB_A,CT,-,CLO_0000592,CL_0000158,CL_0000432,UBERON_0002048,UBERON_0000104,-,BTO_0000003,CL_0000158,-,-,CL_0000158
Smooth Muscle Cells - Prostate donor1,CT,-,CLO_0050863,CL_1000487,CL_0000192,UBERON_0004243,UBERON_0002367,-,BTO_0001073,UBERON_0004243,BTO_0003159,-,UBERON_0004243
MM087_Primary_Melanoma,CT,-,CLO_0037166,CL_0000148,CL_0000148,UBERON_0001003,UBERON_0002032,-,BTO_0000334,CL_0000148,BTO_0000848,-,CL_0002566
immature langerhans cells donor2,CT,-,CLO_0037302,CL_0000453,CL_0000454,UBERON_0002405,UBERON_0000013,BTO_0000705,BTO_0004404,CL_0000453,BTO_0000705,-,CL_0001016
Tracheal Epithelial Cells donor1,CT,-,CLO_0003043,CL_0000307,CL_0002395,UBERON_0003126,UBERON_0003128,BTO_0001388,BTO_0001240,CL_0000307,BTO_0001389,-,CL_0000307
AT1_G,CT,-,CLO_0008609,CL_0002062,CL_0000094,UBERON_0002299,UBERON_0008953,BTO_0000780,BTO_0005880,CL_0000508,BTO_0004108,-,PR_000001440
MDM,CT,-,CLO_0000238,CL_0000235,CL_0000841,UBERON_0000178,UBERON_0000178,-,BTO_0000903,UBERON_0002647,-,-,-
Acute Myeloid Leukemia Cell,CT,-,CLO_0003670,CL_0000763,CL_0000775,UBERON_0000178,UBERON_0002048,BTO_0001545,BTO_0000213,PR_000016043,BTO_0001545,-,PR_000014362
peripheral_blood_mononuclear_cells,CT,-,CLO_0000471,CL_2000001,CL_0000863,UBERON_0000178,UBERON_0000178,BTO_0001025,BTO_0000794,CL_2000001,BTO_0001025,-,CL_2000001
Primary monocytes from?peripheral?blood,CT,-,CLO_0000471,CL_0000576,CL_0000576,UBERON_0000178,UBERON_0000178,BTO_0000876,BTO_0001144,CL_0002246,BTO_0000553,-,CL_4030030
CD8_T_cells,CT,-,CLO_0000912,CL_0000625,CL_0000625,UBERON_0002405,UBERON_0001267,BTO_0000289,BTO_0000847,CL_0000084,BTO_0006295,-,CL_0000811
MPAL2_T1_4,CT,-,CLO_000777202,CL_0000988,CL_0000002,UBERON_0000178,UBERON_0000000,-,BTO_0000000,UBERON_6003020,BTO_0006566,-,CL_0000958
HDFhuman_dermal_fibroblasts,CT,-,CLO_0002598,CL_0002620,CL_0002620,UBERON_0002067,UBERON_0002067,BTO_0004419,BTO_0000472,UBERON_2005246,BTO_0004419,-,CL_0002551
HEE_human_epididymis_epithelial_cells,CT,-,CLO_0002681,CL_0000066,CL_0000480,UBERON_0004544,UBERON_0001028,-,BTO_0006024,UBERON_0004544,BTO_0000408,-,UBERON_0004544
BI_CD4p_CD225int_CD127p_Tmem,CT,-,CLO_0050570,CL_0000813,CL_0000900,UBERON_0002405,UBERON_0002048,-,BTO_0001729,PR_000001869,-,-,PR_000001869
CD8_Effector,CT,-,CLO_0000238,CL_0001050,CL_0000914,UBERON_0002405,UBERON_0000178,-,BTO_0005005,GO_0002252,BTO_0002254,-,CL_0000911
Primary T helper naive cells from?peripheral?blood,CT,-,CLO_0000578,CL_0000898,CL_0000892,UBERON_0000178,UBERON_0000178,BTO_0005871,BTO_0000152,CL_0002246,BTO_0003494,-,CL_0002246
Megakaryocyte,CT,-,CLO_0007043,CL_0000556,CL_0000556,UBERON_0002371,UBERON_0002047,BTO_0000843,BTO_0002114,CL_0000556,BTO_0000843,-,CL_0000556
foreskin keratinocyte_2,CT,-,CLO_0007379,CL_1001606,CL_0000312,UBERON_0001332,UBERON_0005084,BTO_0005481,BTO_0000708,CL_1001606,BTO_0005481,-,CL_1001606
Adipose_Derived_Mesenchymal_Stem_Cell_Cultured_Cells,CT,-,CLO_0002600,CL_0000134,CL_0000134,UBERON_0003104,UBERON_0002079,-,BTO_0001067,CL_0002570,BTO_0003298,-,CL_0002570
Cardiomyo_6,CT,-,CLO:0000097,CL_0002494,CL:0000746,UBERON_0000948,UBERON:0000948,BTO_0003324,BTO:0002495,CL_0000746,BTO_0001940,-,CL_0000746
normal_lung_fibroblasts,CT,-,CLO_0007328,CL_0002553,CL_0000057,UBERON_0002048,UBERON_0002048,BTO_0000764,BTO_0001114,CL_0002553,BTO_0000764,-,CL_0002553
CD14+CD16+ Monocytes donor3,CT,-,CLO_0051838,CL_0002397,CL_0002051,UBERON_0000178,UBERON_0000178,-,BTO_0000759,PR_000001483,BTO_0000876,-,PR_000001483
Olfactory epithelial cells donor2,CT,-,CLO_0050464,CL_0002167,CL_0000205,UBERON_0002268,UBERON_0000402,-,BTO_0004410,CL_0002167,BTO_0000108,-,CL_0002167
CD14+ monocytes - treated with Trehalose dimycolate (TDM) donor2,CT,-,CLO_0051480,CL_0001054,CL_0000860,UBERON_0000178,UBERON_0001981,BTO_0000876,BTO_0000396,-,BTO_0000877,-,-
leukemia,CT,-,CLO_0005671,CL_0000988,CL_0000562,UBERON_0000178,UBERON_0002384,BTO_0001271,BTO_0000759,PR_000001836,BTO_0001271,-,PR_000001836
CD4 Naive Primary 8pool,CT,-,CLO_0035871,CL_0000895,CL_0000900,UBERON_0002370,UBERON_0000178,-,BTO_0000729,CL_0000788,BTO_0001413,-,CL_0000898
Human Primordial Germ Cell,CT,-,-,CL_0000670,CL_0000672,UBERON_0000991,UBERON_0002312,-,BTO_0001147,CL_0000670,BTO_0000535,-,CL_0000670
primary_erythroblasts,CT,-,CLO_0004323,CL_0000765,CL_0000765,UBERON_0002371,UBERON_0008237,BTO_0001571,BTO_0000199,CL_0000765,BTO_0001571,-,CL_0000765
lung_fibroblasts,CT,-,CLO_0050095,CL_0002553,CL_0000057,UBERON_0002048,UBERON_0002048,BTO_0000764,BTO_0000759,CL_0002553,BTO_0000764,-,CL_0002553
ES derived mesoderm_day2,CT,-,CLO_0007721,CL_0000222,CL_0000546,UBERON_0000926,UBERON_0004128,-,BTO_0002769,UBERON_0000926,BTO_0000839,-,UBERON_0000926
CHLA-25,CT,-,CLO_0050826,CL_0001035,CL:NA,UBERON_0002481,UBERON:NA,-,BTO:NA,UBERON_2000980,BTO_0006383,-,CL_0000726
Smooth Muscle Cells - Brachiocephalic donor3,CT,-,CLO_0050843,CL_0002589,CL_0000192,UBERON_0011368,UBERON_0002071,-,BTO_0000639,UBERON_0011368,BTO_0004576,-,CL_0002589
Primary T helper 17 cells PMA-I stimulated,CT,-,-,CL_0000899,CL_0000899,UBERON_0002405,-,BTO_0005655,-,UBERON_2005088,BTO_0001413,-,CL_0000899
melanocytes_BRAFV600E,CT,-,CLO_0008111,CL_0000148,CL_0000158,UBERON_0001003,UBERON_0002048,BTO_0000847,BTO_0005313,CL_0000148,BTO_0000847,-,CL_0000148
Pericytes_C,CT,-,CLO_0050843,CL_0000669,CL_0000669,UBERON_0002384,UBERON_0004549,BTO_0002441,BTO_0004251,CL_0000669,BTO_0002441,-,CL_0000669
Foreskin keratinocyte,CT,-,CLO_0003835,CL_1001606,CL_0000312,UBERON_0001332,UBERON_0001756,BTO_0005481,BTO_0000706,CL_1001606,BTO_0005481,-,CL_1001606
CD14+ monocytes - mock treated donor3,CT,-,CLO_0037307,CL_0001054,CL_0000860,UBERON_0000178,UBERON_0018220,BTO_0000876,BTO_0001427,CL_0000576,BTO_0000876,-,CL_0000576
Smooth Muscle Cells - Brain Vascular donor1,CT,-,CLO_0002618,CL_0002590,CL_0000192,UBERON_0008998,UBERON_0000955,BTO_0004578,BTO_0000562,UBERON_0004237,BTO_0004578,-,CL_0000359
Muscle_Satellite_Cultured_Cells,CT,-,CLO_0020255,CL_0000594,CL_0000632,UBERON_0001134,UBERON_0001134,BTO_0005787,BTO_0001109,UBERON_8440028,BTO_0002314,-,CL_0000594
eosinophil (VB),CT,-,CLO_0000568,CL_0000771,CL_0000771,UBERON_0000178,UBERON_0002397,BTO_0000399,BTO_0000308,PATO_0002418,BTO_0000399,-,CL_0000771
CD4_TH1,CT,-,CLO_0000180,CL_0000545,CL_0000895,UBERON_0002405,UBERON_0000000,BTO_0001678,BTO_0000000,PR_000001004,BTO_0001678,-,CL_0000545
Matrix_Fibrob_1_C,CT,-,CLO_0000814,CL_0000057,CL_0000057,UBERON_0002384,UBERON_0002398,BTO_0000452,BTO_0001285,UBERON_0011901,BTO_0004592,-,GO_0031012
leukophereses_p411,CT,-,CLO_0000182,CL_0000738,CL_0000863,UBERON_0000178,UBERON_0013756,BTO_0000751,BTO_0000355,CL_0000738,BTO_0000751,-,CL_0000738
CD34_Progenitors_R2,CT,-,CLO_0032029,CL_0000038,CL_0000980,UBERON_0002371,UBERON_0001751,BTO_0004911,BTO_0006501,CL_0011026,BTO_0004092,-,CL_0011026
T_cell_B,CT,-,CLO_0000917,CL_0000084,CL_0000084,UBERON_0000178,UBERON_0002048,BTO_0000782,BTO_0000965,CL_0000236,-,-,CL_0000236
primary-epidermal-keratinocyte,CT,-,CLO_0000097,CL_0000312,CL_0000312,UBERON_0001003,UBERON_0001003,BTO_0000667,BTO_0002127,CL_0000312,BTO_0000667,-,CL_0000312
ES-derived progenitors Pancreatic Progenitors 1 WT,CT,-,CLO_0009363,CL_0002351,CL_0002062,UBERON_0001264,UBERON_0001264,-,BTO_0001351,CL_0011026,BTO_0004092,-,CL_0011026
Astrocyte - cerebral cortex donor3,CT,-,CLO_0000426,CL_0002605,CL_0000127,UBERON_0000956,UBERON_0001851,-,BTO_0000132,CL_0002605,BTO_0000233,-,CL_0002605
Fibroblast - skin dystrophia myotonica donor2,CT,-,CLO_0038653,CL_0002620,CL_0000057,UBERON_0001003,UBERON_0002097,BTO_0001255,BTO_0001109,CL_0002620,BTO_0001255,-,CL_0002620
hNSC,CT,-,CLO_0051562,CL_0000047,CL_0000034,UBERON_0001016,UBERON_0010316,BTO_0002881,BTO_0001082,-,BTO_0004589,-,CL_0000047
Osteobl,CT,-,CLO_0052038,CL_0000062,CL_0000144,UBERON_0002481,UBERON_0001093,BTO_0001593,BTO_0001163,CL_0000062,BTO_0001593,-,CL_0000062
CLP_1_healthy,CT,-,CLO_0000227,CL_0000051,CL_0000236,UBERON_0002371,UBERON_0000178,BTO_0004731,BTO_0009110,-,-,-,PR_000001860
mesenchymal precursor cell - cardiac donor4,CT,-,CLO_0007805,CL_0000134,CL_0008051,UBERON_0000948,UBERON_0000948,BTO_0003298,BTO_0006225,CL_0000569,BTO_0002625,-,CL_0000569
Syn_vil_cytoTrophobs_5,CT,-,CLO_0002971,CL_0000034,CL_0000988,UBERON_0001987,UBERON_0000923,-,BTO_0003062,CL_2000060,BTO_0006119,-,CL_2000060
ccRCC,CT,-,CLO_0050840,CL_1000497,CL_0009001,UBERON_0002113,UBERON_0001264,BTO_0002787,BTO_0002175,PR_000001199,BTO_0000736,-,PR_000001254
NHEK_M,CT,-,CLO_0034291,CL_0000312,CL_0002133,UBERON_0001003,UBERON_0000000,BTO_0003182,BTO_0003579,UBERON_8490049,BTO_0003182,-,CL_0003049
neuroepithelial_stem_cell,CT,-,CLO_0007693,CL_0002259,CL_0007016,UBERON_0001016,UBERON_0010315,BTO_0004301,BTO_0004773,UBERON_0034705,BTO_0004301,-,CL_0002259
Synoviocyte donor3,CT,-,CLO_0035774,CL_0000214,CL_0002100,UBERON_0003668,UBERON_0002240,BTO_0003742,BTO_0001013,CL_0000214,BTO_0003742,-,CL_0000214
PAAD,CT,-,CLO_0002362,CL_0002079,CL_2000008,UBERON_0007329,UBERON_0002110,BTO_0003081,BTO_0003014,UBERON_0004363,BTO_0000444,-,UBERON_0004363
MPP_frozen_BM0828,CT,-,CLO_0000114,CL_0000837,CL_0000554,UBERON_0002371,UBERON_0002371,-,BTO_0000759,CL_0000837,-,-,CL_0000837
Ciliated_cells_B,CT,-,CLO_0000292,CL_0000064,CL_0000200,UBERON_0002048,UBERON_0004813,-,BTO_0004990,CL_0000064,BTO_0005589,-,CL_0000064
epidermal_keratinocytes,CT,-,CLO_0001031,CL_0000312,CL_0002451,UBERON_0001003,UBERON_0013702,BTO_0000667,BTO_0000184,CL_0000312,BTO_0000667,-,CL_0000312
Mesenchymal Stem Cell Derived Chondrocyte Cultured Cells,CT,-,CLO_0032065,CL_0000138,CL_0000138,UBERON_0002418,UBERON_0002330,BTO_0000249,BTO_0002699,CL_0000134,BTO_0003298,-,CL_0000134
CD14+ monocytes - treated with B-glucan donor1,CT,-,CLO_0050844,CL_0001054,CL_0000860,UBERON_0000178,UBERON_0000178,BTO_0000876,BTO_0000759,CHEBI_37163,BTO_0001731,-,GO_0009250
CD4+_CD25-_Th_Primary_Cells,CT,-,CLO_0050853,CL_0000492,CL_0000624,UBERON_0002405,UBERON_0000468,BTO_0001678,BTO_0001579,PR_000001380,BTO_0001413,-,PR_000001380
fibroblast_384,CT,-,CLO_0002502,CL_0000057,CL_0000057,UBERON_0002384,UBERON_0003174,BTO_0000452,BTO_0000487,CL_0000057,BTO_0000452,-,CL_0000057
meningioma_4,CT,-,CLO_0001268,CL_4023097,CL_0000000,UBERON_0003548,UBERON_0000000,BTO_0001756,BTO_0002096,UBERON_0010743,BTO_0001756,-,UBERON_0010743
HAEC,CT,-,CLO_0050822,CL_0002544,CL_0002139,UBERON_0004851,UBERON_0002421,BTO_0004602,BTO_0005177,UBERON_0013119,BTO_0005571,-,CL_0002138
FL CD34+CD38-/lowCD90+ HSPC,CT,-,CLO_0050846,CL_0000837,CL_0000037,UBERON_0002371,UBERON_0010247,-,BTO_0002461,PR_000001408,BTO_0003130,-,PR_000001408
Adipose_Nuclei,CT,-,CLO_0002362,CL_0000136,CL_0000192,UBERON_0001013,UBERON_0003107,-,BTO_0000707,CL_0000136,BTO_0001487,-,CL_0000136
Treg2_t-infiltrating,CT,-,CLO_0000492,CL_0000815,CL_0000814,UBERON_0002405,UBERON_0000178,BTO_0004520,BTO_0002098,GO_0097205,BTO_0006164,-,GO_0097205
icn12,CT,-,CLO_0007639,CL_0000817,CL_0009026,UBERON_0002371,UBERON_0001062,-,BTO_0000645,-,-,-,PR_000001860
HPV+ HNSCC_SCC-090,CT,-,CLO_0001913,CL_0000076,CL_0000000,UBERON_0012180,UBERON_0000000,-,BTO_0005899,-,BTO_0004438,-,-
RPE1-interphase,CT,-,CLO_0050851,CL_0002586,CL_0000212,UBERON_0000966,UBERON_0015228,BTO_0004910,BTO_0004485,UBERON_0006658,BTO_0004790,-,UBERON_0006658
Club_D,CT,-,CLO_0051461,CL_0000158,CL_0000161,UBERON_0002048,UBERON_0036077,-,BTO_0001508,CL_0000158,-,-,CL_0000158
CD14+ monocytes - treated with Candida donor2,CT,-,CLO_0037271,CL_0001054,CL_0000873,UBERON_0000178,UBERON_0000468,BTO_0000876,BTO_0002151,CL_0000576,BTO_0000876,-,CL_0000576
Dendritic Cells - monocyte immature derived donor1 tech_rep2,CT,-,CLO_0050851,CL_0000451,CL_0000451,UBERON_0002405,UBERON_0000467,BTO_0002042,BTO_0000638,PATO_0002045,BTO_0002900,-,CL_0001009
GBM22,CT,CLO_0003456,CLO_0051516,CL_0000125,CL_0000007,UBERON_0000955,UBERON_0000955,-,BTO_0000759,-,BTO_0002197,-,-
tamoxifen_EC1,CT,-,CLO_0013647,CL_0002149,CL_0000000,UBERON_0001295,UBERON_0000000,-,BTO_0002130,-,-,-,PR_000001931
Ciliated_cells_A,CT,-,CLO_0051065,CL_0000064,CL_0000061,UBERON_0002048,UBERON_0001841,-,BTO_0000751,CL_0000064,BTO_0005589,-,CL_0000064
chorionic membrane cells donor3,CT,-,CLO_0052506,-,CL_0000040,UBERON_0003124,UBERON_0000309,-,BTO_0000243,UBERON_0003124,BTO_0000807,-,UBERON_0003124
H9-derived_neuroectoderm_cells,CT,-,CLO_0037293,CL_0002319,CL_0008039,-,UBERON_0002046,-,BTO_0004929,UBERON_0002346,BTO_0005120,-,UBERON_0002346
T_cell_D,CT,-,CLO_0000983,CL_0000084,CL_0000084,UBERON_0000178,UBERON_0002349,BTO_0000782,BTO_0005472,CL_0000502,-,-,CL_0000502
HUES64 derived CD56+ mesoderm,CT,-,CLO_0003191,CL_0000222,CL_0000855,UBERON_0000926,UBERON_0000926,-,BTO_0002755,UBERON_0000926,BTO_0000839,-,UBERON_0000926
MPAL4_T1_3,CT,-,CLO_0000074,CL_0000988,CL_0000740,UBERON_0000178,UBERON_0000000,-,BTO_0000697,UBERON_6003020,BTO_0006566,-,CL_0000958
CD4_M_1_healthy,CT,-,CLO_0000238,CL_0000492,CL_0000624,UBERON_0002405,UBERON_0000178,BTO_0001678,BTO_0000968,PR_000001004,BTO_0003600,-,PR_000001004
mesenchymal-stem-cell,CT,-,CLO_0007041,CL_0000134,CL_0000134,UBERON_0003104,UBERON_0004745,BTO_0003298,BTO_0000653,CL_0000134,BTO_0003298,-,CL_0000134
ES-derived progenitors_DE FOXA2 -/-,CT,-,CLO_0018111,CL_0011026,CL_2000032,-,UBERON_0000000,-,BTO_0003237,CL_0011026,BTO_0004092,-,CL_0011026
Mast cell donor2,CT,-,CLO_0000427,CL_0000097,CL_0000097,UBERON_0002405,UBERON_0002369,BTO_0000830,BTO_0000533,CL_2000020,BTO_0000830,-,CL_0000097
Adipocyte - perirenal donor1,CT,-,CLO_0051563,CL_0002616,CL_0000138,UBERON_0005406,UBERON_0001383,-,BTO_0000743,CL_0002616,BTO_0005945,-,CL_0002616
B (PB),CT,-,CLO_0000090,CL_0000236,CL_0000238,UBERON_0000178,UBERON_0000178,BTO_0000776,BTO_0000581,CL_0002246,-,-,CL_0000236
Primary natural killer cells (from PB),CT,-,CLO_0000224,CL_0000623,CL_0000623,UBERON_0000178,UBERON_0000178,BTO_0000914,BTO_0000724,CL_0000623,BTO_0000914,-,CL_0000623
CD4+ cells_CTCL1181,CT,-,CLO_0000432,CL_0000492,CL_0000624,UBERON_0002405,UBERON_0002371,BTO_0002417,BTO_0001236,PR_000001004,-,-,PR_000001256
ES derived primitive cardiomyocite_day15,CT,-,CLO_0008545,CL_0000513,CL_0000746,UBERON_0000948,UBERON_0003080,BTO_0003324,BTO_0001124,CL_0000746,BTO_0003324,-,CL_0002249
CD8-positive-alpha-beta-T-cell,CT,-,CLO_0050845,CL_0000625,CL_0000624,UBERON_0002405,UBERON_0008953,BTO_0000289,BTO_0001924,GO_2000228,BTO_0006295,-,GO_0043372
Vascular_endothelial_heart,CT,-,CLO_0036951,CL_0010008,CL_0002618,UBERON_0000948,UBERON_0000955,-,BTO_0001201,CL_0002139,BTO_0001854,-,CL_0002139
HUAEC_WT,CT,-,CLO_0006945,CL_2000052,CL_0002544,UBERON_0007778,UBERON_0001981,BTO_0004295,BTO_0001949,-,BTO_0003564,-,-
Astro_Oligodendro_cerebrum_4,CT,-,CLO_0050851,CL_0000125,CL_0000125,UBERON_0000955,UBERON_0000956,-,BTO_0004765,CL_0000128,BTO_0000962,-,CL_0000128
tamoxifen_EC7,CT,-,CLO_0008495,CL_0002149,CL_0000486,UBERON_0001295,UBERON_0000178,-,BTO_0003307,-,-,-,-
meningioma_6,CT,-,CLO_0050914,CL_4023097,CL_2000047,UBERON_0003548,UBERON_0008897,BTO_0001756,BTO_0000335,UBERON_0010743,BTO_0001756,-,UBERON_0010743
Skin Fibroblast_Nutlin3A,CT,-,CLO_0002522,CL_0002620,CL_0000057,UBERON_0002067,UBERON_0000000,BTO_0001255,BTO_0003542,CL_0002620,BTO_0001255,-,CL_0002620
naive B (VB),CT,-,CLO_0050854,CL_0000788,CL_0000788,UBERON_0000178,UBERON_0000029,-,BTO_0000656,CL_0000788,BTO_0005871,-,CL_0000788
AML11,CT,-,CLO_0007309,CL_0000763,CL_0000584,UBERON_0000178,UBERON_0002398,-,BTO_0000058,-,BTO_0003449,-,-
normal_epidermal_keratinocytes,CT,-,CLO_0000111,CL_0000312,CL_0000312,UBERON_0001003,UBERON_0001003,BTO_0000667,BTO_0000661,CL_0000362,BTO_0001470,-,CL_0000362
Endothelial Cells - Vein donor1,CT,-,CLO_0002615,CL_0002543,CL_0000115,UBERON_0001638,UBERON_0001638,-,BTO_0001309,CL_0002543,BTO_0001176,-,CL_0002543
HSPC-derived late erythroid precursors,CT,-,CLO_0007251,CL_0000038,CL_0000048,UBERON_0002371,UBERON_0000178,BTO_0004911,BTO_0003842,CL_0011115,BTO_0002731,-,CL_0002355
LSEC,CT,-,CLO_0020206,CL_1000398,CL_2000044,UBERON_0002107,UBERON_0001975,-,BTO_0001884,CL_1000398,BTO_0006510,-,CL_1000398
melanoma,CT,-,CLO_0003645,CL_0000148,CL_0000148,UBERON_0001003,UBERON_0002097,BTO_0000848,BTO_0000188,CL_0000148,BTO_0000848,-,CL_0002566
CD4p CD25- CD45RAp Naive,CT,-,CLO_0000238,CL_0000898,CL_0000895,UBERON_0002370,UBERON_0000029,-,BTO_0000759,PR_000001015,-,-,PR_000001015
Trabecular Meshwork Cells donor1,CT,-,CLO_0001627,CL_0002367,CL_0000217,UBERON_0005969,UBERON_0000957,-,BTO_0004249,CL_0002367,BTO_0002501,-,CL_0002367
PDAC_SHCTR,CT,-,CLO_0038337,CL_0000083,CL_0002092,UBERON_0001264,UBERON_0001264,BTO_0003081,BTO_0000955,-,-,-,-
primary-B-cell,CT,-,CLO_0000566,CL_0000236,CL_0000945,UBERON_0000178,UBERON_0000000,BTO_0000776,BTO_0001134,UBERON_0005620,BTO_0001413,-,CL_0000001
Olfactory epithelial cells donor1,CT,-,CLO_0037304,CL_0002167,CL_0000208,UBERON_0002268,UBERON_0001633,-,BTO_0004759,CL_0002167,BTO_0000108,-,CL_0002167
hMSCs,CT,-,CLO_0000016,CL_0000134,CL_0000031,UBERON_0002371,UBERON_0000151,BTO_0003298,BTO_0000835,NCBITAXON_6447,-,-,PR_P21757
Inhibitory_neur_cerebrum_2,CT,-,CLO_0037276,CL_0000540,CL_0000099,UBERON_0000955,UBERON_0000956,-,BTO_0003101,CHEBI_35222,BTO_0003869,-,CL_0008015
Th17-cells,CT,-,CLO_0000831,CL_0000899,CL_0002109,UBERON_0002405,UBERON_0002048,BTO_0005655,BTO_0005122,UBERON_2000878,BTO_0005655,-,CL_0000899
PRAD,CT,-,CLO_0008996,CL_0002231,CL_0002327,UBERON_0002367,UBERON_0002367,BTO_0002021,BTO_0001497,UBERON_2005049,BTO_0002443,-,-
monocyte,CT,-,CLO_0050857,CL_0000576,CL_0000576,UBERON_0000178,UBERON_0002381,BTO_0000876,BTO_0000789,CL_0000576,BTO_0000876,-,CL_0000576
monocyte_VB,CT,-,CLO_0000077,CL_0000576,CL_0000860,UBERON_0000178,UBERON_0000022,BTO_0000876,BTO_0000962,CL_0000576,BTO_0000876,-,CL_0000576
CD14_INFG_LPS,CT,-,CLO_0034497,CL_0001054,CL_0000896,UBERON_0000178,UBERON_0001528,BTO_0000876,BTO_0002006,PR_000001889,-,-,PR_000001889
GBM10,CT,CLO_0003456,CLO_0007844,CL_0000125,CL_0000000,UBERON_0000955,UBERON_0000000,-,BTO_0000184,-,BTO_0002965,-,CL_0003043
Macrophage - monocyte derived donor3,CT,-,CLO_0000579,CL_0000235,CL_0000235,UBERON_0000178,UBERON_0002384,BTO_0000801,BTO_0000759,CL_0000235,BTO_0000801,-,CL_0000235
B_cell_blood,CT,-,CLO_0000947,CL_0000236,CL_0000236,UBERON_0000178,UBERON_0000178,BTO_0000776,BTO_0000229,CL_0000081,BTO_0000089,-,CL_0000081
Foreskin Keratinocyte Primary Cells skin02,CT,-,CLO_0006362,CL_1001606,CL_0000312,UBERON_0001332,UBERON_0000989,BTO_0005481,BTO_0000129,CL_1001606,BTO_0005481,-,CL_1001606
Cheek Cell,CT,-,CLO_0031567,CL_0002336,CL_1001607,UBERON_0006956,UBERON_0000325,-,BTO_0000978,UBERON_0001567,BTO_0001754,-,UBERON_0001443
endometrium cancer_DSG,CT,-,CLO_0002384,CL_0002149,CL_0000030,UBERON_0001295,UBERON_0001295,-,BTO_0000384,UBERON_0001295,BTO_0001555,-,UBERON_0001295
Cardiac Progenitor Cell,CT,-,CLO_0011025,CL_0011026,CL_0002494,UBERON_0000948,UBERON_0003979,-,BTO_0002825,CL_0000513,BTO_0004092,-,CL_0000513
mesenchymal stem cell,CT,-,CLO_0000031,CL_0000134,CL_0000134,UBERON_0003104,UBERON_0010731,BTO_0003298,BTO_0001069,CL_0000134,BTO_0003298,-,CL_0000134
iPSC-derived_cardiomyocytes,CT,-,CLO_0034609,CL_0002494,CL_0002118,UBERON_0000948,UBERON_0000948,BTO_0003324,BTO_0002791,CL_0000746,BTO_0003324,-,CL_0000746
primary_breast_cancer,CT,-,CLO_0008000,CL_0002327,CL_0002328,UBERON_0000310,UBERON_0000310,BTO_0000150,BTO_0000586,UBERON_0000310,BTO_0000150,-,UBERON_0000310
GBM38,CT,CLO_0003456,CLO_0000242,CL_0000125,CL_0000000,UBERON_0000955,UBERON_0000000,-,BTO_0001406,-,-,-,PR_000001408
CD14_Primary_Cells,CT,-,CLO_0000189,CL_0001054,CL_0000894,UBERON_0000178,UBERON_0000178,-,BTO_0000560,PR_000001889,BTO_0001413,-,PR_000001889
ENS_neur_intestine,CT,-,CLO_0007872,CL_0000540,CL_0000125,UBERON_0000160,UBERON_0001193,-,BTO_0003126,UBERON_0000160,BTO_0000648,-,UBERON_0000160
750N,CT,-,CLO_0002838,CL_1000497,CL_0000000,UBERON_0002113,UBERON_0000000,-,BTO_0002336,-,-,-,-
purified primary alveolar epithelial type 2 cells,CT,-,CLO_0050847,CL_0002063,CL_0002063,UBERON_0002299,UBERON_0001826,BTO_0000538,BTO_0002754,CL_0002063,BTO_0005760,-,CL_0002063
mesenchymal precursor cell - ovarian cancer right ovary donor3 (SOC-57-02),CT,-,CLO_0007747,CL_0000134,CL_0008018,UBERON_0000992,UBERON_0000993,BTO_0003298,BTO_0002750,UBERON_0002118,BTO_0001023,-,UBERON_0002118
acute_promyelocytic_leukemia_blasts,CT,-,CLO_0003673,CL_0000763,CL_0000749,UBERON_0000178,UBERON_0010014,BTO_0004585,BTO_0000103,PR_000016043,BTO_0004585,-,PR_000014362
Lymphoid_intestine_1,CT,-,CLO_10007,CL_0000542,CL_0010016,UBERON_0000160,UBERON_0002110,-,BTO_0000931,UBERON_0000160,BTO_0001586,-,UBERON_0000160
MPAL5_R1_1,CT,-,CLO_0034452,CL_0000988,CL_0000066,UBERON_0000178,UBERON_0000102,-,BTO_0000856,UBERON_0005499,BTO_0004500,-,UBERON_0005499
Pt22_leukemia cell_THZ1,CT,-,CLO_0001079,CL_0000738,CL_0000632,UBERON_0000178,UBERON_0002048,BTO_0001271,BTO_0006390,PR_000001836,BTO_0001271,-,PR_000001836
Inhib_neur_cerebrum_3,CT,-,CLO_0031238,CL_0000540,CL_0000066,UBERON_0000955,UBERON_0000956,-,BTO_0006471,UBERON_0001893,BTO_0003868,-,UBERON_0001893
Myoblast donor2,CT,-,CLO_0000051,CL_0000056,CL_0000056,UBERON_0005090,UBERON_0001630,BTO_0000222,BTO_0000018,CL_0000056,BTO_0000222,-,CL_0000056
breast_mrnahist,CT,-,CLO_0051478,-,CL_0000188,UBERON_0000310,UBERON_0000310,BTO_0000150,BTO_0000184,UBERON_0000310,BTO_0000149,-,UBERON_0000310
mesenchymal precursor cell - adipose donor2,CT,-,CLO_0050843,CL_0000134,CL_0001020,UBERON_0001013,UBERON_0001013,BTO_0003298,BTO_0002750,CL_0002570,BTO_0002625,-,CL_0002570
Embryonic Blood Cells,CT,-,CLO_0050845,CL_0000988,CL_0000057,UBERON_0000178,UBERON_0015222,-,BTO_0005170,UBERON_0008816,BTO_0000381,-,CL_0002322
Memory_CD4_T,CT,-,CLO_0000238,CL_0000897,CL_0000903,UBERON_0002405,UBERON_0000029,-,BTO_0001183,GO_0007613,BTO_0003435,-,GO_0007613
normal plasma cell,CT,-,CLO_0000238,CL_0000786,CL_0000786,UBERON_0002405,UBERON_0000178,BTO_0000392,BTO_0001827,CL_0000786,BTO_0000392,-,CL_0000786
ENS_neur_stomach,CT,-,CLO_0000362,CL_0000540,CL_0000540,UBERON_0000945,UBERON_0000945,-,BTO_0000717,UBERON_0000945,BTO_0001307,-,UBERON_0000945
meningioma_1,CT,-,CLO_0051564,CL_4023097,CL_0000019,UBERON_0003548,UBERON_0002058,BTO_0001756,BTO_0000277,UBERON_0010743,BTO_0001756,-,UBERON_0010743
Peripheral blood,CT,-,CLO_0000182,CL_0000081,CL_0000081,UBERON_0000178,UBERON_0000178,BTO_0003494,BTO_0000178,CL_0002246,BTO_0000553,-,CL_0002246
MPAL4_T1_1,CT,-,CLO_0030602,CL_0000988,CL_0002328,UBERON_0000178,UBERON_0000475,-,BTO_0002999,UBERON_6003020,BTO_0006566,-,CL_0000958
Mantle Cell Lymphoma (MCL),CT,-,CLO_0008031,CL_0000236,CL_0000989,UBERON_0000178,UBERON_0000029,BTO_0004472,BTO_0002607,UBERON_0006575,BTO_0004472,-,CL_0009037
CD133+,CT,-,CLO_0008112,CL_0000037,CL_0000036,UBERON_0002371,UBERON_0004535,-,BTO_0001123,PR_000001786,BTO_0001889,-,PR_000001786
rhabdomyosarcoma,CT,-,CLO_0007982,CL_0000187,CL_0002329,UBERON_0005090,UBERON_0001990,BTO_0001802,BTO_0005735,NCBITAXON_2301116,BTO_0001802,-,NCBITAXON_2301116
human_villous_mesenchymal_fibroblast_cells,CT,-,CLO_0031388,CL_0002558,CL_0002568,UBERON_0003104,UBERON_0001193,-,BTO_0004759,UBERON_8600039,BTO_0005003,-,CL_0002558
CD8+ T Cells donor3,CT,-,CLO_0037297,CL_0000625,CL_0000625,UBERON_0002405,UBERON_0002391,BTO_0000289,BTO_0000137,CHEBI_17891,BTO_0000354,-,CL_0000811
MyoFibrob_E,CT,-,CLO_0002545,CL_0000186,CL_0000363,UBERON_0002384,UBERON_0001981,BTO_0001946,BTO_0001479,CL_0002372,BTO_0001946,-,CL_0000186
Fibroblast - Dermal donor5,CT,-,CLO_0002556,CL_0002551,CL_0000057,UBERON_0002067,UBERON_0002423,BTO_0004419,BTO_0000184,CL_0002551,BTO_0004419,-,CL_0002551
peripheral blood monocyte-derived SC cells,CT,-,CLO_0000733,CL_0000576,CL_2000005,UBERON_0000178,UBERON_0000178,BTO_0000876,BTO_0000759,CL_0002246,BTO_0003494,-,CL_4030030
Th1_t-infiltrating,CT,-,-,CL_0000545,CL_0000897,UBERON_0002405,-,BTO_0001678,BTO_0002066,GO_0097205,BTO_0006164,-,GO_0097205
MM074_Primary_Melanoma,CT,-,CLO_0000918,CL_0000148,CL_0000143,UBERON_0001003,UBERON_0002097,-,BTO_0002728,CL_0000148,BTO_0000848,-,CL_0002566
Osteoblast Primary Cells,CT,-,CLO_0001063,CL_0000062,CL_0000062,UBERON_0002481,UBERON_0002175,BTO_0001593,BTO_0000127,CL_0000062,BTO_0001593,-,CL_0000062
BI_CD4p_CD25-_CD45ROp_Memory,CT,-,CLO_0050859,CL_0001204,CL_0000900,UBERON_0002405,UBERON_0000468,-,BTO_0000535,PR_000050216,-,-,PR_000001017
Mesenchymal Stem Cells - hepatic donor2,CT,-,CLO_0007643,CL_0000134,CL_0000134,UBERON_0002107,UBERON_0002107,BTO_0003298,BTO_0001061,CL_0002571,BTO_0003298,-,CL_0002571
CD14-positive_monocyte,CT,-,-,CL_0001054,CL_0000860,UBERON_0000178,-,BTO_0000876,BTO_0000562,CL_0001054,BTO_0000876,-,CL_0001054
monocyte-derived dendritic cells_0h,CT,-,CLO_0000238,CL_0000451,CL_0000451,UBERON_0002405,UBERON_0001950,BTO_0002042,BTO_0003449,PATO_0002045,BTO_0002900,-,CL_0011031
pro_B,CT,-,CLO_0001288,CL_0000826,CL_0001070,UBERON_0002371,UBERON_0000180,BTO_0003104,BTO_0005085,CL_0002045,BTO_0004186,-,CL_0002045
Foreskin_keratinocyte,CT,-,CLO_0036677,CL_1001606,CL_0000312,UBERON_0001332,UBERON_0001164,BTO_0005481,BTO_0001427,CL_1001606,BTO_0005481,-,CL_1001606
Capillary_1_G,CT,-,CLO_0002693,CL_0002144,CL_0002060,UBERON_0001915,UBERON_0001980,BTO_0004956,BTO_0000759,UBERON_0001982,BTO_0002045,-,UBERON_0001982
BI_CD4_Memory_Primary_7pool,CT,-,CLO_0050841,CL_0000897,CL_0000907,UBERON_0002405,UBERON_0000000,-,BTO_0002722,GO_0007613,BTO_0001413,-,GO_0007613
lymphoblast,CT,-,CLO_0000218,CL_0017005,CL_0000876,UBERON_0000178,UBERON_0002513,BTO_0000772,BTO_0000759,CL_0005020,BTO_0000772,-,CL_0017005
CD14+ monocytes - treated with Cryptococcus donor1,CT,-,CLO_0050846,CL_0001054,CL_0000860,UBERON_0000178,UBERON_0018221,BTO_0000876,BTO_0000871,NCBITAXON_6209,BTO_0000305,-,CL_0000849
foreskin_melanocyte_2,CT,-,CLO_0050852,CL_2000045,CL_0000139,UBERON_0001332,UBERON_0001445,BTO_0005457,BTO_0005672,CL_2000045,BTO_0005457,-,CL_2000045
HBEC_2,CT,-,CLO_0050846,CL_0010003,CL_0000057,UBERON_0002299,UBERON_0001627,-,BTO_0002488,UBERON_2007004,BTO_0004603,-,PR_Q8NFU0
dermal_fibroblast,CT,-,CLO_0002551,CL_0002551,CL_0000057,UBERON_0002067,UBERON_0002047,BTO_0004419,BTO_0004275,CL_0002551,BTO_0004419,-,CL_0002551
mesenchymal precursor cell - ovarian cancer left ovary donor3,CT,-,CLO_0051526,CL_0000134,CL_0008030,UBERON_0000992,UBERON_0000992,BTO_0003298,BTO_0002612,UBERON_0002119,BTO_0001023,-,UBERON_0002119
aortic valve interstitial cells,CT,-,CLO_0037043,CL_4030032,CL_0002572,UBERON_0002137,UBERON_0002154,-,BTO_0005301,CL_4030032,BTO_0004238,-,CL_4030032
PK-LCLs,CT,-,CLO_0003579,CL_0017005,CL_0000049,UBERON_0000178,UBERON_0000468,-,BTO_0001067,CL_0000453,BTO_0006531,-,-
CD34_cells_DMSO,CT,-,CLO_0000049,CL_0000037,CL_0000944,UBERON_0002371,UBERON_0000071,BTO_0000725,BTO_0002723,PR_000001003,BTO_0005668,-,PR_000001003
pulmonary arterial smooth muscle cells_PAH1_sictrl,CT,-,CLO_0008099,CL_0002591,CL_0000747,UBERON_0002111,UBERON_0002081,BTO_0003336,BTO_0000462,CL_0002591,BTO_0003336,-,CL_0002591
neural_progenitors,CT,-,CLO_0050841,CL_0011020,CL_0001032,UBERON_0001016,UBERON_0001015,-,BTO_1001822,CL_0011026,BTO_0004092,-,CL_0011020
MDP,CT,-,CLO_0000433,CL_0002009,CL_0000546,UBERON_0002371,UBERON_0004550,-,BTO_0000235,CL_0002009,-,-,CL_0002009
Purified AT2 cells,CT,-,CLO_0050841,CL_0002063,CL_0002062,UBERON_0002299,UBERON_0000153,BTO_0000538,BTO_0003925,PATO_0000402,BTO_0002074,-,PATO_0000402
amniotic membrane cells donor2,CT,-,CLO_0007375,CL_0002536,CL_0002608,UBERON_0000305,UBERON_0008944,-,BTO_0000009,CL_0002537,BTO_0000110,-,CL_0002537
Capillary_2_C,CT,-,CLO_0000043,CL_0002144,CL_0002060,UBERON_0001915,UBERON_0001980,BTO_0004956,BTO_0000538,UBERON_0001982,BTO_0002045,-,UBERON_0001982
CD4+CD25-CD45RA- memory conventional T cells donor3,CT,-,-,CL_0000813,CL_0000900,UBERON_0002405,UBERON_0000468,-,BTO_0000000,PR_000001015,-,-,PR_000001015
Parietal_and_chief_stomach,CT,-,CLO_0004167,-,CL_0002062,UBERON_0000945,UBERON_0001160,-,BTO_0001143,CL_0000155,BTO_0001307,-,CL_0000155
CD34_cells_ACY957,CT,-,CLO_0000052,CL_0000037,CL_0000891,UBERON_0002371,UBERON_0000468,BTO_0000725,BTO_0001708,PR_000001003,-,-,PR_000001003
T Cell,CT,-,CLO_0050846,CL_0000084,CL_0000084,UBERON_0000178,UBERON_0002043,BTO_0000782,BTO_0000738,CL_0000084,BTO_0006501,-,CL_0000084
LMPP_frozen_BM0828,CT,-,CLO_0000477,CL_0000936,CL_0000842,UBERON_0002371,UBERON_0002391,-,BTO_0002038,CL_0000837,-,-,CL_0000837
Hair Follicle Dermal Papilla Cells donor3,CT,-,CLO_0006812,CL_0000346,CL_0000202,UBERON_0002073,UBERON_0002097,BTO_0005569,BTO_0003588,CL_0000346,BTO_0005569,-,CL_0000346
AT2_D,CT,-,CLO_0009747,CL_0002063,CL_0002063,UBERON_0002299,UBERON_0008950,BTO_0000538,BTO_0002776,CL_0000502,BTO_0004467,-,CL_0000502
CD20,CT,-,CLO_0020341,CL_0000945,CL_0000750,UBERON_0000178,UBERON_0000178,-,BTO_0002432,PR_P19437,BTO_0001930,-,PR_P19437
Lymphoid_placenta,CT,-,CLO_0034303,CL_0000542,CL_0002339,UBERON_0001987,UBERON_0001987,-,BTO_0003372,UBERON_0001987,BTO_0001078,-,UBERON_0001987
hTERT_KD,CT,-,CLO_0007606,CL_0002149,CL:0001034,UBERON_0001295,UBERON:0000000,-,BTO:0000000,-,BTO_0003517,-,-
dopaminergic-neuron,CT,-,CLO_0050844,CL_0000700,CL_0000700,UBERON_0001016,UBERON_0002113,BTO_0004032,BTO_0002356,CL_0000700,BTO_0004032,-,CL_0000700
mid-neurogenesis-radial-glial-cells,CT,-,CLO_0011103,CL_0000125,CL_0000702,UBERON_0001016,UBERON_0016456,-,BTO_0004750,GO_0022008,BTO_0002606,-,GO_0022008
mesenchymal precursor cell - adipose donor3,CT,-,CLO_0005734,CL_0000134,CL_0000134,UBERON_0001013,UBERON_0008955,BTO_0003298,BTO_0001482,CL_0002570,BTO_0002625,-,CL_0002570
Matrix_Fibrob_2_J,CT,-,CLO_0050849,CL_0000057,CL_0000775,UBERON_0002384,UBERON_0002429,BTO_0000452,BTO_0004759,UBERON_0011901,BTO_0004592,-,GO_0031012
retinoblastoma_xenograft,CT,-,CLO_0003201,CL_0009004,CL_0000574,UBERON_0000966,UBERON_0012032,BTO_0001178,BTO_0002970,GO_0060042,BTO_0001178,-,CL_4023129
B Cell,CT,-,CLO_0000231,CL_0000236,CL_0000236,UBERON_0000178,UBERON_0004141,BTO_0000776,BTO_0000259,CL_0000236,-,-,CL_0000236
Ciliated_epithelial_lung,CT,-,CLO_0000353,CL_1000271,CL_1000488,UBERON_0002048,UBERON_0002113,-,BTO_0001493,CL_0000067,BTO_0004299,-,CL_0000067
MPAL1_T1_4,CT,-,CLO_0036359,CL_0000988,CL_0000812,UBERON_0000178,UBERON_0001460,-,BTO_0002861,PR_000016043,BTO_0006566,-,PR_000016043
Intestinal_epithelial_2,CT,-,CLO_0007755,CL_0002563,CL_0002144,UBERON_0001277,UBERON_0000160,BTO_0000003,BTO_0000560,CL_0002563,BTO_0005937,-,CL_0002563
GBM17,CT,CLO_0003456,CLO_0050859,CL_0000125,CL_0000000,UBERON_0000955,UBERON_0000000,-,BTO_0006207,-,BTO_0002104,-,-
Mesenchymal stem cells - adipose donor0,CT,-,CLO_0000124,CL_0000134,CL_0000134,UBERON_0001013,UBERON_0000113,BTO_0003298,BTO_0002725,CL_0002570,BTO_0003298,-,CL_0002570
CD34_cells_FETAL,CT,-,CLO_0001124,CL_0000037,CL_0000031,UBERON_0002371,UBERON_0002379,BTO_0000725,BTO_0001124,PR_000001003,BTO_0001242,-,PR_000001003
EM CD8+ ab T (VB),CT,-,CLO_0020099,CL_0000625,CL_0000815,UBERON_0000178,UBERON_0000467,-,BTO_0002169,-,-,-,CL_0000811
colorectal-cancer,CT,-,CLO_0003669,CL_0011108,CL_0009061,UBERON_0012652,UBERON_0001155,BTO_0001615,BTO_0002182,UBERON_0013067,BTO_0001615,-,UBERON_0001155
HSMM cell derived Skeletal Muscle Myotubes Cells,CT,-,CLO_0000315,CL_0002372,CL_0000188,UBERON_0005090,UBERON_0004477,-,BTO_0001861,CL_0000188,BTO_0004392,-,CL_0000188
Lymphoid_Myeloid_muscle,CT,-,CLO_0000578,-,CL_0000894,UBERON_0005090,UBERON_0001134,-,BTO_0004759,CL_0000763,BTO_0001096,-,CL_0000763
LCL_lymphoblastoid_cell_line,CT,-,CLO_0000163,CL_0017005,CL_0000236,UBERON_0000178,UBERON_0010757,BTO_0000773,BTO_0000702,UBERON_0016392,BTO_0000773,-,CL_0017005
HSPC,CT,-,CLO_0000834,CL_0000837,CL_0000038,UBERON_0002371,UBERON_0002405,-,BTO_0002617,PR_P16150,-,-,PR_P16150
Ciliary Epithelial Cells donor1,CT,-,CLO_0050851,CL_0000067,CL_0000219,UBERON_0007601,UBERON_0000367,-,BTO_0000365,UBERON_0001778,BTO_0001770,-,UBERON_0001778
Adrenoc_5,CT,-,CLO_0007193,CL_0002097,CL_0000182,UBERON_0002369,UBERON_0002369,BTO_0005817,BTO_0000208,CL_0002097,BTO_0006106,-,CL_0002097
Megakaryo_spleen,CT,-,CLO_0000186,CL_0000556,CL_0000557,UBERON_0002106,UBERON_0002106,-,BTO_0001755,UBERON_0002106,BTO_0001281,-,UBERON_0002106
Vascular_endo_spleen,CT,-,CLO_0007222,CL_2000053,CL_0000096,UBERON_0002106,UBERON_0002106,-,BTO_0001235,UBERON_0036301,BTO_0001281,-,UBERON_0036301
HMLER,CT,-,CLO_0003022,CL_0002327,CL_0000182,UBERON_0000310,UBERON_0000473,BTO_0006528,BTO_0002764,-,BTO_0006528,-,PR_000001010
Stromal_placenta_1,CT,-,CLO_0031449,CL_0000499,CL_0002551,UBERON_0001987,UBERON_0001987,-,BTO_0001368,UBERON_0001987,BTO_0001078,-,UBERON_0001987
GMP2mid_LS_BM1137,CT,-,CLO_0050687,CL_0000557,CL_0000236,UBERON_0002371,UBERON_0002371,-,BTO_0003482,-,-,-,-
thymocytes,CT,-,-,CL_0000893,CL_0000829,UBERON_0002370,UBERON_0001256,BTO_0001372,BTO_0001392,CL_0000893,BTO_0001372,-,CL_0000893
JD-LCLs,CT,-,CLO_0011566,CL_0000542,CL_0000236,UBERON_0000178,UBERON_0010753,-,BTO_0001862,CL_0000453,BTO_0006531,-,-
Multipotent Cord Blood Unrestricted Somatic Stem Cells donor2,CT,-,CLO_0000474,CL_0000723,CL_0000037,UBERON_0002331,UBERON_0002398,BTO_0002667,BTO_0002374,CL_0000048,BTO_0002667,-,CL_0000048
Fibroblast - Pulmonary Artery donor1,CT,-,CLO_0002627,CL_0002557,CL_0000057,UBERON_0002012,UBERON_0002084,-,BTO_0001320,CL_0002557,BTO_0000778,-,CL_0002557
Endothelial Cells - Umbilical vein donor2,CT,-,CLO_0002618,CL_0002618,CL_0000115,UBERON_0002066,UBERON_0002062,BTO_0004296,BTO_0001404,CL_0002618,BTO_0004296,-,CL_0002618
CD19_Primary_Cells_Peripheral_UW,CT,-,CLO_0000471,CL_0001201,CL_0000899,UBERON_0000178,UBERON_0000178,-,BTO_0001798,GO_0071944,BTO_0001027,-,GO_0071944
brain_microvascular_endothelial_cell,CT,-,CLO_0002627,CL_2000044,CL_0000115,UBERON_0008339,UBERON_0000012,BTO_0003636,BTO_0001343,CL_2000044,BTO_0003636,-,CL_2000044
CD14_LPS,CT,-,CLO_0051675,CL_0001054,CL_0000896,UBERON_0000178,UBERON_0010751,BTO_0000876,BTO_0001883,PR_000001889,-,-,PR_000001889
CD19+_CD10+_CD44low_CXCR4+_B_cells,CT,-,CLO_0050055,CL_0001201,CL_0000945,UBERON_0000178,UBERON_0000178,-,BTO_0001106,PR_000001898,-,-,PR_000001208
mesenchymal precursor cell - adipose donor1,CT,-,CLO_0002681,CL_0000134,CL_0008041,UBERON_0001013,UBERON_0002385,BTO_0003298,BTO_0002769,CL_0002570,BTO_0002625,-,CL_0002570
Erythrob_heart,CT,-,CLO_0000182,CL_0000765,CL_0000235,UBERON_0000948,UBERON_0000948,BTO_0001571,BTO_0000141,CL_0000232,BTO_0001571,-,CL_0000232
"HSCe_71y_CD34+,CD38-,Lineage-",CT,-,CLO_2000051,CL_0001024,CL_0000037,UBERON_0002371,UBERON_0000178,BTO_0000725,BTO_0001495,-,-,-,-
Capillary_1_I,CT,-,CLO_0050851,CL_0002144,CL_0002064,UBERON_0001915,UBERON_0001980,BTO_0004956,BTO_0000158,UBERON_0001982,BTO_0002045,-,UBERON_0001982
Syn_vil_cytoTrophobs_4,CT,-,CLO_0009197,CL_0000034,CL_0000025,UBERON_0001987,UBERON_0002539,-,BTO_0001429,CL_2000060,BTO_0006119,-,CL_2000060
Fibroblast - Choroid Plexus donor1,CT,-,CLO_0033913,CL_0002549,CL_0000057,UBERON_0001886,UBERON_0001894,-,BTO_0004774,CL_0002549,BTO_0000258,-,CL_0002549
